AIYR,ASER,34367,1
AFDR,AIYR,47626,1
AIYR,ASEL,10255,1
AIYR,AWAR,13871,1
AIYR,AIZR,22454,1
CEPVR,RICR,4653,1
CEPVR,RICL,6760,1
ADAR,CEPVR,398,0
AUAR,CEPVR,2196,0
CEPVR,SIBDR,469,0
CEPVR,RIBR,2488,1
CEPVR,PVR,14056,0
CEPVR,URYVR,1410,0
CEPVR,RMHR,3025,0
ADLL,SAAVL,1893,0
ADLL,AWBL,16934,0
ADLL,AVAL,7452,0
ADLL,ALA,4395,0
ADLL,SMBVL,12051,0
ADLL,AIBL,13660,1
ADLL,AVHR,6582,0
ADLL,AWAL,34216,0
ADLL,ASHL,15382,1
AWCL,CEPVL,1018,0
AVJR,CEPVL,379,0
ALML,CEPVL,6043,1
CEPVL,PVNL,237,0
CEPVL,PVCR,104,0
HSNR,RMDR,549,0
BDUR,HSNR,22330,1
HSNR,PVNL,13450,1
HSNR,RIFR,14903,1
ADLR,ASKR,16452,1
ADLR,AWCR,19648,1
ADLR,SAAVR,3172,0
ADLR,AVHL,4932,1
ADLR,SMBVR,14610,0
ADLR,ASER,15989,1
ADLR,AWBR,15737,1
ADLR,AVFR,1943,0
ADLR,AIBR,11029,1
ADLR,AWAR,17650,1
ADLR,PVPR,2812,0
ADLR,AVDL,4329,1
ADLR,ASHR,11569,1
ASKR,PVQR,38699,1
ASER,ASKR,9288,1
AWCL,AWCR,75414,1
ASIR,AWCR,44463,1
ASGL,AWCR,9446,0
AIAR,AWCR,25093,1
AVAL,AWCR,815,0
AIBR,AWCR,28692,1
ASEL,AWCR,9942,1
AIBL,AWCR,11437,1
ASIL,AWCR,20890,1
AIZR,AWCR,4039,0
ALNR,SIADL,9386,0
SAADL,SIADL,4385,0
DVA,SIADL,15600,0
SIADL,SMBDL,72969,0
SIADL,SIBDL,20078,0
SDQR,SIADL,8709,0
AVHR,SIADL,1727,0
AIZL,SIADL,4064,0
SIADL,SIAVL,16784,0
RIS,SMDDR,50037,1
RIS,SMDVR,25061,1
RIS,SMDVL,21576,1
RIS,RMEV,28574,0
RIML,RIS,7203,1
AVL,RIS,37971,0
RIS,RIVL,5628,0
RIS,SDQL,7255,0
AVKR,RIS,24719,1
AIBL,RIS,1171,0
ALML,SIADR,9991,0
ALNL,SIADR,18448,0
SAADR,SIADR,1844,0
SIADR,SIBDR,18646,0
DVA,SIADR,10539,0
SIADR,SMBDR,101966,0
SDQL,SIADR,3788,0
ADEL,SIADR,3026,1
ASIR,AWCL,21376,1
ASGL,AWCL,6915,0
AIAL,AWCL,15804,1
AVAL,AWCL,1985,0
AWCL,BAGR,4164,1
ASEL,AWCL,27491,1
ASIL,AWCL,44738,1
RIH,RIR,39400,1
RIBR,RIH,12706,1
RIBL,RIH,10356,1
RIAR,RIH,25377,1
RIAL,RIH,21911,1
ASKL,PVQL,36964,1
ASJL,ASKL,27246,1
AIAL,ASKL,58311,1
AIML,ASKL,4772,1
ASKL,AVFL,9042,1
ASHL,ASKL,4122,1
AVBR,RID,3475,0
AVJL,RID,3216,0
RID,SIBVL,38675,0
RID,SIBVR,11282,0
RID,URYVR,1231,0
ALA,RID,20933,0
PVCR,RID,16362,1
AVDL,RID,25034,0
CEPDL,URXL,45761,1
ALMR,AVBR,6680,0
AVBR,BDUR,1444,1
AVBL,AVBR,18786,0
AVBR,RIFR,10528,1
AVBR,PVCL,35454,1
AQR,AVBR,11188,1
AVBR,PVPL,20429,1
AVBR,AVHR,22950,0
AVBR,AVDR,15007,1
AVBR,AVDL,8031,0
ASHR,AVBR,25816,1
ALML,AVJR,3313,1
AVJR,SMDVR,1693,0
AINR,AVJR,5031,0
AVBL,AVJR,33177,1
AVJR,RIVR,720,0
AVFR,AVJR,1928,1
AVJR,PVCL,13141,1
AVDR,AVJR,19525,1
SAAVL,SMDDR,53238,1
SAAVL,SMDVL,27125,0
ALNL,SAAVL,7654,1
RIMR,SAAVL,24085,1
SAAVL,SMBDR,20951,1
AVAL,SAAVL,55183,1
RMFR,SAAVL,24541,1
RIAL,SAAVL,12191,0
SAAVR,SMDDL,56907,1
RIML,SAAVR,30424,1
RMFL,SAAVR,30900,1
SAAVR,SMBDL,19652,1
ALA,SAAVR,1098,0
AVAR,SAAVR,47961,1
RIAR,SAAVR,19274,0
RIAL,SAAVR,702,0
AVHL,AVJL,12507,0
AVJL,SMBVR,3610,0
AINL,AVJL,5150,0
AVJL,PVCR,23397,1
AVJL,PVPR,2559,1
AVDL,AVJL,23876,0
CEPDR,URXR,45063,1
ASJL,PVQL,67085,1
AIAL,PVQL,10471,1
AVEL,PVQL,603,0
AVFL,PVQL,34671,1
PVQL,RMGL,29205,0
AIML,ASJL,30260,1
ALML,RICR,3764,1
ALML,PVR,17921,1
ALML,SDQL,9516,0
ALML,PVCL,6852,1
ADEL,ALML,9304,1
ALML,AVDL,8990,1
RICR,SMDDL,5562,1
RICL,RICR,25670,1
RICR,SMDDR,15242,1
ADAL,RICR,8880,1
RICR,SIBVL,11098,1
RICR,SIBVR,4144,0
RICR,RIVR,1579,0
RICR,SIBDL,192,0
RICR,SDQL,3409,0
PVCL,RICR,2371,0
AVAR,RICR,10892,1
RICR,RMHR,17381,0
SMDDL,SMDVR,47188,1
ALNR,SMDDL,19267,1
RIML,SMDDL,16643,1
RMED,SMDDL,19430,1
SMBDL,SMDDL,6897,1
RIVR,SMDDL,39937,0
AIBR,SMDDL,14372,1
AVAR,SMDDL,26866,0
RIAL,SMDDL,29446,1
AIAR,ASIR,15618,1
ASIR,AVAR,5818,0
RICL,SMDDR,5375,1
ADAR,RICL,13328,1
AVAL,RICL,16061,1
RICL,RMHR,10247,0
RICL,RMHL,31126,0
SMDDR,SMDVL,48719,1
ALNL,SMDDR,13735,0
RIMR,SMDDR,15485,1
RIML,SMDDR,26006,1
SIBDR,SMDDR,11943,0
RIVL,SMDDR,30833,1
AVAL,SMDDR,18477,0
AIBL,SMDDR,12685,1
RMHR,SMDDR,45767,0
RIAR,SMDDR,30005,1
AINR,ALMR,962,0
ALMR,SIBDL,3370,0
ALMR,PVR,21973,1
ADER,ALMR,5691,1
ALMR,AVHR,2243,0
ASJR,PVQR,61702,1
ASJR,AVFL,11576,0
ALA,ASJR,7174,0
ASER,PVQR,12447,1
AVFL,PVQR,18128,0
ALA,PVQR,11060,1
AWAR,PVQR,9017,0
URXL,URXR,21655,0
RIR,URXR,25317,1
AUAR,URXR,31918,1
ADFR,URXR,10000,1
RIAR,URXR,25001,1
SMDVL,SMDVR,9257,0
RMEV,SMDVR,12089,1
RMED,SMDVR,2389,0
RMDDL,SMDVR,7437,0
RIVR,SMDVR,27621,1
AVAR,SMDVR,15043,0
RIAR,SMDVR,51041,1
RIAL,SMDVR,31812,1
ALNL,SMDVL,3105,0
AVHL,SMDVL,5519,1
RIVL,SMDVL,22440,1
RIVR,SMDVL,2990,0
AVAL,SMDVL,14611,0
RMDVL,SMDVL,7329,0
RIAR,SMDVL,26847,1
RIAL,SMDVL,62556,1
AIML,RMDL,1656,0
BDUR,PVR,4382,0
BDUR,RIFR,13015,0
ALNL,SAADR,5453,0
ALNL,SIBDR,1850,0
ALNL,SMBDR,16791,1
ADAR,RIMR,30725,1
RIMR,SAADR,22195,1
DVA,RIMR,861,0
AVAL,RIMR,30138,1
RIMR,RMFR,20753,1
AIBL,RIMR,37115,1
PLNL,SIBDL,21241,0
PLNL,SMBVL,46411,1
PLNL,SIAVL,25556,0
BDUL,PVNL,20240,1
BDUL,RIFL,19943,0
AVFR,BDUL,10443,0
BDUL,PVCR,782,0
ADAR,SAADR,2167,0
ADAR,SMBVR,1810,0
ADAR,SMBDR,1256,0
ADAR,RIFR,6048,1
ADAR,AVAL,16390,0
ADAR,URYVR,2065,0
ADAR,ASHR,38660,1
AIYL,AWBL,7116,1
AWBL,SMBVL,14581,1
AWAL,AWBL,37602,1
AIZL,AWBL,14635,1
AIYL,BAGR,13558,1
AFDL,AIYL,48751,1
AIYL,ASEL,31746,1
AIYL,AWAL,24833,1
ADAL,SIBDL,3931,0
ADAL,AVAR,21952,1
AIAL,ASGL,50363,1
AIML,ASGL,26720,1
AIBL,ASGL,12199,1
ASGL,ASIL,21812,1
PLNR,SMBVR,47021,1
PLNR,SIBDR,18369,0
ALNR,SMBDL,11467,1
ALNR,SIBDL,7132,0
ADER,ALNR,5657,1
AINR,AUAL,44841,1
AUAL,RIBL,38252,1
AUAL,RIGL,222,0
AFDL,AUAL,22255,0
AIZL,AUAL,6350,0
AUAL,RIAL,18417,1
RIVL,RMDDR,9748,1
RIAR,RMDDR,50300,1
AIAR,ASER,10283,1
AIAR,AIBR,56855,1
AIAR,AWAR,4112,0
AIAR,AIZR,19166,1
RMED,RMEV,49364,0
AVL,RMEV,11775,0
PVT,RMEV,18591,1
RIGL,RMEV,3596,0
RIGR,RMEV,3186,0
AVHL,RIR,28754,1
ADFR,RIR,14228,1
DVA,RIR,29092,1
AVEL,RIR,768,0
RIGL,RIR,9782,1
RIGR,RIR,8630,1
AQR,RIR,19975,0
RIAR,RIR,8791,1
AIAL,AIML,22779,1
AIAL,AIBL,66117,1
AIAL,ASHL,19961,1
RIML,SAADL,21862,1
RIML,RMFL,22635,0
RIML,SMBDL,4180,0
AIBR,RIML,34484,1
AIZL,RIML,21806,1
AVL,RMED,4101,0
RIVR,RMED,310,0
AIBR,RMED,1455,0
ADFR,AUAR,23775,1
AINL,AUAR,32596,1
AUAR,RIBR,35904,1
AFDR,AUAR,29743,0
AUAR,RIAR,16368,1
AINR,RIBL,16127,1
AINR,BAGR,19073,1
AFDL,AINR,33265,1
ADER,AINR,4014,0
AINR,AVDR,1497,0
SIBVL,SIBVR,22707,0
SIBDL,SIBVL,18922,0
SIBVL,URYVR,1793,0
AQR,SIBVL,6068,0
SIAVL,SIBVL,25921,0
AVDR,SIBVL,1379,0
DVA,SAADR,388,0
SAADR,SMBDR,13149,0
SAADR,SDQL,8041,0
ADFR,AVHL,10787,1
AINL,AVHL,6885,0
AVHL,RIVL,4060,0
AVHL,AWBR,20007,1
AQR,AVHL,4679,0
AVHL,PVPR,43352,1
ADFR,AWBR,22771,1
ADFR,AFDR,4700,0
ADFR,AIZR,27745,1
AVL,PVT,34037,1
AIBR,AVL,5799,0
AVKR,AVL,57641,1
AVKL,AVL,28351,0
ADFL,RIGL,1409,1
ADFL,AFDL,2964,0
ADFL,AIZL,31857,1
SIBDR,SMBVR,11934,0
AIMR,SMBVR,2301,0
AVFL,SMBVR,3829,0
RMGR,SMBVR,11446,1
AVFR,SMBVR,2233,0
RMDVL,SMBVR,7913,1
PVPR,SMBVR,1896,1
AVDL,SMBVR,1967,0
ASHR,SMBVR,10340,0
RMFL,SAADL,21311,0
SAADL,SMBDL,14961,0
SAADL,SDQR,6817,0
AVAR,SAADL,8121,0
AVBL,SIBVR,5704,0
SIBDL,SIBVR,3081,0
SIBVR,URYVR,644,1
PVCR,SIBVR,2286,0
PVCL,SIBVR,9289,1
AQR,SIBVR,3651,0
AVDR,SIBVR,8227,0
AINL,RIVL,2907,0
AFDR,AINL,31219,1
AINL,BAGL,14864,1
ADEL,AINL,5046,0
AVBL,SIBDR,3350,0
AVBL,DVA,14651,0
AVBL,AVFL,6853,1
AVBL,RMGL,1570,0
AVBL,AVFR,4114,1
AVBL,PVCR,39472,1
AVBL,PVCL,28379,1
AQR,AVBL,19604,1
AVBL,PVPR,23519,1
AVBL,AVHR,12457,0
ASHL,AVBL,22106,1
AVBL,SIAVR,2651,0
PVNL,PVR,5920,0
PVNL,SDQR,2439,0
RIVL,SIBDR,5973,1
SIBDR,SMBDR,23430,1
SIBDR,URYVR,1815,1
RMDVL,SIBDR,3102,0
ADEL,SIBDR,3291,1
RMHR,SIBDR,9380,0
SIAVR,SIBDR,35579,0
RIAR,RIBR,12442,1
RIVL,RIVR,16735,1
AVEL,RIVL,1076,0
RIVL,SDQL,8855,0
RIVL,RMDVL,3880,1
AIBL,RIVL,5756,0
ADEL,RIVL,3443,1
RIVL,RMHR,11591,0
RIAR,RIVL,4420,1
RIVL,SIAVR,12194,1
DVA,SMBDR,6521,0
AVEL,DVA,7773,1
DVA,SMBVL,3859,1
AQR,DVA,44798,1
AIZL,DVA,15114,0
DVA,SIAVL,35821,0
DVA,SIAVR,33729,1
SIAVR,SMBDR,22115,0
DVC,PVT,40595,1
AVEL,DVC,901,1
AVER,DVC,1555,1
DVC,RIGL,29948,1
DVC,RIGR,29612,1
AVKR,DVC,11496,0
AVKL,DVC,38329,1
AVAR,RMFL,14367,0
RMDDL,RMDVR,69940,1
RMDDL,SMBVL,1787,0
RIAL,RMDDL,42748,1
SIBDL,SMBDL,30317,0
SDQR,SMBDL,11418,0
AIZL,SMBDL,13865,1
SIAVL,SMBDL,18823,0
AIBR,RIVR,6267,0
RIVR,RMDVR,5663,1
ADER,RIVR,7408,1
RIVR,RMHL,13582,0
RIAR,RIVR,1751,0
RIVR,SIAVL,17885,1
RIAL,RIVR,7630,1
RMDVR,SIBDL,5644,0
SIBDL,SMBVL,13720,0
ADER,SIBDL,3180,0
SIAVL,SIBDL,54083,0
PVR,SDQR,6141,0
PVR,SDQL,5988,0
PVT,RIGL,16889,1
PVT,RIGR,11988,1
AVKR,PVT,56585,1
AVKL,PVT,65381,1
ALA,AVEL,10244,1
AVEL,RIGR,1974,0
AVEL,SDQL,606,0
AVEL,AVKR,13804,0
AVEL,AVKL,23240,1
AIZR,AVEL,12663,1
AIMR,RIFR,2147,0
RIFR,RMGR,9443,0
ASHR,RIFR,41977,1
AVAL,RMFR,6056,0
AVAL,RMDVL,49427,0
ASIL,AVAL,3020,0
AVAL,RIAL,17938,0
AIMR,AVER,1057,0
AIMR,RMGR,9978,0
AVER,RMFR,3169,0
AIBR,RMFR,9942,1
AVKR,RMFR,31165,1
AVKL,RMFR,20873,1
AIBR,ASER,38699,1
ASER,AWAR,44202,1
AIZR,ASER,7426,1
AVER,RIGL,5439,1
AIBR,AVER,4375,1
AVER,AVKR,23664,1
AIZL,AVER,16813,1
RIFL,RMGL,6049,0
AVFR,RIFL,12151,1
RIAL,RIBL,13985,1
AFDL,BAGR,7174,1
ASEL,BAGR,782,0
AVFL,RMGL,16652,0
AVFL,AVFR,65011,1
AVFL,AWAR,8040,0
ASHL,AVFL,9617,0
AIZL,RIGL,15952,1
RIAL,RIGL,1819,1
AFDL,AIZL,11715,0
AVFR,RMGL,34296,1
AWAR,AWBR,30768,1
AIZR,AWBR,14229,1
AFDR,BAGL,6531,1
AFDR,ASEL,13656,1
AFDR,AIZR,12092,0
AIZR,RIGR,8656,1
AVKR,SDQL,3666,0
AVDL,SDQL,273,0
AVFR,PVCR,1469,0
AVFR,AWAR,8167,0
ASEL,BAGL,996,0
AIBR,AVKL,8582,0
AIBR,AIZL,16976,1
PVCR,PVPR,16115,1
AVKL,AVKR,66053,1
ASEL,RMDVR,49,0
AIBL,ASEL,32897,1
ASEL,AWAL,42128,0
AIZR,ASEL,10274,0
RMDVR,SMBVL,10439,1
AVAR,RMDVR,41924,0
RMDVR,SIAVL,19750,0
RIAL,RMDVR,36829,1
AQR,SMBVL,574,0
PVPL,SMBVL,3276,0
AVHR,SMBVL,6545,1
AIZL,SMBVL,26328,1
RMDVL,SIAVR,10656,1
AQR,PVCL,14905,1
AVDR,PVCL,15980,1
AIBL,ASHL,16185,1
AIZR,AWAR,23196,1
AQR,PVPL,32851,1
AQR,PVPR,26959,1
AQR,AVDR,7291,1
AVHR,PVPL,33659,1
AVAR,RIAR,19915,1
ASHL,AVHR,28796,0
ADEL,AVDL,1814,1
RMHR,SIAVR,4337,0
RMHL,SIAVL,15384,0
ASHR,AVDL,3624,1
CEPVR,RIH,14481,0
CEPVR,PLNR,2793,0
ADLL,PVQL,5371,0
CEPVL,PVR,8158,0
BAGR,CEPVL,1604,0
AIMR,HSNR,743,0
ALA,ASKR,9446,0
SIADR,URYVR,1804,0
AIAR,AWCL,10084,1
AVAR,AWCL,3749,0
AIZR,AWCL,4871,1
CEPDL,SMDVL,1258,0
AVBR,SIBVL,1307,0
AVBR,PVR,3684,1
AVJR,PVCR,14188,0
ADER,AVJR,476,0
ADER,SAAVR,1787,0
AVAL,PVQL,4587,1
RICR,RIVL,5345,1
RICL,SMDDL,14375,1
ADER,SMDDL,2776,1
RMHL,SMDDL,10419,0
ADAR,SMDDR,484,0
ASJR,SMBVR,616,0
ASJR,AVER,626,1
ALA,URXL,4394,0
RIGR,RIMR,4936,1
AIYL,AIZL,22599,1
ADFL,AUAL,25391,1
AIAL,AVAL,439,0
AIBL,RIML,2103,1
DVA,SIBVL,17843,0
SAADR,URYVR,2584,0
RIFR,SMBVR,6652,0
AVBL,URYVR,220,1
PVCR,PVNL,1820,1
DVA,URYVR,1246,0
SMBDR,URYVR,1294,0
AVAR,SMBDL,14455,0
AVAR,SIBDL,6361,0
AVEL,URYVR,11867,1
AIBL,AVEL,9960,1
RIGR,URYVR,5468,0
AIBL,RIGR,17963,1
AQR,PVCR,16145,1
AIBL,AIZR,16601,1
AQR,SIAVL,311,0
AQR,SIAVR,1371,0
AIYR,AUAR,26021,0
CEPVR,SMDVL,6978,0
CEPVR,RMDDR,16340,1
CEPVR,SMBVR,6074,0
BAGL,CEPVR,2965,0
CEPVR,RMDVL,1609,1
ADLL,AWCL,24660,1
ADLL,ASKL,20930,1
ADLL,AIAL,4675,1
ADLL,ASEL,15542,1
CEPVL,RICR,6956,1
CEPVL,RICL,6579,1
AINR,CEPVL,1623,1
CEPVL,SDQL,1326,0
CEPVL,RMHL,3610,1
ADAR,ADLR,3876,0
ADLR,RMGR,1535,0
AIBR,ASKR,8833,1
AWCR,SAAVR,185,0
ALMR,SIADL,5798,0
RIS,SMDDL,19469,0
RIMR,RIS,5668,1
AVEL,RIS,9609,1
AVKL,RIS,11983,1
AIBL,AWCL,28565,1
AIZL,AWCL,1948,0
BAGL,RIH,7893,1
AVBR,AVJR,16761,1
ADAR,AVBR,16237,1
ALMR,AVJR,1422,0
AVJR,SIBDL,296,0
AVFR,PVQL,29078,0
ASHL,PVQL,2239,0
ASJL,AVFR,8501,0
ALML,BDUL,17550,1
ALML,PVCR,3596,1
ALML,AVDR,3686,0
ADAR,RICR,7569,0
AVAL,RICR,8843,1
RIMR,SMDDL,23040,1
RMFR,SMDDL,40,0
AVER,SMDDL,559,0
RICL,RIVR,12228,0
RMED,SMDDR,14835,1
RIAL,SMDDR,20240,1
ALMR,BDUR,10180,1
ADAR,ALMR,11423,0
AIMR,ALMR,3649,0
ALMR,SDQR,12528,0
ALMR,RMGR,4310,0
ALMR,RIPR,663,0
ADER,ASJR,288,0
DVA,URXR,4862,1
RMDVR,SMDVR,5388,0
AVDR,SMDVR,295,0
AUAL,URXL,44964,1
RIR,URXL,39881,1
RIAL,URXL,31339,1
RMDL,RMGL,16570,1
ADAR,BDUR,127,0
BDUR,PVNL,21289,1
AIMR,BDUR,1122,0
BDUR,SDQR,1705,0
RIMR,RMED,378,0
RIMR,RIVR,10600,0
RIMR,URYVR,290,0
AIBR,RIMR,2905,1
ADAR,SIBDR,4576,0
ADAR,RMGR,3808,0
ADAR,RIPR,7315,1
AWBL,DVA,105,0
ADAL,SIBVR,2382,0
PLNR,RMHR,2060,0
AUAL,RIR,5182,0
RMDDR,RMDVL,73533,1
RIAL,RMDDR,28919,1
AIAR,AWBR,2657,1
AIAR,RMGR,1915,0
AIAR,AVFR,1174,0
AIAR,ASEL,3055,1
RIBL,RMEV,7731,0
AUAR,RIR,4685,0
ADFL,RIR,13482,1
AWBR,RIR,1614,1
BAGL,RIR,6659,1
AIZL,RIR,7342,1
AIZR,RIR,5554,1
RIAL,RIR,11070,1
AVKR,RIML,10603,1
RIBL,RMED,7857,0
AIZR,AUAR,5669,0
RIGR,SAADR,19652,0
AIBL,SAADR,2066,0
ADFL,DVA,497,0
AVER,SMBVR,167,0
SMBVR,URYVR,64,0
BAGL,RIBR,24337,1
DVC,RIVL,6503,1
AVKL,RIVL,3445,1
RIAL,RIVL,4101,1
ALA,IL1R,615,0
ADER,IL1R,8021,0
DVA,RIGR,735,0
AIBL,DVC,10656,1
AVER,RIVR,1378,0
RMHL,SIBDL,14530,0
PVR,URYVR,565,0
PVR,RIPR,15878,1
AVAL,URYVR,1878,0
AIML,RMGL,12372,1
AIML,AVFR,7556,0
ADER,AVER,1042,1
RIPR,URYVR,1469,0
AVDL,URYVR,574,0
AVHR,SDQR,1876,0
AWBR,RMGR,1305,0
AVFR,RMGR,19272,1
BAGL,RIAR,19275,1
AIZL,ASEL,4892,1
RIAL,RMDVL,47938,1
ADER,RIAR,1200,0
AIZL,AWAL,17026,1
RIAL,RIAR,44697,1
AIYR,AWBR,4638,1
CEPVR,RIVL,138,0
ALA,PVQL,12447,0
RICL,URYVR,312,0
PVNL,RMDR,144,0
RIGL,URXL,2283,1
RIML,SDQL,253,0
AIZR,AVHL,1126,0
AINL,ASEL,12944,1
AIBR,AIZR,2171,1
AIYL,AWCL,23003,1
ADAR,RID,577,0
RID,SMBVR,1800,0
RICR,RMHL,11326,0
RMDDR,SMDDR,8413,0
RMED,SMDVL,761,0
DVA,URXL,2879,0
AUAL,DVA,3878,1
AIBR,RMEV,1922,0
AIAL,AVFL,2127,1
ASHR,RIPR,251,0
ADLR,AVJL,1108,0
ASKR,SAAVR,192,0
RIBL,RIS,20869,1
AIBR,RIS,2634,0
AWAL,AWCL,68,0
SMDDL,SMDVL,1644,0
SMDDR,SMDVR,1324,0
RIML,SMDVL,13726,1
RIBL,SMDVL,870,0
ADAR,AVDL,4259,0
AUAR,AWAR,2283,0
AIZL,DVC,5088,0
AVER,RIFR,268,0
ADER,ALA,37,0
AVFR,AWBR,5852,0
IL1DL,OLLL,7166,0
IL1DL,RIPL,19081,1
IL1DL,RMDVL,39963,1
IL1DL,IL2DL,14951,1
IL1DL,OLQDL,14551,0
IL1DL,URADL,9098,0
IL1DL,RMER,2911,0
IL1DL,RMEV,534,0
IL1DL,URYDL,10145,0
IL1DL,RMED,943,0
OLLL,RMDVL,20645,1
OLLL,OLQDL,1439,0
OLLL,URBL,19017,1
OLLL,RMER,23491,1
OLLL,RMEL,17978,0
CEPVR,URAVR,9469,1
IL1R,RIPR,3855,0
IL1R,URYVR,5061,0
IL1R,IL2DR,1580,1
IL1R,RMER,39151,1
IL1R,URYDR,1090,0
IL1R,RMEV,1294,0
IL1R,URBR,35437,1
IL1R,RMED,1495,0
BAGR,IL1R,16505,0
RIH,URXR,2170,0
IL2DL,RIPL,10847,1
RIH,RIPL,7490,1
RIPL,URADL,25460,1
BAGL,RIPL,1037,0
OLLR,RIPR,1190,0
IL2DR,RIPR,18102,1
BAGR,RIPR,16369,0
IL2R,RIPR,2800,0
OLQDL,RMDVL,1916,0
RMDVL,URYDL,6596,1
RMDVL,RMED,10062,1
IL1L,RMEL,32511,1
IL1L,IL2L,18360,1
URXL,URYDL,8617,0
CEPVL,OLQVL,9399,1
CEPVL,URAVL,5915,1
CEPVL,IL2VL,3941,0
IL1DR,OLQDR,17088,0
IL1DR,IL2DR,15113,1
IL1DR,URADR,7734,1
OLQDR,RIH,23934,1
OLQDR,RMED,11892,0
IL2DL,OLQDL,11516,0
CEPDL,IL2DL,7915,1
IL2DL,URADL,10391,1
IL2DL,URYDL,3729,0
OLQVL,URYVL,10592,0
OLQVR,URYVR,33169,0
IL2DR,RIH,1742,0
IL2DR,RMER,3693,0
IL2DR,RMEL,1138,1
IL2DR,RMED,3772,1
CEPDR,IL2DR,8627,0
IL2DR,URADR,8951,1
OLQDL,RIBL,1593,0
RIBL,RMER,13922,0
RIBL,URYDL,15719,1
OLQDL,RIH,1189,0
RIH,URYDR,10889,0
RIH,RMEL,11149,0
RIH,RMED,6114,0
CEPDR,RIH,2277,0
IL2L,RIH,4155,1
OLQVL,URAVL,7177,1
BAGL,OLQVL,20544,0
OLQDL,RMER,67,0
OLQDL,URYDL,10898,0
OLQDL,RMEL,46,0
IL2L,OLQDL,929,1
CEPDL,URADL,7098,1
CEPDL,URYDL,8812,1
IL2VL,URAVL,13502,1
IL1VL,URAVL,18675,1
RMDDR,RMEV,8910,1
RMDDR,URYDL,6292,1
RMDDL,RMDDR,10831,0
RMEL,URBL,325,1
IL2L,URBL,17071,0
IL1VR,IL2VR,9648,1
IL1VL,IL1VR,3049,0
IL1VR,URAVR,11434,1
RMER,RMEV,13684,1
RMEL,RMER,80700,1
RMED,RMER,12678,0
RMER,URADR,1985,0
RMDDL,URYDR,7661,1
RMED,URYDR,8046,0
URADR,URYDR,7009,0
RMEV,URYDL,436,0
RMEL,RMEV,12395,0
RMDDL,RMEV,1469,0
IL2L,RMEV,9471,0
RMEV,URADR,4003,0
RMED,URYDL,5745,0
RMED,RMEL,9497,0
IL2L,RMEL,42312,1
BAGL,RMEL,25976,0
RMEL,URADR,6654,0
IL2VR,URAVR,10984,1
OLQVR,URAVR,12966,0
IL1DL,SMDVL,259,0
IL1DL,IL1L,2127,0
IL1DL,IL1DR,244,0
IL1DL,RMDDR,2222,1
OLLL,URYDL,1143,1
OLLL,RMED,9708,1
CEPVR,IL2VR,3204,1
RIH,RIPR,11725,1
RMEV,SMDVL,16721,1
SMDVL,URYDL,167,0
IL1L,RMEV,738,0
IL1L,RMED,1739,0
OLLR,URBR,19505,0
IL2R,OLLR,17255,0
IL1DR,RMEV,1410,0
IL1DR,RMED,2997,0
CEPDR,IL1DR,4825,1
OLQDR,URYDR,14266,0
BAGL,URYVL,2525,0
URAVR,URYVR,9220,0
URADL,URYDL,5111,0
RMEV,URYDR,816,0
IL2R,URBR,10843,0
AIYR,AWCR,7136,1
AIYR,BAGL,14252,1
CEPVR,RID,209,0
ALMR,CEPVR,3725,1
CEPVR,SIBVL,902,0
CEPVR,SDQR,1494,0
CEPVL,PVQL,165,0
BDUL,CEPVL,411,0
ASGL,CEPVL,85,0
CEPVL,RIFL,166,0
CEPVL,RMGL,648,0
AVFR,CEPVL,545,0
ASIL,CEPVL,699,0
ADLR,ASJR,97,0
ADLR,PVQR,1662,1
ADLR,AVFL,597,0
ASER,AWCR,49938,1
ADFL,SIADL,2006,0
SIADL,SMBVL,77193,0
AUAL,RIH,2166,1
ADFL,RIH,768,0
DVA,RIH,1727,1
RIGL,RIH,246,0
AIZR,RIH,14110,1
RID,SIBDR,7956,0
AVJR,BDUL,10804,1
RIAR,SAAVL,230,0
SAAVR,SMDVR,24563,0
ALNR,SAAVR,11371,1
PVQL,RIFL,9242,0
RICL,SIBDR,7387,0
RICL,SDQL,4501,0
SDQL,SMDDR,952,0
AVKR,SMDDR,3432,0
ALMR,SIBVL,983,0
ALMR,PVNL,2575,1
AIMR,ASJR,24186,1
RIFR,RMDR,161,0
AIZR,URXR,425,0
RMDDR,SMDVL,5112,0
AIZR,RIMR,16625,1
BDUL,PVR,1477,0
ADFL,AWBL,31706,1
ADAL,SAADL,1506,0
PLNR,PVR,365,0
PLNR,RMDVL,10086,0
ALNR,SAADL,6704,0
ALNR,RIVR,943,0
AIAL,ASIL,12400,1
PVT,RMED,1972,1
AVKL,RMED,175,0
AINR,RIVR,3426,0
AIZR,SAADR,39,0
AVHL,DVA,10296,0
AVL,RIVR,6210,0
ADFL,SMBVL,21275,1
ADFL,RIAL,22309,1
SAADL,SIBDL,2971,0
SIBDR,SIBVR,23932,0
SIAVR,SIBVR,15856,0
PVR,SIBDR,130,0
AVAL,SIBDR,1787,0
AVKR,RIVL,283,0
DVA,PVPL,27841,1
AIZR,DVA,12439,1
AIZR,DVC,3981,1
AVHR,SIBDL,285,0
AIMR,AVFL,11560,0
ALA,AVER,10308,1
AVFL,RMGR,6714,1
AFDL,AWAL,17372,1
AWBR,PVPR,155,0
AIZR,BAGL,3282,1
ASEL,AVAR,21,0
ADER,AVHR,740,0
AVDR,PVPL,6950,1
AVER,OLLL,33072,1
RIPR,URBR,840,0
IL1L,RMER,2000,0
CEPDR,OLQDR,4778,1
IL2DR,RMEV,1358,0
AVER,RIBL,20348,1
AVER,OLQDL,451,0
AVER,RMER,1091,0
AVER,URYDL,10344,1
AVER,RMED,1442,0
AINL,CEPVR,647,0
ADLL,PVPL,3966,1
ASJL,CEPVL,124,0
AIML,CEPVL,155,0
HSNR,PVR,2335,0
ADLR,AIAR,2803,1
ADLR,ALA,5673,0
ASJR,ASKR,22156,1
ADAR,ASKR,1457,0
AIAR,ASKR,59670,1
ASKR,AVFR,5268,0
AWCR,BAGL,707,0
AVAR,AWCR,1961,0
RIMR,SIADR,5732,0
AIZR,SIADR,2409,0
AWCL,BAGL,8903,1
AIBR,AWCL,2896,1
AIZL,RIH,14960,1
ASKL,AVAL,1458,0
RICL,RID,2263,0
ALMR,RID,10649,0
AVBR,PVNL,650,0
AVBR,RMGR,3500,1
ASJL,RMDL,1320,0
AIAL,ASJL,7565,0
RICR,SDQR,10114,0
RICR,SIAVL,5114,0
RICL,SIBVL,2568,0
RICL,SIBVR,20170,1
RICL,SDQR,13208,0
ADEL,SMDDR,806,0
ALMR,AVDL,14398,0
AIAR,ASJR,9210,1
ADAR,PVQR,1623,0
AIAR,PVQR,15159,1
AVFR,PVQR,22383,1
RMDR,RMGR,13572,1
AINR,SMDVR,45,0
SAADL,SMDVR,23957,1
ALNL,SDQL,2558,0
PLNL,SAADL,6057,1
PLNL,RIVR,2595,0
PLNL,RMDVR,7357,0
BDUL,SDQL,3850,0
BDUL,PVCL,1833,0
AVM,BDUL,10053,1
ADAR,AIAR,500,1
ADAR,SIBVR,5059,0
ADAR,AIBR,320,0
AUAL,AWBL,6186,0
AFDL,AWBL,4089,0
ADAL,SIBVL,1848,0
ALNR,AVHR,592,0
AIAR,ASHR,10690,1
RIVR,RMEV,2591,1
AINR,AVHR,4949,0
SAADR,SMBVR,31107,1
SAADR,SIBDR,835,0
RIVL,SAADR,23084,1
AVHL,SMBVR,3009,1
ADFR,RIAR,11833,1
AVL,SDQL,2475,0
RIVL,SMBVR,170,0
RMDDL,SAADL,33711,1
RIVR,SAADL,23729,1
SAADL,SMBVL,45590,1
AVAL,SIBVR,1156,0
AINL,RIBR,10882,1
AVM,PVNL,4917,1
SDQR,SIBDR,106,0
RIVR,RMDDL,8017,1
AVHR,RIVR,2379,0
AVM,PVR,20280,0
AIBR,PVT,3814,1
ASER,BAGL,77,0
RMHR,SDQR,22192,0
SDQR,SIAVR,8356,0
AVDL,RMGR,1123,0
ASHR,RMGR,11353,1
ASHR,AVFR,8204,0
AIBR,ASHR,11524,1
AVDL,PVCR,24231,1
AIBL,AVKR,4537,0
SIAVL,SMBVL,23173,1
AIZR,RIAR,38825,1
IL1DR,OLLL,570,0
IL1R,RMDDL,4910,1
IL1R,URADR,10095,1
RMDVR,URYDR,23650,1
RIPR,RMED,3091,0
OLQVL,RIH,32813,1
IL2L,OLQVL,8802,1
AVAL,RID,370,0
RIVR,SAAVR,2886,0
AIBR,ASIR,5124,1
ASGL,AVAL,383,0
ASER,AVDL,121,0
ADER,AVDR,3527,1
AIYR,AWCL,7227,1
CEPVR,SMDDR,127,0
RMFR,SMDDR,297,0
ALMR,AVDR,3900,1
AVEL,RIMR,9552,1
PVCR,SMBVR,179,0
PVNL,RIFR,8662,0
AIBL,AWAL,14,0
OLLL,SMDVL,1027,0
OLLL,OLQDR,187,0
OLLL,RIBL,10907,1
OLLL,RMEV,9175,0
IL2L,OLLL,20795,1
OLQDR,RIBL,226,0
AVER,OLQDR,365,0
BAGR,URYVR,13022,0
PLNR,SIAVR,18134,0
PVR,SIBVL,4740,0
ASER,AVFL,84,0
ASER,AVFR,38,0
AFDR,AWAR,11940,1
IL1L,URBL,20152,1
RIS,RMED,7828,0
RMDDL,URADR,484,1
OLQVL,RIPL,5425,0
IL1DR,IL1R,6724,0
IL1L,RMDDR,6106,0
IL1DR,URYDR,11677,1
RIS,RMER,11480,0
OLLL,SMDDR,6418,1
CEPDL,OLLL,5685,1
IL1R,RMDVR,19398,1
IL1DR,RMDVR,51249,1
IL1DR,SMDVR,931,0
OLQDR,RIPR,1984,0
IL1DR,RIH,76,0
CEPDL,RIS,8441,0
AVER,SMDDR,8170,0
SMDDR,URYDL,5487,1
CEPDL,RIBL,532,0
AVER,CEPDL,3767,1
CEPDL,RMER,42,0
RMDDR,RMED,1574,0
IL1VL,URAVR,3979,0
IL2L,RMED,5821,0
AWCL,CEPVR,1115,0
ADLR,AVAR,4414,1
ASHR,ASKR,7887,1
ASGR,AWCR,9393,0
ASER,AWCL,2984,0
ASKL,RMDL,1510,0
AVBL,RID,10545,0
AVBR,AVJL,32628,1
AVBR,SIBVR,1354,0
AVBR,AVFL,2820,0
AVJR,RIFL,10745,1
SAADL,SAAVR,4205,1
AVJL,RMGR,2648,1
PVQL,RMDL,210,0
ALML,SIBDR,3498,0
ASGR,ASIR,16659,1
AVBL,RICL,2087,0
AVFL,RMDR,543,0
AVHR,SMDVR,7820,0
AVAL,RMDL,14652,0
AVFL,BDUR,1588,1
ADEL,ALNL,553,0
ADAL,RIML,36765,1
AUAL,AWAL,175,0
AIAR,ASGR,38977,1
AIAR,AVAR,3974,0
RIML,SIBDL,5321,0
AWBR,SMBVR,10296,1
DVA,SIBVR,25936,0
AVFL,PVNL,6215,0
AWBR,DVA,598,0
AWAR,DVA,488,0
SDQL,SMBDR,4255,0
AIZR,SMBDR,21330,1
SMBDL,SMBVL,139889,0
PVT,SDQL,731,0
AVFL,RIFR,3397,0
AIMR,ASGR,25798,1
ASER,ASGR,3133,0
RMDVL,SDQR,1412,0
AIBR,ASGR,7876,1
PVCL,SDQL,446,0
AIBL,SDQL,4186,1
RMDVL,RMHR,10568,1
AIZL,RIAL,39974,1
OLLL,OLLR,3929,0
RIPR,RMEV,2018,0
AVER,RMDVL,5377,0
CEPDL,RMDVL,30584,1
IL1DR,OLLR,5980,0
OLLR,RMEV,13538,0
OLLR,RMED,15143,0
AVER,RIS,8352,1
RMDDL,RMED,2991,0
AIMR,ASKR,3781,1
AVDL,SIADR,548,0
ADFR,RIH,233,0
AIAR,AIMR,24928,1
SIBVL,SMBDL,14585,0
RIVL,SDQR,11164,1
AIBR,AIMR,634,1
AVBR,PVCR,29651,1
ALNL,RIVL,10,0
PLNR,SAADR,4229,1
RIVL,RMEV,1261,0
AVHL,SMBDR,385,0
AVHL,RIAR,491,0
RMDVR,SAADL,4655,0
AVAL,AVBL,8395,0
RIAR,SMBDR,2865,0
AVFL,PVR,29,0
CEPDL,IL1DL,2234,1
IL2DR,RMDVR,367,0
RMDVR,RMED,14779,1
RIPR,URYDR,288,0
IL2R,OLQDR,8643,1
RIS,URYDL,1981,1
RIBL,SMDDR,6107,0
CEPDL,SMDDR,11291,1
IL2DR,IL2R,486,0
IL2R,RIH,6209,1
AIYR,DVA,187,0
PVCR,RICL,652,0
IL1L,OLLL,14511,1
RIPL,RMDVL,66,0
OLLR,SMDVR,916,0
RIPR,URADR,24216,1
IL1L,RMDVL,21870,1
IL2DR,URYDR,4149,0
RIH,RMEV,17962,1
RIH,URADR,600,0
IL2L,RMER,981,0
IL2R,RMER,31754,1
CEPDR,URYDR,5044,1
IL2R,URADR,2713,0
BDUL,RICR,14,0
AQR,RICR,2725,0
ALA,AVAL,2601,1
RICL,SAAVL,12,1
OLQDR,RMDVR,2817,0
CEPDL,IL1L,368,1
RIS,RMDR,28267,1
RIBL,RMDR,2357,0
AVER,RMDR,23655,0
BAGR,URBR,19120,0
CEPVR,HSNR,184,0
AVBR,CEPVR,275,0
ASIR,CEPVR,916,0
CEPVR,PVNL,396,0
AVFL,CEPVR,884,0
ADLL,ASGL,1500,0
ADLL,SIBVL,3931,0
ADLL,DVA,495,0
ADLL,AVDR,2722,1
ASKR,AVAR,4523,0
RIML,SIADL,4349,0
PVR,RID,14823,1
AVBR,AVM,4841,1
AVHR,AVJR,25726,1
DVA,RICR,3741,1
AVAR,PVQR,3547,0
ADEL,SMDVL,605,0
RIMR,SIBDR,8018,0
ADAR,AVBL,9399,1
ASEL,ASGL,2919,0
RIR,RMEV,4288,0
RMEV,SAADR,309,0
RMEV,SMBVR,2228,1
AVL,RIR,22925,0
RIR,RIVR,4177,0
PVT,RIR,4092,0
AIBR,RIR,3068,0
AVKL,RIR,91,0
AIAL,AVHR,2922,0
SIBVL,SMBVL,7210,0
AVAR,SIBVL,1010,0
AVAL,SAADR,6774,1
RMFR,SAADR,23399,0
RMDVL,SAADR,2373,0
AVHL,AWAR,782,0
ADFR,SMBVR,16135,1
ADFR,AWAR,11102,1
DVA,SMBVR,1362,0
SMBDR,SMBVR,139202,0
SIAVR,SMBVR,16686,0
RIAL,SAADL,2651,0
PVR,SIBVR,183,0
AVBL,RIFL,12524,1
AVAR,DVA,3911,0
AVAR,RIVR,7429,0
PVCL,PVR,487,0
AVAL,AVEL,36368,0
AVAL,PVCR,15434,1
RIAL,SMBVL,3847,1
AIZR,AVKL,361,0
AVM,PVCL,10383,1
AVDR,AVHR,10441,0
ASHL,AVDR,4932,1
IL1DR,RIPR,20867,1
IL2DR,OLQDR,11682,0
CEPDL,RMDR,2844,0
IL2R,RMEV,9273,1
ASKL,AVBL,45,0
RICR,RID,26556,0
RICR,RMDVR,1089,0
AUAR,AVHL,179,0
ADFR,SMBDR,6325,1
SDQL,SIBVR,702,0
DVA,PVCR,10766,0
AVEL,PVT,16,0
AIZR,PVT,143,0
CEPVR,RIFR,25,0
ASGR,CEPVR,350,0
ADLL,AIYL,485,0
ADLL,AVAR,7281,1
AVFL,HSNR,4689,0
AIYL,AWCR,5055,1
RIR,RIS,1896,0
SIADR,SMDDR,20364,0
ASKL,AVHR,3686,0
RIVL,SAAVL,2759,0
PVCR,RICR,2209,1
SAADL,SMDDL,26088,0
AVER,PVQR,845,0
AIMR,RMDR,421,0
ALA,URXR,1271,0
ADAR,SDQR,2389,0
SDQR,SIBVL,204,0
PVCR,SIBVL,530,0
SAADR,SDQR,1196,0
AVAL,RIVL,5688,0
AVAL,DVA,3055,1
RIAL,SMBDL,5964,0
AQR,AVAL,18363,1
AFDR,ASER,3794,1
AVFL,AVHR,6144,1
AIZR,AVKR,211,0
AVAR,SIAVL,738,0
IL1DL,RIAL,291,0
IL1DL,OLQVR,291,0
OLLR,SMDDL,6085,1
IL2DL,OLQVR,83,0
SMDDL,URYDR,3880,1
OLQVR,URYDL,54,0
IL2R,RMEL,14080,0
IL2R,RMED,7199,1
CEPDR,URADR,10594,1
ALMR,HSNR,1848,1
RIAR,SMBVR,5206,0
ALA,AVAR,81,1
OLLR,URYDR,1585,0
OLQVL,RMER,4227,0
RIH,RMER,1663,0
CEPDL,RMDDR,6192,0
AWBL,RIAL,853,1
IL1R,IL2R,15643,1
IL1DR,RMDDL,1872,1
CEPDL,RIAL,1153,0
RMED,URADR,313,0
ASJR,CEPVR,448,0
CEPVR,PVQR,940,1
AIMR,CEPVR,1063,0
ADLR,AVBR,1066,0
ASKR,RMDR,1268,0
AUAR,RIH,3942,1
RID,SDQR,738,0
AVBR,PVPR,14917,1
AVJR,AVM,16508,1
AVER,SAAVR,1687,0
AVBL,PVQL,528,1
AVHR,PVQL,7033,1
RICR,SIAVR,12833,0
RMDDL,SMDDL,28022,0
RICL,RIMR,12033,1
RICL,SAADR,106,0
ASJR,RMDR,478,0
PVQR,RIFR,16586,0
AVAR,RMDR,20816,0
SAADR,SMDVL,25458,1
AVEL,RMDL,25071,0
AINR,AIYL,1378,0
RIR,SMBVR,6304,0
RIR,RIVL,2912,0
RIR,SMBDR,3039,0
AVER,RIML,9179,0
AVAR,RIML,25575,0
AVHL,SIAVR,3065,1
AIBL,AVL,4668,0
RIGR,SMBVR,500,0
AIZR,SMBVR,28489,1
AVBL,SDQR,15750,1
PVNL,RIFL,4517,1
DVA,SDQL,15939,1
DVA,RMDVR,4900,0
AVEL,SMBDR,834,0
RIGR,SMBDR,6417,0
AVKL,SMBDR,9491,1
AVDR,SIBDL,432,0
AIBL,PVT,2480,0
AVAL,SDQR,7424,1
AVAL,RIAR,4536,0
AVAL,AVDL,2945,0
AVAR,AVER,29480,0
RMHL,SDQL,4145,0
SDQL,SIAVL,3322,0
AIBR,AVKR,4915,1
AIBL,AIBR,3462,0
AVAR,PVPL,5983,1
ASHL,AVAR,1854,1
AVAR,AVDR,21279,0
AVAR,RIAL,7560,0
AVAL,RMHR,2714,0
OLLR,OLQDR,2676,0
OLLR,URADR,218,0
RMEV,SMDDR,509,0
CEPDL,RIAR,2758,1
RMDDR,SMBDR,14392,0
RMED,SMBDR,5710,1
SMBVR,SMDVL,2718,0
RIMR,SDQR,1027,0
ADAL,SIAVL,2302,0
DVA,RIML,3813,0
ADEL,AVHL,3180,1
DVA,SAADL,1853,0
DVA,PVCL,6840,0
RIGL,SMBDR,395,0
AIBL,AIML,262,1
RIGL,RIGR,17925,0
AWBR,SIAVR,303,0
AIBL,AVAR,69,0
AVAL,SIBVL,363,0
AIZL,AVKR,129,0
RIPR,RMDVR,365,0
OLLR,RMDVR,27764,1
RMDR,RMDVL,16724,1
RIAR,RMDVL,36286,1
OLLR,RIBR,12814,1
RIBL,RIBR,5480,0
RIBR,RMEV,7433,0
RIBR,RMED,3743,0
BAGR,RIH,1829,0
RMEV,SMDDL,1410,0
AIBL,RMEV,295,0
ADAL,ADLL,15532,1
ADFL,ADLL,999,0
ADLL,AWCR,741,0
ADLL,SIAVL,330,0
ADLL,RIAL,814,0
ADLR,RIFR,5232,1
ASKR,RMGR,6576,0
AVER,SIADL,2046,0
RIS,RIVR,693,0
RIS,SDQR,323,0
AVAR,AVBR,7377,0
SAADR,SAAVL,5012,0
AVJL,AVM,23744,1
AQR,AVJL,489,1
SDQR,SMDDR,707,0
ALMR,AVM,8448,0
AFDL,ASEL,318,0
ADAR,DVA,6943,0
RIML,RMFR,8021,1
RIML,RMDVR,658,0
PVPL,RIML,3692,1
RIAR,SAADR,598,0
AVHL,SIBVR,3452,0
ADFL,AWAL,20451,1
AVM,SIBVR,5598,0
DVC,SMBDL,1854,0
RMDVR,RMFL,454,0
AVER,SMBDL,886,0
RIGL,SMBDL,9782,0
AVKR,SMBDL,2418,0
PVT,SDQR,857,0
PVPR,RIFR,20420,1
RMFR,SDQR,7256,0
AVER,RIAR,3815,0
AVFL,RIFL,19784,1
SDQL,SDQR,35028,1
AIBR,SDQR,8326,0
AIBL,SDQR,12373,1
AVDL,SDQR,2358,0
AVKL,RIGR,3757,1
AQR,SDQL,315,0
AVHR,PVCL,6198,0
AVDR,AVM,1349,0
AVDL,AVM,14846,1
SIADR,SIAVR,44708,0
OLQVL,RMEV,1379,0
CEPDL,RMDL,3963,0
RIAR,RMDL,33186,1
RIR,SMDVL,109,0
PVCR,SDQR,589,0
AVDL,HSNR,8,0
BDUR,PVQR,421,0
AIAR,RMDR,75,0
AUAR,AWBR,1643,0
ADLR,RIAR,3131,0
SAAVL,SDQR,459,0
AVJL,PVR,1874,1
AVBL,AVDR,1645,0
AIBR,DVC,12249,1
AVFR,RIFR,3569,1
CEPDR,OLLR,14884,1
RIBR,SMDDL,7615,1
AVBR,DVA,5830,1
RIGL,SMBVR,143,0
AVBL,AVM,3205,1
AVDL,PVR,4888,0
RIGL,SMBVL,873,0
AIBL,AVDR,372,0
AVHR,AVM,18940,1
CEPDR,RMDVR,16337,1
RIBR,SMDVR,863,0
RMDVL,RMER,473,0
RIS,RMDL,23422,1
RMDR,RMER,334,0
RIAL,RMDR,33414,1
RIMR,RMDL,47394,1
CEPDL,RIMR,569,0
ADLL,RIML,212,0
ADLL,AVEL,1480,0
RIS,RMDDR,8208,0
AVDL,RICR,2625,0
AVBR,RIML,7744,1
PLNR,SAAVL,2805,1
RMDVL,SAAVL,4060,0
ALMR,AVJL,6715,0
AWBR,RIFR,5516,0
AIBL,RICL,701,1
ALMR,PVCR,15271,1
PLNL,RMFL,2770,1
RMDDR,SAADR,30819,0
RIML,SIAVL,2284,0
AVDR,RIML,6447,0
SIAVR,SIBVL,8715,0
AVHL,RIFR,3692,0
AVL,RIVL,2157,0
AVL,RIGR,20386,0
SMBDL,SMBVR,756,0
AVHR,SIBVR,9978,0
AVFR,PVNL,5510,0
DVA,PVPR,11343,0
AVHR,DVA,4797,1
SMBDL,SMBDR,4958,0
RIGR,SMBDL,1404,0
AVKL,SMBDL,14006,0
AVEL,RIAL,821,0
AWAR,RIFR,9485,1
RMFR,RMHR,43163,1
AVHR,RIFL,7714,1
RIGR,SDQR,186,0
RIAR,SDQR,11864,1
AVKR,RIGR,2703,1
ASEL,AVDR,71,0
AIBL,RIAR,4569,1
AQR,AVHR,2701,1
RIR,SMBVL,865,0
RICL,RMFR,1690,0
AVEL,OLQDR,790,0
OLQDR,RIBR,967,0
BAGR,OLQDR,997,0
OLQDL,RMDDR,14839,1
AVEL,RMED,1188,0
RIBR,RIMR,22074,1
RIBR,URYDR,11999,0
RMDL,SMDDR,2337,0
RIBL,RIMR,2600,1
RIAR,RMDR,25646,1
BAGR,RMED,4465,0
AIBL,AVAL,24705,1
RMHR,SAAVL,3296,0
RMDVR,SAAVR,4169,0
SAADR,SMDDR,17654,0
AVM,BDUR,16648,1
AVBL,AVDL,9396,0
AIZL,SMBDR,4627,1
AIBR,SDQL,851,0
ASHL,PVCL,678,1
ADER,SMDVR,124,0
ADAL,AVDR,8816,0
ADLR,AIYR,276,1
ADFL,SIBVL,2220,1
AIYR,RIBR,28165,1
AIYR,RIH,10882,1
AIYR,RIAR,15143,1
AVKR,SIADL,6868,0
RIS,SAADR,9266,0
RIH,SMBDR,1053,0
ASHL,AVBR,138,1
AVJR,SIBVR,208,0
SAAVL,SMBVR,19396,0
DVA,SAAVR,1211,0
FLPL,RIML,213,0
FLPL,RMFR,275,0
FLPL,SDQR,4780,0
AIBR,FLPL,4114,1
AVAR,FLPL,14679,1
AVJL,PVNL,2879,0
AVJL,RIFR,24236,1
RIR,RMDDR,3143,0
DVA,RICL,5792,0
PLNL,SMDVR,17882,1
RMFL,SMDVR,1488,0
SMBVL,SMDVR,3230,0
ADAR,AVHL,11866,0
ADAL,ASHL,32067,1
AIAL,ASEL,9579,1
ADFL,SMBDL,8366,1
DVA,SDQR,18093,1
AVKR,SMBDR,5961,1
SMBDR,SMBVL,25534,0
RIAL,RMFL,1651,0
RIVR,SDQL,4388,0
AVEL,SIADR,2530,0
ASHL,RIFL,31237,1
AIZL,RIBL,20819,1
AVAR,SDQR,221,0
AVAR,SDQL,3047,1
RIAL,SDQL,3014,1
ASEL,ASIL,3134,0
ASEL,ASHL,14995,1
AVKL,SIADR,3710,1
AIBL,ASIL,5151,1
ASHL,AWAL,12129,0
IL2DL,RMDVL,721,1
AVEL,OLLR,38504,1
RMDDR,RMGL,4712,0
AVEL,URYDR,12666,1
RMDL,RMDR,35740,1
AVER,RIMR,5647,0
CEPDL,RMGL,12870,1
RIH,SMBVR,4531,0
FLPL,SDQL,5650,1
AVKR,FLPL,2409,1
FLPL,RIAL,4,0
AWBR,SIBVR,1611,0
AVHL,RICL,1038,0
AVHR,RICL,5084,1
PVQR,RMGR,15345,0
AIAL,AIYL,4532,0
AIYL,ASIL,3798,1
AVFL,BDUL,12982,0
AVAR,PVCL,208,0
AIAL,AVDR,2,0
AIZR,SIBDR,2329,0
AIAL,AWCR,11646,1
SMBVL,SMBVR,22521,0
RMDVL,RMFR,5179,1
AIBR,AVAR,14085,0
AVEL,RMDVR,5009,0
OLQDL,SMDVL,391,0
IL1DR,IL2R,43,0
RIBR,RIS,14846,1
IL2VL,RIH,2942,0
AVL,RMDL,3326,0
CEPDR,SMDDL,4359,1
AIYR,ASIR,3687,1
AVFR,HSNR,5206,1
ASKR,RIFR,7665,0
RIVL,RMFR,4969,0
AIZR,RIBR,15682,1
AIYL,RIH,13220,0
AVJR,PVNL,5594,0
SAAVR,SDQR,5612,0
AVER,FLPL,362,1
ALMR,RIFR,4815,0
ASHR,ASJR,149,0
AWBL,RIBL,2454,1
AIYL,AUAL,34832,0
AIYL,RIBL,34725,1
ADAL,ADFL,1687,0
ADAL,AWAL,579,0
RIML,SDQR,2235,1
ASHL,RIML,7954,1
SIBDR,SIBVL,6692,0
ADFR,SIAVR,3247,0
RIVL,RMDDL,22,0
DVA,RMHL,1402,0
AVER,SIBDL,919,0
AIMR,ASHR,3377,0
RMDVR,SDQR,340,0
PVPL,SDQR,143,0
RIGR,SMBVL,2536,0
RMDVR,SDQL,921,0
IL2VL,RIPL,21106,1
URXR,URYDR,5965,0
RIBL,RMEL,8168,0
RIMR,RMDR,7273,1
RMEL,URAVL,8083,0
IL2L,URAVL,4021,0
SDQL,SMDDL,150,0
AIZR,RICL,42,0
SMBVL,SMDDL,438,0
AIBL,AIYL,5032,1
AVM,RIML,60,0
AVDR,RIFL,1016,0
RIS,SMBVR,6292,0
ADFL,AIYL,3165,1
IL2VL,OLQVL,13780,0
RIBL,RMDVL,344,0
AVKL,SMDVL,3076,0
AVEL,RIBR,18065,1
AVL,RIBL,2839,0
RMDR,RMEL,3669,0
RMDDL,SMBDL,14892,1
RMED,SMBDL,4740,1
RMDL,RMER,894,1
AVL,RMER,4042,0
AVJR,DVA,792,0
ASHL,AVM,56,1
AIYL,RIAL,16112,1
DVC,RMFR,14171,1
AVKL,SIADL,10606,0
AVBL,RICR,1647,0
AVL,RIH,1875,0
RIH,RMDDL,841,0
ASGL,ASKL,436,0
ADAL,AVBR,10909,1
AVBR,SDQR,365,1
ADAR,AWBR,2580,0
AWBR,SMBDR,421,1
ASIR,BAGL,304,0
PVPL,RICL,4523,0
RMDVL,SMDDR,402,0
RMHR,SMDVL,7946,0
RIMR,SIBVR,3990,0
ADAR,PVPR,3458,1
AIAL,RIFL,30949,1
RIML,SIBVL,621,0
ADFL,RIML,518,0
AVBL,RIML,13168,1
RIFL,RIML,48967,1
ADFR,SIBVR,2511,0
AIZL,SMBVR,1096,0
PVNL,RMGL,2003,0
PVCL,PVNL,1547,0
AVEL,SIBDR,2574,0
AVDR,DVA,21413,1
RIVR,RMFL,10111,0
RIVR,SDQR,9960,1
ASER,ASHR,3781,0
RIAL,SDQR,1959,0
AVKL,RIGL,12652,1
PVPL,RMHL,510,0
AIBL,AVKL,9644,0
PVCL,PVPL,17315,1
ASHR,AWAR,11474,1
AIZL,RMEV,16,0
IL2DL,SMDVL,32,0
AVL,SMDVL,2082,0
CEPVL,IL1VL,25443,1
OLQDR,RMEV,514,0
AVEL,CEPDR,6567,1
AVKR,RMDL,11780,1
BAGR,RMEV,4089,0
AVL,URYDL,407,0
RMEV,SMBDR,159,0
AVAR,AVM,2,0
AWBR,RICL,450,0
SDQR,SMDVR,9248,0
ADAL,AWBL,1733,0
AVAR,AVKR,7708,0
SDQR,SMDVL,5137,0
ADAL,RIFL,6091,1
RIAL,RIML,11737,0
RMFL,SMBVL,22422,0
AVL,IL1DL,353,0
IL2DL,RMDDR,264,0
RIS,RMEL,8490,0
AVKR,RMDR,29679,1
AVL,OLQDL,765,0
IL2L,IL2VL,726,0
AINL,AIYR,624,0
AIYR,RIFR,2413,0
IL1R,OLLR,22519,1
OLQVL,RMEL,2110,0
RIMR,SMDVL,10899,1
AVER,SMDVL,19,0
BAGR,OLLR,1503,0
AVEL,SMDDL,5533,0
AVL,IL2DL,163,0
RIBR,SIADL,72,0
RIMR,SIADL,711,1
RMEV,SIADL,635,0
AVKL,RMDL,16681,1
AVKL,RIMR,7317,1
AVER,AVKL,5067,1
RMDDL,RMEL,2023,0
RIH,SAADR,24852,0
RIH,SAADL,58207,0
RIH,RIVL,6359,0
RIH,RIVR,20255,0
RID,RMDDR,1930,0
PLNL,SAAVR,6337,1
SAAVR,SMBVL,13492,0
RIR,SAADR,5483,0
ASHR,AWBR,12590,1
AINL,ASIR,2585,1
RIAR,RICL,362,1
SDQL,SMDVR,591,0
PLNR,SMDVL,9108,1
SIAVR,SMDVL,10376,0
ADAR,AVEL,393,1
ADAR,AIBL,6797,1
ASHL,AWBL,10206,0
ADAL,AVBL,16956,1
RMDDR,SIBDR,387,0
AIAR,RIFR,19231,1
ASHL,SIBVL,1266,0
AVL,SMBDR,4093,0
ADFL,ASHL,11654,1
AIBL,RIFL,3635,0
AVDR,SDQR,394,0
AIBR,RIGL,15876,0
AFDL,ASIL,2841,0
AVJR,PVPL,5023,1
SMBVR,SMDDR,150,0
AVL,SAADR,3691,0
AVHR,BDUL,788,0
AVM,PVPL,750,1
RIGL,RMFR,1137,0
DVC,SDQR,123,0
AVKR,SIADR,7755,0
IL1VL,OLLL,14205,0
RIML,SMDVR,14011,1
SIADL,SMDVR,13461,0
RIMR,SMDVR,19595,1
RIML,RIMR,3754,1
AVER,IL1L,3226,0
RMDDR,SIADR,2092,0
RMDDR,SIBVL,4378,0
SIADL,SMDDL,34934,0
RIS,RMGL,2114,0
RICR,RIS,5172,1
RIAR,SIADR,3386,1
RMDL,RMFR,10066,1
AVL,RMFR,2089,0
RMDR,SMDDR,5248,0
RMDR,RMGL,36488,1
OLQDL,SMBDR,7855,0
OLQDL,SIBVL,5451,1
RIMR,RMEV,102,0
RICR,RIMR,3931,0
SIBVL,SMBDR,22197,0
IL1VL,RMEL,5845,0
BAGR,IL2R,3934,0
RICR,SMDVL,3555,1
AVKL,RICR,2040,0
AVBL,PVPL,13477,1
DVA,SMDVR,9452,0
CEPVR,OLQVR,11368,1
IL1R,RMEL,1594,0
RIAR,RMDVR,30115,1
RMDVR,SMDDL,712,0
RMDVL,SMBDR,162,0
IL1L,IL1VL,4996,0
OLQDR,RIS,763,0
RMDDR,RMDR,5294,1
RMDDR,RMDL,8991,0
SIADL,SIADR,2042,0
RMDL,SIADR,2995,0
SIADR,SIBVL,4093,0
RMDR,RMFR,3707,1
AVER,RMEL,121,0
RIAR,SMDDL,11537,1
RMFR,SMBVR,363,0
AVAL,SDQL,578,1
AVBR,RIMR,14297,1
FLPL,FLPR,22750,1
DVC,FLPR,774,0
FLPR,SDQL,7915,0
AIBR,FLPR,642,1
AIBL,FLPR,1047,0
AVAR,FLPR,6783,1
AVJL,RIMR,1716,1
ALMR,RIMR,523,0
RIFR,RIMR,35163,1
BDUR,RIMR,1404,0
ADAR,ADFR,2030,0
ADAR,RIAR,1718,0
AWBL,SMBDL,1298,0
ASHR,AVHL,13395,1
AVBL,PVNL,2405,0
AVHR,PVNL,1742,0
DVA,RIAL,277,1
RIAL,SMBDR,386,1
RMFL,SDQR,6788,0
AVER,SIAVL,18659,0
AVER,RIAL,2105,0
RMHL,SDQR,847,0
AVFR,AVM,2192,0
AVDR,RIAL,230,0
AFDR,ASIR,2330,0
PVR,RMDDR,12,0
RIAR,RMHR,117,0
PLNR,SDQR,102,0
PVPR,RIMR,326,0
AIAL,AINR,1967,0
AFDL,AIAL,1193,0
ADFR,ASHR,10460,1
RIAL,SIAVL,6457,1
IL1DL,RMFR,292,0
RMDVR,RMER,3901,0
OLQDR,RMEL,9,0
IL2DL,RMFR,167,0
RIS,URYDR,969,0
SIADR,SMDVL,10233,0
RIBL,RMFR,473,0
RMFR,URYDL,817,0
RMDR,SIBVL,10471,0
RMDL,SIBVL,2067,0
AVKR,RMGL,1101,1
RIAR,RMDDL,26065,1
BAGR,OLQVR,6793,0
FLPR,SDQR,1425,0
AVAL,FLPL,14734,1
RIH,SDQL,3465,0
DVA,RID,18744,1
ADAL,FLPR,5169,0
DVA,FLPR,2955,1
AVJL,BDUR,6563,1
ASER,ASIR,5645,0
RMHL,SMDVR,6340,0
ASHR,RIMR,1007,0
PLNL,RMHL,5596,0
ADAR,AWAR,94,0
ADAL,AIBR,3937,1
RIAL,SIBVL,5883,0
RIAL,SMBVR,126,1
PVPL,SIBVR,1051,0
AVAR,DVC,6334,1
AIBR,RIFR,3630,0
BDUR,RMGR,592,1
AVFR,AVHR,4234,1
ASHL,RIAL,1901,1
IL1L,RIAL,2594,1
CEPVR,IL1VL,11769,0
RMDVL,RMGL,19726,1
RIAR,SIADL,671,1
RMEV,SIADR,24,0
AVKR,RIMR,23495,1
AVKR,RMER,329,0
AVKR,RMEL,37,0
AVKR,RICR,3392,0
AVKR,SMDVL,267,0
RMED,URAVL,5089,0
IL1VL,RMER,6958,1
IL2VL,RMEV,1492,1
IL2VL,RMEL,5302,1
RMEL,RMGL,947,0
AVL,RMEL,3988,0
CEPDR,RIAR,1709,0
AVAL,DVC,12075,1
ASKL,RMGL,796,1
PVNL,RID,2353,0
AVM,RID,5862,1
FLPR,RIML,45,0
AVDR,FLPR,2854,1
ADAL,RIAL,23,0
AIAL,PVNL,4,0
AVHR,RMGL,786,0
AIBR,RIAL,145,0
AIBR,AIYR,2945,0
FLPR,RIAL,60,0
AVHL,RIMR,876,0
RIH,RMFR,61219,0
AVAL,AVAR,10399,0
DVC,FLPL,22,0
AVKR,SIAVL,2700,0
RIPL,RMEL,859,1
IL1L,RMGL,1652,0
RIS,RMFR,863,1
CEPDR,RIS,6168,1
RMDR,SIADR,4005,0
RMFR,RMGL,25841,1
OLQDL,RMFR,284,0
PVT,RMER,3216,0
RIH,URAVR,4335,0
RICR,RMDR,36,0
AVER,RMGL,36,0
RMEL,URAVR,1853,1
SMDDL,SMDDR,3306,0
IL2R,URAVR,5948,1
OLQVR,RIPR,3674,1
AIBL,FLPL,3232,1
AQR,RID,2605,0
AVBR,AVHL,10101,0
RMHL,SAAVR,2349,0
ASGL,ASJL,1107,0
AVBL,RIMR,5259,1
AIAL,AUAL,352,0
AVBL,AVHL,7616,0
AVL,SIADR,4909,0
AIBR,AINL,2549,0
AVBL,RIAR,963,0
ASER,RIFR,2558,0
AFDR,AIBR,7042,0
RIAR,SDQL,187,0
AIZR,RIAL,427,0
HSNR,RMDDR,36,0
RIH,SDQR,85,0
RIH,RMHR,11659,0
PVNL,RMDDR,97,0
ADFR,RIFR,562,0
ASHR,SIBVR,68,0
OLLL,OLQVL,2653,0
BAGL,OLLL,1958,0
CEPDR,IL1R,569,0
IL2R,RMDVR,227,1
AVEL,SMDVR,357,0
AVEL,RIML,7678,1
RMDVL,RMEL,3609,0
IL1L,RMDR,7297,1
IL1L,URAVL,2191,0
IL1DR,RIS,215,0
RMEL,RMFR,98,0
OLQVR,RIH,17573,1
CEPDR,RMDDL,5383,0
FLPL,RIAR,494,0
DVA,RIAR,697,0
IL1DL,PVT,377,0
RIAL,SIADR,172,0
RIPL,RMEV,629,0
AVL,SMDVR,1531,0
RMDDR,RMFR,1256,0
IL2DL,PVT,508,0
SIADL,SMDVL,11232,0
RICR,SIADR,7283,0
PVT,RMFR,9153,1
CEPDL,RMFR,2360,0
PVT,RIBL,1437,1
PVT,URYDL,767,0
OLQDL,PVT,862,0
AVKR,RMFL,19697,1
RIMR,RMFL,10423,0
AIAL,BDUL,23,0
RIS,SIBVL,24,0
FLPL,RIH,20107,0
RIH,SIBVL,3570,0
FLPL,RIVL,144,0
RICL,SIAVL,6993,0
SIAVL,SMDVR,10629,1
DVA,SMDVL,6940,0
AIBL,AUAL,3319,0
AIAR,AINL,1346,0
AIBL,AINR,1346,0
SAADL,SIBVL,26342,0
AVHL,PVCR,6849,0
RMHL,SAADL,7531,0
SIBVR,SMBDR,11142,0
AINL,ASGR,298,0
AVKR,SIBDR,750,0
AIZR,SMBDL,244,0
AFDL,AIBL,6298,0
AIZL,AIZR,10193,0
HSNR,RMGR,3889,0
DVA,FLPL,11338,1
RIAR,RIMR,5959,0
BDUL,RIML,3853,1
RIAR,SIBVR,2101,0
AVEL,RIAR,1576,0
AVDR,FLPL,1997,1
SDQL,SMDVL,780,0
ASEL,RIFL,317,1
RMFL,RMHL,46149,1
ASHR,RIAR,2276,1
RID,RIS,119,0
AVBL,BDUL,833,0
CEPVR,IL1VR,12872,1
BAGR,RMDVR,5248,0
IL1DR,RIAR,165,0
IL2R,RIBR,525,0
AVFR,SMDDL,115,0
AINR,AIYR,1174,0
FLPR,RIH,17989,1
AINR,RIH,386,0
BDUR,RID,252,0
AIBR,AVBR,13973,1
FLPR,RIVL,109,0
ADAR,FLPL,4771,1
ADAL,FLPL,1394,0
AVBL,FLPL,8028,1
ADAR,AVJL,6841,1
ALMR,RICR,1402,0
ADAL,PVCL,271,0
AINR,RMEV,15,0
PVNL,RIML,833,0
AVFL,RIML,186,0
AVER,SIBVL,3492,0
SAADR,SIBVR,17668,0
AVFL,SIBVR,105,0
AVFR,SIBVR,6944,0
AVEL,SIAVR,13669,0
ASIL,AWAL,3045,0
RIAR,SIAVR,1566,0
RIR,RMFR,19581,0
RIH,SAAVL,6922,0
RIH,SMDVL,2323,1
ALMR,AVHL,1188,0
PVCL,RIML,3858,1
AINL,AINR,9129,0
RMHR,SAADR,5637,0
AIZR,RIFR,271,0
OLQDR,SMDVR,181,0
SIADR,SMDVR,11162,0
AVKR,SMDVR,2334,1
RIML,RMDL,11561,1
CEPDR,RIML,188,0
RIS,SIADR,128,0
RIMR,SAADL,33690,1
SAADL,SAADR,7666,0
CEPDR,RMDL,690,1
RMDL,SMDDL,5036,0
RIH,RMHL,11165,0
AIBR,RMFL,9317,1
RIAL,SIADL,5901,1
RIPL,RMED,1445,0
IL1L,RMDVR,3526,1
RIML,RMDR,53683,1
RMFL,RMFR,15124,0
PVT,RMEL,2724,0
PVT,RMFL,5081,1
CEPDR,RMDR,2337,0
RMDR,SMDDL,2496,0
AVKR,SAADL,2303,1
BAGL,RIBL,7176,0
RMDDL,RMER,516,0
AIYL,AIYR,10852,0
AIYR,RIAL,276,1
AINL,AIYL,357,0
AFDL,AWCL,2823,0
AVBR,AVER,17095,0
FLPR,RIVR,152,0
ASIR,AWBR,3199,0
AFDR,AWBR,143,0
PLNL,RICL,2356,0
DVA,PLNL,164,0
ADAR,AVM,120,0
ADAL,AQR,927,1
AINL,AUAL,5452,0
RMDDR,SIBVR,16490,0
AIAR,AINR,1833,0
AINR,AUAR,4966,0
AIBR,AUAR,715,0
AIBR,AINR,4670,0
AVL,DVC,3970,0
RMGL,SIBVR,3623,0
AIBL,AINL,5828,1
RIAL,SIBDL,896,0
AVER,PVCL,3591,1
AVKR,SIAVR,33492,0
ASER,AWBR,11611,1
AIYL,AIZR,1237,0
AVAL,RIH,156,0
RMDDL,SIBVL,11178,0
PVCL,SIBVL,5873,1
AIBL,AVBL,20715,1
AFDR,AWCR,1481,0
AIZL,RIGR,990,1
PVCL,RIAL,657,0
AINL,RIH,99,0
OLLL,RIGL,5494,0
RIPL,RMER,1178,0
RMDVL,RMDVR,17571,1
RMDR,RMDVR,8225,0
RMDVR,RMEL,1039,0
RMDVR,SIBVL,6994,0
DVC,RMFL,8457,1
AVKL,RIML,16807,1
RIBL,URXL,2468,0
IL1DR,SMDDL,19,0
ALNL,RMFR,1116,0
ALNL,AVKL,1722,0
IL2DL,SMBDR,23,0
BAGR,RIBR,6766,0
BAGL,RIS,1406,0
RMER,URAVL,2075,1
RIGL,RMER,532,0
IL2VL,RMED,2709,0
AIYR,AIZL,124,0
HSNR,RIMR,2262,0
RMFR,SIBVR,12255,0
AVAL,FLPR,2986,1
ADFL,RIFL,2629,0
SIADR,SIBVR,4139,0
RIAR,SIBDR,550,0
AVER,DVA,10583,1
AVKR,DVA,5658,1
AQR,DVC,11783,0
AVM,PVCR,10602,1
AVKL,SIAVL,24651,0
AIBL,SIAVR,391,0
AQR,AVAR,8448,1
ADAL,AVAL,7137,1
ADAL,DVA,3644,0
RMHR,SMBVR,24005,0
AVJL,HSNR,3442,0
RIH,RMFL,25162,0
AINR,ASGR,2277,0
AVM,RIMR,1334,0
DVC,IL1DL,228,0
AIBR,SAADL,3672,0
AIBR,SMDVL,5226,1
RIAL,RMDL,19436,1
RMDDR,RMDVR,1675,0
RMDVR,SIADR,4286,0
RMDL,RMDVR,13518,1
IL2DR,SMDVR,40,0
SMDVR,URYDR,46,0
DVC,IL2DL,210,0
DVC,SAADL,1710,0
DVC,RIBL,3283,1
CEPDL,DVC,96,0
DVC,RMER,596,0
DVC,URYDL,516,1
DVC,RMED,1459,0
DVC,OLQDL,650,0
IL1VL,OLQVL,12345,0
RMDL,RMDVL,15521,1
OLQDR,RMDDL,15243,1
AVL,OLQDR,616,0
AVL,IL1DR,477,0
ALNL,RMHR,11860,0
ALNL,RMGL,23675,0
AVEL,AVER,1305,0
AVKL,SAADL,431,0
AVKR,RMHR,1550,0
AVKL,RMHR,4977,1
RMGL,RMHR,21213,0
AVKL,RMER,12,0
RMGL,SAAVL,304,0
RMFL,SAADR,9320,0
AQR,FLPL,55,0
AWAL,SMBDL,4,0
RIAR,RIFR,433,1
AIYL,SMBDL,2737,1
SIADL,SIBVL,17527,0
RIGL,SIADL,8432,0
ADER,RIH,8936,0
ASKL,RIFL,1028,0
ADER,FLPL,7536,1
AVM,RICL,308,0
AVHL,RICR,1745,0
ASIL,AWBL,4072,0
ADAL,SDQR,1672,0
ADAL,SDQL,409,0
ADFL,PVCL,253,0
AINL,ASGL,1833,0
PVNL,RMGR,3662,0
ADER,DVA,4795,0
PVCL,RIFL,1104,0
AQR,AVKL,4964,0
AIBL,PVPR,611,0
AIBL,AQR,1219,0
AIYL,SIBDL,6630,0
AVAR,RIH,303,0
PVT,SIADR,2571,0
AVFR,BDUR,384,0
AIBL,AVBR,2181,1
AVFR,RIMR,801,0
RIMR,SIAVR,3252,0
ADAR,DVC,465,0
DVA,PLNR,1081,0
RIGR,SIADR,3915,0
AVAR,AVKL,3591,0
PVCL,SIAVL,625,1
RMDVR,SMBDR,152,0
RMDR,SMDVR,3545,0
DVC,RMEL,910,0
ALNL,RIMR,945,0
IL2R,RIS,344,0
RMED,RMFR,2,0
RID,RMED,9446,0
RID,RIGL,8307,0
IL2VL,RMER,2408,1
RMDDL,SMBDR,1789,0
RIGL,RMEL,3349,0
RIGL,RMED,3387,0
AVL,BAGL,284,0
ADFR,AIYR,4321,0
AIYR,SMBDR,7819,0
AVBR,HSNR,1376,0
AIYL,SMBDR,791,0
ASIR,ASKR,4994,1
ADER,AVAL,15342,1
AWBL,AWCL,1356,0
AUAL,AWCL,824,0
ADEL,RIH,9638,0
AVBR,AVKR,173,0
ADEL,FLPR,1705,0
SIBVR,SMDDR,17628,0
PLNR,RICR,3956,0
ADAR,ADER,7857,1
ADAL,ADEL,3092,0
AIAL,AINL,515,0
AUAR,AWCR,2873,0
DVC,PVPR,997,0
ADEL,RIVR,605,0
PVCL,SIBDL,2705,0
AIZL,SIBDL,886,1
RIFL,SMBVL,1844,0
ADEL,SDQR,2121,0
ADEL,RIGL,6622,1
ADEL,RIGR,23537,1
ADEL,SDQL,8221,0
PVCL,SMBVL,186,0
ADEL,AVKL,356,0
ADER,AVAR,7876,1
ADEL,AVAR,23562,1
ADEL,AQR,1547,0
RIAL,RIFL,86,0
ASEL,ASKL,5952,1
RIMR,SMBVR,370,0
AQR,AVL,90,0
AQR,RIGR,1516,1
AVDR,AVKR,3113,0
ADEL,ADER,58111,1
ADER,AQR,241,0
AINL,ASKL,2513,0
ASJR,RIFR,188,0
AIBR,SAADR,2064,1
RIPL,URAVL,29022,1
ALNL,DVC,473,0
IL1L,RMDDL,11413,1
OLLR,RIS,230,0
AVL,RIBR,3918,0
AVL,IL2DR,396,0
PVT,RID,6,0
BAGL,PVT,564,0
RMDDL,RMDR,6205,1
AVER,RIGR,8241,1
AVL,RMHR,349,0
RMER,URAVR,9351,1
AVL,URYDR,1422,0
RICR,RMDDL,1998,0
RIGL,SAADR,4256,0
IL2L,RIGL,22,0
RIGL,RMFL,21786,0
SAAVL,SIAVR,195,0
AIYL,RIGL,16,0
AVDL,AVHL,17743,1
DVA,DVC,317,0
RIVR,SMBVL,46,0
AIYL,SIBDR,201,0
AINR,ASKR,1442,0
AWCR,RIBR,3727,0
AVAL,AVL,3879,0
AVAL,PVPR,5678,1
ADEL,AVAL,20038,1
AWCL,RIBL,2104,0
AIBL,ASKL,7073,1
ASIL,ASKL,5410,0
AVHL,RID,2389,0
ADER,FLPR,4984,1
AVJR,RIML,2587,0
AIML,PVQL,2693,1
SIBVL,SMDDL,21484,0
AIZR,ASIR,146,0
ASER,ASJR,5036,0
AIMR,PVQR,3208,1
ADER,SMDVL,4205,0
RIMR,SMBDR,939,0
PLNL,SDQR,960,0
ADEL,AVL,1054,0
BDUL,SIBVR,1038,0
AVKR,SIBVR,1547,0
RMHR,SIBVR,43205,0
AVBL,SIBDL,941,0
AVBL,SMBVL,496,0
ADEL,SMBDR,7545,0
ADEL,SMBDL,2167,0
AVKL,PVPR,4833,0
AVHR,SIAVL,493,0
HSNR,PVQR,3458,0
AIYL,RIMR,1179,0
ADEL,AIYL,22,0
ADER,SAAVL,6470,0
ASEL,ASJL,4552,0
AINL,ASJL,328,0
ALMR,PVPR,751,0
AUAL,RMEV,1389,0
RMGR,SIBVL,4793,1
AVKR,PVPL,5049,0
CEPVL,RIS,12837,1
CEPVL,OLLL,15946,1
CEPVL,IL1L,510,0
CEPVL,RMDR,174,0
AVER,CEPVL,5965,1
RIBR,RMDL,3101,0
RICR,SIADL,582,0
RMDDL,SIADL,2713,0
CEPDL,RIGL,548,1
CEPDL,RMHR,1027,1
RIGL,URYDL,2466,1
ALNL,SAADL,1317,0
ALNL,RIGL,1570,0
OLQVR,RMED,337,0
RMED,RMFL,121,0
RMDDL,SIBVR,1529,0
SIBVR,SMBDL,13374,0
IL1DL,RIGL,666,0
RMDDL,RMDVL,2759,0
OLQDR,SMBDL,11942,0
IL1L,RIAR,910,0
IL2DL,RIGL,1016,0
OLQDL,URADL,1119,0
AVKR,RIGL,3613,1
RIGL,RMHR,7489,1
AIYR,SIBDR,158,0
AIYL,PVCL,131,0
AWBR,AWCR,1338,0
AINR,ASJR,120,0
ADEL,RIMR,1971,0
BDUR,SIBVL,999,0
AVBL,AVKL,8228,0
AVAR,RIGL,2237,1
RICL,RMGL,5193,0
RMDR,SIADL,2739,0
AIBR,RIBL,6613,1
RIVR,SAAVL,3213,0
RMHR,SMDDL,4657,0
RMHR,SMDVR,3048,0
SAADL,SMDVL,47,0
RMDR,SMDVL,1221,0
RMDVR,SMDVL,105,0
IL1L,RMDL,7363,1
ALNL,RIVR,7166,1
RIML,SAADR,23405,1
AVER,SAADL,5214,0
RIGL,SAADL,11085,0
RMDR,SIBVR,2213,0
AVER,RMFL,34,0
OLQDL,RMDDL,1418,0
OLQDR,PVT,1895,0
RMDR,RMHR,16732,1
OLQDL,RIGL,1837,0
RMDVR,RMHR,3087,0
IL1VL,RIPL,23894,1
AIYR,RIMR,2107,0
AVM,HSNR,1024,0
AIYL,RIS,2563,0
RIS,SIBDL,2,0
ADEL,RIS,51,0
AVBR,SIAVL,4713,0
ADEL,SAAVR,7072,0
AVBL,AVJL,8384,1
ASIR,ASJR,3656,0
ASGR,ASJR,1454,0
PVNL,PVQR,10186,0
ADAL,SMDVR,1676,0
ADEL,SMDVR,1928,0
ADEL,PLNL,1040,0
ADAR,AQR,4208,0
AUAL,SIBDL,1756,0
RMEV,SIBDL,976,0
RIML,SMBVL,1626,0
RMFL,SIBVL,18218,0
RMHL,SIBVL,41974,0
RIR,SIBVR,7871,0
SIAVL,SIBVR,13321,0
AVBL,RIFR,123,1
RIFR,SIBDR,245,0
PVCL,SMBDL,216,0
RIBL,SIBDL,3923,0
ASGL,RIFL,1,0
ASGL,AWAL,4888,0
AVER,PVPL,5185,0
ADER,RIGL,16872,1
RIS,SIBVR,186,0
BDUL,RIS,268,0
AVHR,RIS,533,0
RID,RMGR,6177,0
AVBR,AVEL,95,0
ADFR,AWCR,459,0
AWAL,RIFL,53,0
ADEL,PVCL,399,0
AVM,RIFR,28,0
ASEL,PVQL,11861,1
CEPVL,RMDL,16788,0
CEPVL,RMDDL,18913,1
RIBL,RIGL,4120,1
CEPDL,SIBVL,427,0
SAAVR,SMDDR,3683,0
RIMR,SAAVR,18714,1
CEPDR,SIBVR,3252,0
RICR,SMBDR,14217,1
RMDDL,SMDVL,32,0
AVKL,SAADR,4142,1
AVEL,SAADL,682,0
OLQDR,SIBVR,4399,1
RMDVL,SIBVR,7900,0
OLLL,RMDDL,22556,1
BAGL,DVC,172,0
RIGR,RMFL,1974,0
RMDDL,RMHR,146,0
ADEL,SIBDL,7,0
AIYR,RIS,15336,0
AIYL,RIML,1158,0
RMFR,RMHL,1385,0
RIBR,SIBDR,7856,0
RIH,RIS,10363,0
AVJR,RIS,6969,1
AVM,RIS,12302,1
AVDR,RIS,387,0
AWCL,SIBDL,2246,0
FLPR,SIBVL,1838,0
FLPR,SMBDL,2422,1
FLPR,RIGL,598,1
AVFR,RICL,68,0
ADAR,SMDVL,1566,1
AIAL,AWAL,9809,0
AUAR,SIBDR,3270,0
AVHL,AVM,4529,0
AVBL,AVEL,9460,0
RIR,RMHL,52019,0
RMFL,RMHR,20404,0
AFDL,SIBDL,1252,0
ASGR,RIFR,460,0
PVCR,RIFR,317,0
ASHL,SMBVL,7949,0
ADEL,AVM,322,0
AVM,SIAVR,2866,0
AVDL,PVPR,5446,0
RIH,SAAVR,262,0
AVHL,PVR,1195,1
PVPL,RIS,947,1
RIML,RMEV,1464,0
RIBL,RIML,13383,1
ADER,RMFL,603,0
RMDL,SIADL,6927,0
SAAVR,SIADR,1654,0
CEPDL,CEPDR,146,0
CEPDL,RMDDL,164,0
CEPDR,SMBDL,6131,0
RICR,SMDVR,2563,1
AVAR,SMDVL,2237,0
RMDDL,RMDL,5360,0
ALNL,RMDR,1746,0
AVAR,RIMR,10548,0
AIBR,RMEL,398,0
RIGR,RMED,1810,0
RMGL,SIBVL,5907,0
AVAR,SAADR,6034,1
AIBL,RMFL,1932,1
AVER,RMDDL,3183,0
RMDDL,RMHL,6349,0
IL1VL,RMDDL,58043,1
AIBL,RMFR,2880,0
RMDR,RMHL,16753,1
AIBR,BAGL,322,0
RMHL,RMHR,11685,0
AFDR,SIBDR,136,0
RIGL,SIBVL,1265,0
AIYR,AVBR,675,0
AIYL,AVBL,987,0
ADFR,RIBR,2977,0
AVBR,RIS,5940,0
AVAL,RIGR,3768,1
AWCL,RIML,4352,0
RIH,SIBVR,641,0
AVBR,FLPR,262,1
AVBR,SMBDL,591,0
FLPR,PVCL,6830,0
ADEL,FLPL,3190,1
ASEL,AWBL,10180,0
AUAL,RIML,4964,0
ADFR,AIAR,2033,0
AIAR,SMBVR,10629,0
ADFL,AIAL,2524,0
AIAL,RMGL,1380,0
AVHR,RIML,1315,1
ADER,SIBVL,322,0
ADEL,SAADR,11431,0
ADFL,RIBL,1252,0
ADEL,SMBVR,509,0
AWCR,SIBDR,2637,0
RIR,RMHR,19413,0
AVEL,PVCR,7071,1
ADEL,SAAVL,3484,0
AVDL,BDUR,557,0
AIYL,AVJR,6929,0
ASHL,AVJR,1271,0
ASIL,ASJL,2618,0
ADAR,ADEL,1130,0
AIBR,SIBDR,1016,0
ASGR,AWAR,4908,0
CEPDL,SMBDR,3625,1
RMDL,SMDVL,2171,0
RMED,SAADL,72,0
RIGR,SAADL,3225,0
RMDVL,SMBDL,801,0
AVEL,BAGR,15988,1
OLQDL,RMHL,3656,0
IL1VL,IL2VL,16488,1
RIH,SMBVL,50,0
AVEL,AVM,2,0
AIYR,AVJL,7283,1
HSNR,SIBVL,2801,0
AIYL,ASHL,344,0
ASKR,AWCR,914,1
ASKL,AWCL,1264,0
AVBR,RIH,3414,0
RIH,SMBDL,1458,0
AIMR,RID,3392,0
AIZR,AVBR,1151,0
AVM,FLPR,3126,1
ADAL,AVJR,5560,1
AVJR,SIAVL,35,0
AIBR,SAAVL,248,0
AIML,RICL,3732,0
ADAL,AVHR,2349,0
AVBL,RMEV,2174,0
AIAL,SMBVL,10027,0
ADFL,AVBL,2540,0
RIGR,SIBVR,338,0
ADEL,SIBVR,1304,0
AVBL,RIBL,1610,0
AIZL,AVBL,4005,0
DVA,PVR,7288,1
AVM,DVA,26,0
RMFL,SMBDL,5948,0
PVPL,RIFL,9371,0
BDUL,SIAVL,651,0
AVFR,SIAVL,2374,0
ADEL,SMBVL,2909,0
ADEL,SIAVR,33,0
PVCL,RIS,3414,0
AIYL,RIFL,2724,0
FLPR,RIS,11780,0
AVJL,RIS,12389,1
AIMR,RICR,2795,0
PLNL,SIBVR,1388,0
AWCR,RIMR,1064,0
AIAL,AIZL,17600,1
AVBL,DVC,979,0
FLPL,RIMR,104,0
ADER,PLNL,123,0
PVCL,RIMR,28,0
RICR,SIBDR,9402,1
CEPVL,RIH,4122,1
CEPVL,RIAL,8706,0
AVAL,RMDDL,601,0
AVAL,RMDR,764,0
AVAL,RMHL,6242,0
OLQVL,RIBL,2464,0
CEPDL,SMBDL,514,0
AIBR,URYDL,729,0
RMHL,SMDDR,4894,0
RMHL,SMDVL,50,0
RMDL,SIBVR,12096,0
ALNL,RMFL,723,0
RMDDR,SMBDL,969,0
OLLR,RMER,4336,1
RMHL,SMBDR,51,0
IL1DR,PVT,590,0
IL2DR,PVT,411,0
OLQDL,RIPL,6,0
RMDVR,URADR,464,0
ADAL,AIYL,1001,0
AIYL,SMBVL,3764,0
AVBR,RIBR,1475,0
AWBR,RIBR,1385,0
RMFL,SIADL,3899,0
AVEL,FLPR,7036,1
FLPR,PVCR,17312,1
FLPR,SIAVR,904,0
FLPL,RMFL,2820,1
FLPL,PVCL,13824,0
FLPL,SIAVR,230,0
ADAL,PVQL,4756,0
AWBR,RIMR,27,0
ADAL,AIAL,998,0
ADAL,AVFL,1624,0
ADAL,BDUL,2285,0
ADAL,SMBVL,3968,0
AUAL,AVBL,642,0
AUAR,RIMR,3445,0
ADEL,SAADL,754,0
RMFL,SIBVR,4006,0
BDUL,DVA,3136,0
ADEL,DVA,6545,0
RMFL,SMBDR,3733,0
AIBL,SIBDL,2776,1
AIZL,ASGL,4583,0
ASIL,RIBL,1675,0
ADER,RIGR,2191,1
PVCL,PVCR,10671,1
PVCL,SIAVR,4579,1
AIZL,ASHL,6375,0
AIZR,ASHR,7688,0
AFDR,SABD,27,0
AWCR,RID,13,0
RICL,SMBVL,7174,0
SIBVR,SMBVL,2250,0
AIML,AIZL,689,0
AIZR,ASGR,5490,0
ASKR,SAAVL,173,0
AVAR,SIBDR,2517,0
RIBR,RMFL,254,0
PVT,RIBR,991,0
AVAL,SMDDL,3025,0
PVT,URYDR,751,0
SAAVL,SAAVR,9988,0
RIML,SAAVL,20268,1
AVAR,SAAVL,8283,0
RMHR,SAAVR,2068,0
CEPDR,RMFL,6202,1
OLQDL,RICR,3428,1
RIVR,SMDDR,348,0
SAADR,SMDVR,182,0
AIBL,SMDVR,2744,1
RIGL,RIML,8318,1
RMDVL,SIBVL,2116,0
AVL,RMFL,2953,0
AIBL,SAADL,1318,1
RIAL,SIBVR,380,0
RMDDL,RMFL,3641,0
AVKL,RMFL,5608,1
RMDDL,SIADR,2661,0
AVM,RIH,18,0
ASKR,SABD,297,0
ASIR,RIBR,704,0
ASKL,SAAVR,1075,0
RID,RIMR,829,0
ADFR,AVBR,1584,0
AVBR,RMFL,2994,0
ASIR,RIMR,674,0
AVHL,BDUR,1751,0
ASGR,SMBVR,101,0
SIADR,SMBVR,2873,0
ADER,SAADL,1786,0
AIML,SIBVR,999,1
RMFL,SIAVL,3084,0
RMFL,SIAVR,3531,0
AIML,ASHL,2794,0
ASGR,ASHR,403,0
ADEL,RMHR,1948,0
RMHR,SIADR,9203,0
PVCR,SIAVR,441,0
AIYR,SMBVR,1509,0
FLPL,RIS,10366,0
AVBR,FLPL,56,0
AVJR,SMBVL,3086,0
ASJL,SAAVR,585,0
RMFL,SMBVR,22201,0
RIVR,SIBDR,4277,0
AVAR,SIADL,3124,0
CEPDL,RICR,3104,1
CEPDL,PVR,7002,0
CEPDL,OLQDL,5027,1
CEPDR,PVT,16,0
RICR,URADL,227,0
OLQVR,RMEV,3929,0
RMEL,RMFL,564,0
AVEL,SAADR,4230,0
IL1DL,PVR,3526,1
OLLL,RMFL,757,0
AVAR,RMHR,6134,0
RMGL,SMBDR,1711,0
ADEL,IL1L,4459,0
PVR,URADL,168,1
PVR,RIPL,19800,1
AVEL,RIGL,1519,1
AIBR,AVEL,6585,1
AIZL,AVEL,15640,0
AIBR,RIGR,37,0
ASJR,RIBR,1025,0
PLNR,RID,1790,0
AUAR,RID,3567,0
ASEL,SAAVR,876,1
ASJL,AWBL,753,0
ASJR,SABD,438,0
ASGL,RICL,939,0
ASHL,RICL,6364,0
PLNR,SIBVL,8841,0
ASHL,RMEV,1048,0
AVBL,AWAL,1014,0
PVT,SMBDR,2908,0
PVCL,RMFL,361,0
AIMR,AIZR,527,0
RMHL,SMBVL,23420,0
AVAR,BDUL,1352,0
ADER,AVKR,2582,0
RICR,SMBVR,3678,0
AIZL,RICL,1737,0
SIBVR,SMBVR,2560,0
AVAR,AVFL,3596,0
CEPVL,RIBL,1685,0
AVAL,SAAVR,9422,1
AVAL,SIADR,5634,0
RIH,URYVL,1625,0
RMDR,SAAVR,92,1
RICR,RMDDR,48,0
RMDL,SMDVR,967,0
ALNL,SMDVR,4565,0
RMDL,RMEL,945,0
ADER,IL2R,8648,0
RMER,URYVL,2526,0
RMEV,URYVL,8894,0
RMEL,URYVL,370,0
ADEL,RMEL,1857,0
RMFL,RMGR,23186,1
ADER,OLLR,9225,1
OLQDL,SIADR,168,0
BAGR,RIGL,6286,1
RIGL,RMGL,3004,1
RMDVL,SIADR,806,0
AIYL,AVHR,68,0
AIYL,AVDR,971,0
AVAR,RIFL,3441,0
AIZR,RID,1260,0
ASHR,RID,4153,0
AVBR,SMBVL,4541,0
AVBR,AWAR,1586,0
AVBL,FLPR,1871,1
AVKR,FLPR,187,0
ASGR,RICR,266,0
AIZR,RICR,370,0
ASER,SABD,658,0
AVER,AVHR,2162,0
RMHL,SIBVR,1919,0
AVFR,DVA,558,0
ADER,SIADL,266,0
ADFR,RID,562,0
ASGL,SAAVR,76,0
ASIR,SABD,186,0
ASIL,RIML,78,0
RMHL,SMBVR,15603,0
RIS,SMBDR,24890,0
PVCR,RIS,4428,0
AVDL,FLPR,3236,1
ASHR,RICR,3233,0
ADAL,AIML,1638,0
AWAR,SABD,37,0
RMEV,SIBVR,1939,0
ADER,SMBDL,1606,0
RMHL,SIADL,9135,0
AVKR,SMBVR,2095,0
ASGR,SABD,534,0
PVR,SIAVR,430,0
AVEL,PVCL,5684,1
ADEL,BDUL,8260,1
PVCL,SMBVR,1000,0
ADEL,PVPR,106,1
SIBDR,SMDVR,2788,0
SIBDR,SMDVL,580,0
RIML,SIBDR,1598,0
AVAL,RMDDR,476,0
AVAL,SMBDR,5552,0
RIBL,URYVL,13945,1
CEPDL,RMDVR,266,0
CEPDL,RIPL,84,0
SAAVL,SMDVR,551,0
AVEL,URYDL,606,0
AIZL,URYDL,137,0
CEPDR,RMGR,10200,0
IL2DL,RICR,185,0
OLLL,SAADR,3742,1
AVL,OLLR,27,0
RMFR,SAADL,11896,0
OLLL,RMDVR,563,0
RMDDL,RMGR,668,0
AIZR,AVER,9529,1
ASJL,RIBL,123,0
AIML,AIYL,7530,0
FLPL,SMBVR,722,0
SMBDR,SMDDR,5535,0
ASHL,SIBVR,505,0
PVT,SMBVR,103,0
ADAL,RMGL,8158,0
RMHR,SMBDR,2139,0
AIAR,AIYR,3416,1
ADEL,AVKR,4336,0
AVKL,PVPL,544,0
RMEV,SIAVL,3870,0
AIML,AVDR,202,0
SIBVL,SMBVR,761,0
AIZR,SABD,446,0
AVEL,FLPL,7162,1
AVJL,PVQR,2774,0
SIBDR,URYDL,165,0
CEPVL,CEPVR,8348,0
SIADL,SIBVR,8582,0
OLQVL,RIS,1911,0
AVAL,SMDVR,2781,0
CEPDL,URBL,25539,1
AVEL,CEPDL,12,0
AVDR,CEPDL,534,0
SIBVL,URBL,12389,0
RMDVR,URBL,827,0
RMDVL,URBL,16687,1
DVC,URYDR,115,0
RIML,URYDL,80,0
ADEL,IL2L,6867,0
AVEL,URXL,6524,1
OLLL,RMDL,2715,0
ADEL,RMDL,529,1
RIMR,RMEL,474,0
RIGR,RIML,1718,0
AVDR,IL1DL,314,0
ADEL,OLLL,5079,1
AVAR,RMHL,9206,0
DVC,IL1DR,253,0
DVC,OLQDR,355,0
DVC,IL2DR,83,0
AVDR,AVEL,7364,0
AVDR,IL2DL,415,0
AVER,URYVL,12012,1
IL1VL,URYVL,17207,1
AVDR,OLQDL,474,0
AIZL,BAGR,2166,0
AVDR,BAGR,5263,0
AIMR,AIYR,7354,1
DVA,RMEV,3137,1
AVKL,SMBVL,6769,0
ADEL,AVFL,2234,0
AIYL,AVBR,944,0
PVT,RIS,603,0
BDUR,RIS,634,0
AVAL,AVHL,5807,0
RICR,SABD,540,0
AVHL,FLPR,2148,1
ADER,AVHL,72,0
ASER,AUAR,1764,0
ADFR,ASER,422,0
FLPR,PVR,739,0
AIML,AVJR,808,0
AIAR,RIS,330,0
AVJL,FLPR,85,0
BDUR,FLPR,2638,0
AVAR,AVHR,2889,0
AVAR,PVQL,4911,0
AVKR,RIFL,354,0
AVFL,AVKR,5615,0
ADER,AVKL,378,0
AIYL,SIAVL,5118,0
RIS,SIAVR,2089,0
PVPL,RIGL,7061,1
AIML,AVBR,1269,0
SABD,SMBVR,422,0
AIAL,SMBVR,2403,0
AIAL,RMHL,2004,0
AVDL,FLPL,6500,1
SIADL,SIBDR,161,0
SAAVL,SIBDR,217,0
AVEL,RIBL,4659,1
CEPDL,RMHL,24,0
SMBDR,URBL,10292,0
RMGL,URBL,8278,0
AVDR,URXL,651,0
OLLL,RIMR,772,0
RIAL,RIMR,134,0
RMDDR,RMEL,2513,0
RMEV,URAVR,4216,1
RMEL,SAADR,2862,0
RMED,URAVR,6544,0
IL1R,URAVR,1244,0
IL2DL,RMHL,873,0
BAGR,URAVR,21,0
RMHL,URADL,59,0
ADEL,RMDVL,6680,0
ASGR,AVBR,373,0
FLPL,PVCR,3279,0
AVKL,SIAVR,513,0
RIGL,SIAVL,253,0
ADAR,FLPR,3025,1
PVQR,RIS,484,0
PVNL,RIS,502,0
AIAL,AIAR,45588,0
AIYR,SIAVR,5735,0
AIYR,AVEL,367,0
PVCR,PVQR,176,0
DVC,SAADR,8166,0
FLPL,HSNR,544,0
AIYL,AVER,310,0
ADER,PVR,2539,1
ADER,AVM,170,0
SABD,SMDVL,228,0
AIAR,SMBDR,12892,0
AIAR,SIADR,1833,0
AVJL,FLPL,1908,0
BDUR,FLPL,1119,0
SIBVL,SMDVL,767,0
AIYR,PVCL,78,0
AVAR,AVJR,3251,0
PVPL,SAADL,485,0
DVA,SIBDR,3765,0
SIBDR,SMBDL,2376,0
CEPVL,RIMR,60,0
DVC,RIBR,2674,1
SAAVL,SIADL,379,0
SIADL,URYDL,329,0
RMDVL,SIADL,6522,0
RIS,URYVL,2696,0
BAGR,RIBL,30948,1
AVDR,RIBL,2123,0
IL1R,RIH,140,0
RIH,URYVR,14540,1
IL2VR,RIH,8974,1
AVER,RID,767,0
RID,RIGR,2183,0
AIBL,RID,1596,0
AVDR,RID,12325,0
CEPDL,RICL,3881,1
RIGR,URYDR,3467,0
SAAVL,URYDL,455,0
SAAVL,SMDDL,3048,0
DVA,SAAVL,235,0
SAAVL,SMBDL,271,0
RMHL,SAAVL,4318,0
ADAL,SAAVR,1397,0
DVA,URYDL,372,0
SMBDL,URYDL,252,0
CEPDR,RICR,3755,1
CEPDR,RIPR,2011,1
CEPDR,RIAL,103,0
RICR,SMBDL,2603,0
RICL,SMDVR,3457,1
ADAL,RICL,10510,1
AVAR,RICL,6971,1
RICL,URADL,756,0
ALNL,SMDDL,2489,0
RMDL,RMHR,15698,1
RIMR,RMGL,886,1
PLNL,RMFR,3259,0
PLNL,RIGL,2440,0
PLNL,RMGL,19107,0
PLNL,RMHR,9657,0
RMDDR,RMHL,1413,0
RMDDR,RMHR,337,0
IL2VR,RMER,3568,1
RIML,RIVR,66,0
RMHR,SIBVL,1870,0
AVL,RMDR,45,0
IL1R,RMDVL,8350,1
RMDR,RMFL,11293,1
BAGL,RMFL,5,0
RMDDL,URYVL,25746,1
RIGL,RIVR,7819,0
RIVR,RMHR,247,0
IL1DR,RIGR,1321,0
OLQDR,RIGR,2451,0
IL2DR,RIGR,327,0
RMDVL,URYVR,1587,1
AVDR,RIGR,109,0
IL2VR,RIPR,19986,1
RMEV,SMBVL,6329,1
AIML,SIAVL,3282,0
ADEL,AVFR,2854,1
SABD,SIAVR,758,0
FLPL,PVQR,722,0
FLPL,PVNL,2094,0
BDUL,RMGL,57,0
BDUR,PVCR,2955,0
AIYR,AVKR,7771,0
AVKR,PVPR,506,0
ADEL,RMGL,4198,0
FLPL,RIFR,1033,0
AVM,FLPL,529,0
AIMR,SIAVR,3829,0
AVJL,PVCL,4609,1
AIAR,SIAVR,17870,0
FLPR,PVNL,669,0
SAAVR,SIBDR,624,0
CEPVL,URYVL,15598,1
RIBR,RIGR,3208,1
RICL,SIADL,8184,0
OLQDL,URBL,1814,0
SAAVR,SMBDR,2394,1
CEPDR,RICL,3520,1
ALNR,RICL,116,0
RICL,RIML,444,1
RICL,SMBDL,3656,1
IL2DL,RICL,1311,0
RIGR,URXR,5357,1
ALNR,RMDL,2857,0
ALNR,RIML,1160,0
ADER,RMER,6435,0
AVAR,RMEL,86,0
IL2VR,RMED,2336,1
AVAR,OLLL,249,0
DVA,SMBDL,4815,0
RMDVL,URAVR,1299,1
AVDR,RIGL,63,0
AVDL,RIGR,1208,0
AIBR,AVDR,1692,1
IL1VL,RMDVR,1615,1
DVA,SABD,1012,0
AIYL,AVKL,3566,0
AVHL,AVKL,3246,0
PVPR,PVT,2159,0
AVEL,PVPR,698,0
AVL,PVPR,1629,0
FLPL,PVR,1639,0
AVBL,RIS,611,0
AVFL,SAADL,1131,0
AVAR,RMGL,2375,0
AVKR,RMEV,2414,0
AIMR,SMBDR,574,0
PVCL,RIFR,3214,1
AVDL,PVCL,5080,1
AVAL,SABD,1646,0
AVEL,AVL,1892,0
AVFR,SAADL,629,0
AVJR,PVQL,1710,0
FLPR,PVQR,1683,0
ADER,SABD,101,0
AVAL,AVKL,2326,0
RIFL,RIGL,815,0
AVBL,AVL,1543,0
AIML,SMBVL,2880,0
PVCR,PVR,1667,0
AIMR,AVKR,220,0
AIAL,SMBDL,1863,0
AVBL,AVKR,86,0
RIVR,SIADL,160,0
AVAL,SAADL,7179,1
SAAVR,SIBDL,28,0
OLLL,SAAVR,656,0
AIBR,SAAVR,362,0
RIVR,URYDL,878,0
RICL,RMDDR,4078,0
RICL,SMBDR,1964,0
RMGL,SMDVR,584,0
RMDL,RMFL,4452,1
ADAL,ADAR,801,0
ADAR,RIML,519,0
ADAR,AVAR,9440,1
ADAL,AIZL,567,0
DVA,SIBDL,2544,0
SIBDL,SMBDR,4916,1
AUAL,AVEL,7097,1
BAGL,IL1DL,562,0
AVEL,IL1R,963,0
BAGL,IL2DL,689,0
URAVL,URYVL,3216,0
AIBL,AVER,6000,1
AVDL,AVER,14313,0
BAGL,BAGR,20517,0
RIAR,RMGL,182,0
AIML,SMBDL,139,0
AIAL,SIAVL,374,0
AVDL,RIFR,427,1
PVCL,PVQR,345,0
AVBR,PVQL,84,0
AVHL,AVL,509,0
ADAL,SIBDR,845,0
AVAL,URYDL,1196,0
AVAL,SIBDL,1896,0
AVAL,RIVR,550,0
BAGL,CEPDL,322,0
AVEL,SAAVR,761,0
RICL,RIPL,2079,0
RIGL,RMDL,1320,0
RMDL,RMGR,29484,1
RIMR,SIBDL,531,0
ADAR,AIZL,98,0
ADAL,RIVR,271,0
AIZR,SIBDL,370,0
AUAL,AVDR,38,0
OLQDR,RMDDR,2513,0
AVAR,SIBVR,1802,0
AVAR,SMBDR,1316,1
OLLR,RMFL,43,0
RIVR,SMBDL,2683,0
IL1L,RMFR,4086,1
RMDVR,RMFR,458,0
BAGL,OLQDL,618,0
RIPR,URAVR,25424,1
ADER,PVCR,29,0
AVEL,AVHL,28,0
AIAL,SIADL,7,0
BAGL,RID,7267,0
RICR,URBL,9251,1
RMDDR,URBL,2012,0
OLQDR,RICL,3412,1
BAGL,URXL,804,0
PLNL,RMDL,2227,0
ADAR,AIZR,307,0
RMEV,URAVL,255,0
IL2VR,RMEV,3176,1
OLLL,RIML,102,0
AIZR,RIML,252,0
AVDL,RIML,668,0
BAGR,DVA,1101,0
AVDL,DVA,12272,1
AVEL,BAGL,230,0
AVKL,RMDR,8075,0
AVDR,BAGL,8,0
RMHL,SIBDR,1984,0
AVDR,SIADL,840,0
RIS,RMFL,1145,0
RIBL,RID,531,0
SAAVR,SMDVL,3014,0
CEPDR,RMHR,1012,1
IL2L,RMDL,301,0
IL2L,SIBVL,610,0
RICL,SAADL,165,0
OLQDL,RICL,2076,0
RICL,RMDVL,927,0
RICL,SIADR,1606,0
SMBDL,SMDVL,604,0
RIML,RMEL,47,0
RMEL,SIBVL,1402,0
RIML,SIBVR,125,0
SAADL,SIADR,165,1
OLLL,SIBVR,207,0
AIBR,SIBVR,2001,0
OLLL,RMDR,6537,1
AIBR,DVA,6766,0
AVER,BAGL,7112,1
RMDVR,RMGL,2727,0
AVDL,BAGL,4695,0
AVDL,AVDR,70,0
CEPVL,RMEV,4858,0
AUAL,RID,445,0
CEPDL,RIVL,141,0
CEPDL,RIVR,121,0
RMHL,URBL,719,0
AIBL,URYDR,1038,0
AVDR,SAAVL,1642,0
AVDR,SAAVR,269,0
RIVL,URYDL,416,0
RICL,SMDVL,2400,1
RICL,RIPR,239,0
ADAL,RIVL,488,0
ADAL,URADL,272,0
ADAL,RIPL,6946,1
ADAL,AIZR,181,0
RIVR,SIBDL,3667,0
AUAL,AVDL,1568,0
IL1R,RMDDR,21233,1
OLLR,RMDDR,29214,1
RIPR,RMER,2208,0
SAADR,SIBVL,677,0
OLLL,SIBVL,982,0
RIVL,SMBDL,1209,0
PVR,RIVL,1885,0
RIPL,RIVL,100,0
AIBR,BAGR,924,1
AIBR,AVDL,377,0
AIBL,AVDL,1053,0
AIZR,AVDL,3378,0
AUAL,RIBR,810,1
AVDL,RIBR,2615,1
OLLL,RIS,1303,1
AVAL,URYDR,616,0
BAGR,RID,7441,0
RIMR,URYDR,151,0
RIVL,SAAVR,2364,0
IL2DR,RICL,485,0
AVDR,SMDVL,6,0
IL1R,RMDL,5452,1
ALNL,PLNL,225,0
ALNL,RMHL,321,0
RIVL,SIBDL,2709,0
ADFR,AUAL,6489,0
RMDDR,URYVR,20445,1
ADFR,AIZL,3187,1
RIVL,SMBDR,2116,0
AVAR,RIVL,1732,0
IL1R,RIAR,3630,0
BAGL,DVA,1797,0
RIVR,RMGL,2333,0
AVEL,RMHL,733,0
RIGR,RMFR,21238,1
RMGL,RMHL,10157,0
AVKR,RMGR,34,0
AIZL,BAGL,61,0
AIBR,RMHL,995,0
RMDVL,RMHL,4018,0
AVDR,RMHL,665,0
RMEL,SIADL,588,0
RIS,RMGR,872,0
DVA,RIBL,3430,0
PVPL,RID,155,0
SIBDL,URYDR,644,0
DVA,URYDR,852,0
RMGR,SAAVR,2233,0
OLLR,RMDL,7028,1
RIGL,RIMR,368,0
ADAR,RIVL,592,0
IL2R,PVT,193,0
ADAL,IL2DL,720,0
ADAL,AVDL,277,0
AIBR,AUAL,939,0
RMEL,SIBVR,1441,0
DVA,RMEL,1057,0
AIBR,RMGL,4599,0
AVDL,PVPL,604,0
SIBDL,SIBDR,462,0
IL1L,SIADL,205,0
BAGL,SIADL,461,0
AINL,RIBL,4909,1
RICL,URBL,13811,1
AIZR,URYDR,279,0
PVCR,SAAVL,1267,0
PVCR,SAAVR,283,0
AVKL,SAAVR,1403,1
ADAL,URYDL,959,0
RICL,SIBDL,7683,0
PVCR,SMDVL,901,0
AVDL,SIBDL,112,0
AUAL,BAGL,14,0
AVEL,RMEL,2299,0
IL2VR,RMEL,2375,1
PVPL,SIBVL,540,0
AVDL,SIBVL,7381,0
ADFL,ADFR,2205,0
AVL,RMGR,164,0
RMGL,SAADL,4009,0
AINL,BAGR,1366,1
PVCR,RIVL,1494,0
AVDL,RIVL,698,0
IL1R,IL1VR,3614,0
PVR,RIVR,535,0
IL1DR,RMHR,9,0
OLQDR,RMHR,4408,0
AVEL,RMGL,7816,1
IL2DR,RMHR,1345,1
AIZR,IL2DR,184,0
IL1VR,URYVR,7578,1
RMDVR,RMGR,14425,1
AVKL,RMGR,3540,0
AIZR,PVPL,1923,1
AVER,RIBR,3722,1
IL1DL,RIBL,592,0
IL2DL,RIBL,338,1
RID,RIR,548,0
AVBR,RIVL,1055,0
AVBR,RIPL,239,0
AVAL,RIML,10130,0
AVAL,AVDR,2141,0
RICR,RMGL,2764,1
RICL,URADR,128,0
IL2L,RMDR,4508,1
AIZR,AUAL,510,0
PVPL,RIR,19385,0
RMEL,SMBDL,50,0
RIPR,RMEL,703,0
AIBR,SIBVL,200,0
IL1L,RMHR,1676,0
OLLR,URYVR,1326,1
RMDVR,URYVL,19296,1
RMHR,URADR,591,0
CEPVL,RMER,119,0
IL2L,SIADL,48,0
AINL,RID,22702,0
SAAVR,URYDR,506,0
SMBDR,URYDR,999,1
AVBR,URYDL,440,0
AVAL,AVBR,9242,0
AVBR,SIBDL,2039,0
AVAL,RMGL,2559,0
RMGL,SMDDL,5072,0
RMGL,SMDDR,3342,0
AVER,URXR,7582,1
IL2L,SMBDL,276,0
AVHL,SIBDL,402,1
PVPR,SIBDL,70,0
IL1VR,RMDDR,51405,1
AVER,RIR,3097,1
ASHL,RIR,5150,1
AUAR,AVER,8059,1
AIBL,AUAR,1010,0
AUAR,AVDL,1397,1
AVHL,SIBVL,417,0
AVEL,SIBVL,15,0
PVPR,SIBVL,133,0
AVHL,PVCL,3106,0
BAGR,SIBVR,1045,0
IL1R,RMHL,3058,1
AIBL,DVA,11572,0
ASHL,DVA,124,0
PVPR,SMBDR,791,0
AVDR,SMBDR,832,0
IL1DR,PVR,4395,1
AVDL,OLQDR,1171,0
PVCR,RMGL,2079,0
AVDR,RMGL,2212,0
RIPR,RMHR,138,0
AVDR,PVPR,1035,0
AIZR,ASHL,605,0
AVHL,SIBDR,554,0
RMGL,SIBDR,2271,0
CEPVR,RMDL,1889,0
CEPVR,OLLR,18524,1
AVEL,CEPVR,7244,1
AIYL,URXL,1059,0
AINR,RIBR,5523,1
RIBR,URYVR,18597,1
RMDDR,SIADL,3586,0
BAGR,RIS,519,0
RMGL,SIADR,874,1
AINR,RID,17870,0
RIVL,URYDR,940,0
CEPDR,PVR,3652,0
RICR,RMDVL,445,0
AVL,OLQVL,1663,0
IL2DR,URXR,687,1
BAGR,URXL,998,0
ADAL,OLQDL,681,0
PVCR,SIBDL,130,0
AUAL,AUAR,2906,0
AUAL,IL2DL,1031,1
RMDDR,SIAVL,2113,0
RMER,RMHL,199,0
AVDL,RIR,1264,0
RMEL,SIAVL,1994,0
RMED,URYVL,3601,0
AUAR,DVA,969,1
AINR,BAGL,1452,1
RMGL,SAADR,7105,1
AVHL,RIVR,517,0
ADFR,AIBR,882,0
BAGL,SIBVR,1481,0
IL1R,RIAL,630,0
AVER,IL1DR,60,0
AVDL,IL1DR,1012,0
BAGR,PVT,210,1
AVER,IL2DR,809,1
ADEL,RMDR,3186,1
PVPL,PVPR,4161,0
ASHL,AVDL,1263,0
PVCL,SIBDR,65,0
AVDR,SIBDR,240,0
RICR,URADR,626,0
AVBL,SIBVL,64,1
AIZR,AVBL,73,0
IL2DL,URXL,129,0
RMEL,SIBDL,682,0
AIBR,SIBDL,3796,0
OLLL,SMBDL,124,0
RMGL,SMBDL,4305,0
AIBR,SMBDL,1988,0
PVCL,RIVR,373,0
AVEL,RMDVL,1688,0
AVDL,RIPL,30,0
AVDR,SIAVL,1819,0
CEPVR,RMEV,4350,0
CEPVL,SMDVR,12166,1
AIBL,RIBR,4181,1
RIBL,SIBVR,6,0
SAAVL,URYDR,376,0
SAAVL,SIAVL,391,0
ALNR,CEPDR,50,0
ALNL,RICL,322,0
AVBL,SMBDR,205,0
AVBL,RIVR,3337,0
RMDR,SIAVL,16290,0
RMDL,RMHL,14281,1
ALNR,RMFL,324,0
ALNR,RMGR,13853,0
ALNR,RMHL,8198,0
RMDDR,RMER,104,0
AVEL,RMDDR,4709,0
RMEV,URYVR,4900,1
PVCL,RIR,50,0
AIBL,RIR,740,0
AVHL,AVHR,2497,0
ADFR,ASHL,563,0
AVHR,PVCR,4067,0
AVEL,SIBVR,1132,0
RMGR,RMHL,22954,0
AIBR,PVPL,2094,0
AVKR,RMHL,1424,0
AVKL,RMHL,8645,1
RIBL,SIBVL,805,0
AQR,RIBL,1331,0
IL1VR,RIH,2419,0
ADAL,URBL,4342,1
AVJR,URYDL,1324,0
AVAL,AVJR,1509,0
AVAL,SIAVL,2100,0
ASHR,AVBL,593,1
IL1R,RMDR,8338,1
OLLL,SMDVR,10380,1
RMDL,SAADL,365,0
ADAL,PVCR,503,0
AUAL,IL1DL,228,0
AUAL,PVPL,190,0
AVDR,RMEL,1141,0
BAGL,SIBVL,823,0
AVHL,PVPL,5305,0
DVC,OLLR,736,0
PVCR,RIVR,275,0
AVDL,IL2DL,559,0
AVDL,IL2DR,740,0
PVCR,RIPL,95,0
PVCR,SIAVL,841,0
AVDL,URADL,393,0
ASHL,ASHR,4531,1
CEPVR,RIS,11408,1
AIYL,RIR,13422,1
AIYL,BAGL,689,0
AIBR,SIADL,15004,1
SIADR,SIBDL,892,0
RIBL,SMDVR,5191,1
RMDR,URBL,4752,0
URBL,URXL,15662,1
PVCR,URYDL,75,0
AVDL,URYDL,1364,0
CEPDR,RMHL,13765,1
AVBR,SMDVL,371,0
RICL,URXL,9416,1
SIBDL,SMDVR,520,0
SMBDR,URXL,2239,0
ADAR,RIVR,240,0
IL1VR,RMEV,10793,0
PVPR,RIR,13013,0
AUAR,RIGR,87,0
BAGR,SIBVL,429,0
ADFR,PVPL,249,0
AVL,URYVL,1972,0
AVDR,RIVR,551,0
RIAR,RMGR,4,0
AVDR,RMDVL,238,0
AIBL,PVPL,637,0
AIZL,PVPL,510,0
ASHR,PVPL,3706,0
CEPVL,RMED,823,0
RIBL,SIADL,854,0
RIBL,SIAVL,905,0
RID,RIVR,2087,0
AVDL,AVJR,1377,0
AVAR,URYDR,1612,0
SIBDL,SMDDL,6585,0
AVER,SMDVR,9366,0
IL2L,SIBDL,433,0
SIBDL,SMDVL,1103,0
PLNR,RMDL,5640,0
PLNR,RMFL,4656,0
RMGR,SIBVR,9024,1
PVR,URADR,187,0
PVCR,URADL,78,0
IL1VR,RMDVL,4791,1
AIZL,AQR,4,0
AIZL,ASHR,348,0
RIBL,SAAVL,1451,0
OLQDR,RID,733,0
AVJR,CEPDL,177,0
AVJR,URBL,549,0
AVHL,AVJR,820,0
AVJR,PVR,3463,1
AVJR,OLQDL,23,0
IL2DR,RICR,975,0
AVBL,PVR,7018,1
ADAR,PVR,1527,1
ADAR,URADR,1775,0
PLNR,RMGR,17179,0
OLLL,SIBDL,198,0
ALNR,AVKL,76,0
AINL,IL1DL,665,0
AINL,OLQDL,614,0
AVKR,RIVR,7896,1
OLLR,RIGR,5347,0
ASHL,PVPL,991,1
CEPVR,RMDR,15529,0
CEPVR,RIAR,10514,1
AIYL,AQR,1895,0
AVAL,RIBL,6267,1
AVJR,URADL,454,0
RIVR,URYDR,286,0
SAAVL,SIBDL,343,0
RIGR,SAAVR,62,0
AIBL,SAAVR,940,0
PLNL,RMDR,2498,0
AVDL,URXR,571,0
ADAL,URXL,16119,1
ADAR,AVDR,1682,0
RMGL,SIBDL,789,0
ADFR,AIBL,740,0
AVL,BAGR,80,0
OLLR,RIAR,281,0
IL1VR,RIPR,21685,1
ADAL,SIADR,289,0
AVBR,RIBL,4453,1
RIBL,RIVL,181,0
AVAR,RID,6815,0
CEPDR,RMDDR,1314,0
AVBL,RIVL,42,0
SMBDR,SMDVR,1514,0
ALNR,SMDVL,3466,1
ADFR,AWBL,1541,0
AIBR,AWBL,859,0
AWBL,PVPL,1185,0
ASHR,AWBL,1246,0
BAGR,SIBDL,29,0
BAGL,SIBDL,97,0
ADFL,AVHR,10996,1
ADFL,PVPL,232,0
AINL,IL2DL,538,0
BAGL,RIVL,964,0
AVDL,OLQDL,273,0
SIAVL,SIBDR,870,0
AIBL,SIADR,14524,0
RIBL,RIR,91,0
RID,URYDR,540,0
AVJR,RIPL,120,0
ALNL,AVAL,6,0
ASHL,AVAL,6633,1
RICL,RMEL,669,0
ADER,RMDR,1245,1
ALNR,RIVL,2471,1
ALNR,RIGR,1145,0
AUAL,BAGR,4666,0
RIML,RIVL,4921,0
AIBL,AVHL,295,0
AFDL,AINL,3745,0
OLLL,SIAVL,463,0
OLQVL,RMDDL,1866,0
IL2VL,URYVL,1845,0
AVKL,OLQVL,873,0
RIGR,RMHL,12095,1
AIYR,AUAL,513,0
OLQVR,RIBR,773,0
AVJL,CEPDL,75,0
ADAL,CEPDL,165,0
AVJL,AVJR,1939,0
RICL,SAAVR,186,0
RIGL,SAAVR,3052,0
AVJL,URYDL,277,0
ADAL,AVJL,645,1
CEPDR,URBR,31494,1
SMBDL,URBR,9814,1
CEPDR,RMDVL,395,0
OLQDR,RICR,2038,0
AVEL,RICR,478,0
SIAVL,SMDDR,66,0
IL2L,SIAVL,646,0
RMGL,URXL,16709,1
ADAR,IL2DR,365,0
AIBL,AWBL,789,0
ASEL,RIR,189,1
ADFL,ASEL,1567,0
RMDVR,SIBVR,2658,0
BAGR,RIVL,1783,0
RIVR,SMBDR,1652,0
DVC,RIVR,6974,0
BAGR,IL1DR,280,0
IL2DL,PVR,148,0
IL2VR,URYVR,5589,0
AVDL,BAGR,1079,0
AIYL,ASER,17443,0
RIBR,RID,605,0
AVJL,URADL,292,0
RICL,URBR,13945,1
RMDDR,URBR,139,0
OLQDR,URBR,1911,0
AVBR,RIFL,1462,1
AVAL,RMEL,519,0
AVBL,RIPR,96,0
OLLR,RMDR,5579,0
BAGL,URXR,141,0
SMDVR,URYVL,1739,1
IL2L,SMDVL,1368,0
BAGL,SMDVL,1693,0
AINL,URXL,1519,0
RIMR,RIVL,916,0
AVHR,AWBL,5187,1
AWBL,RIFL,688,0
AWBL,AWBR,1400,0
ADAL,RMEL,97,0
AUAL,AWBR,535,0
AVHR,RIR,22217,1
ADFL,ASER,26,0
ASEL,ASER,4694,0
BAGL,IL2DR,73,0
AFDL,ASER,17401,0
AIZL,ASER,16867,0
ASHR,RIFL,3325,0
RMGL,SIAVL,802,0
AIBR,AWBR,1682,0
AIBL,AWBR,850,0
AWBR,PVPL,990,0
BAGL,RMDVL,880,0
AQR,BAGL,19234,1
IL2VR,OLQVR,13857,1
ADER,RMHL,7326,1
ASHL,SIAVL,280,0
OLQVR,RIS,1325,0
SIADR,SIAVL,1145,0
RID,SAAVL,1144,0
RID,RIVL,1296,0
IL1DR,RID,940,0
AVBL,CEPDL,274,0
AVBL,URBL,192,0
SMBVL,URBL,6341,1
ADEL,URBL,7864,0
ADAR,URYDR,780,0
AVDR,URYDR,1582,0
BAGL,SAAVL,1675,0
AVJL,OLQDL,337,0
RICR,SMBVL,1904,0
AVDR,RICR,7797,1
SIBDL,SMDDR,56,0
ALNR,SMDDR,3072,0
RMDR,SMBVL,1143,0
RIVL,SMDVR,1177,0
SIAVL,URXL,323,0
ALNL,SIAVL,237,0
AUAR,AWBL,307,0
PVCR,RMEL,185,0
RMEL,SMBVL,360,0
OLLL,SMBVL,2049,0
IL2VL,RMDDL,352,0
RMHR,SMBDL,255,0
AVKL,URYVL,646,0
BAGR,IL2DR,374,0
PVCL,URADL,72,0
OLQVL,RMDVR,22268,1
AVDR,PVCR,3637,0
AIYR,AWBL,557,0
ASHL,SIBDR,118,0
AVBL,HSNR,780,0
HSNR,PVPL,196,0
PVCR,RIBL,36,0
OLQDL,RID,37,0
AVJL,BDUL,2809,0
AVDR,AVJL,937,0
AVAL,BAGL,1297,0
PVCR,SMDDR,14,0
RMDR,SMBDL,68,0
IL2L,SMBVL,3066,0
AFDL,URXL,286,0
AINR,IL1DL,440,0
AINR,ASER,12431,0
AINR,OLQDL,423,0
AVHR,PVPR,2771,1
RMDDL,URAVL,30,0
RIPL,RMDDL,206,0
OLLR,RMFR,2591,0
AIZR,AQR,656,0
AIBL,AIYR,163,0
AQR,SIBDR,309,0
BDUL,HSNR,1638,1
ASHL,HSNR,709,0
AVBR,SIADL,489,0
RIVL,SIADR,322,0
AFDL,RID,179,0
AFDR,RID,395,0
AVJR,RMGL,1235,0
AVJL,URYDR,399,0
AVJL,RIFL,2912,1
AVJL,RIPR,30,0
RICL,RMGR,5125,0
PLNR,RMDR,182,0
BAGR,URXR,282,0
ALNL,RMEL,106,0
PLNR,RMHL,9678,0
AFDR,AUAL,116,0
PVCR,RIR,44,0
ASER,AVHL,183,0
ASHL,AVHL,409,0
BAGL,IL1L,146,0
OLQVL,PVT,1471,0
AIBL,ASER,5439,0
AFDL,AFDR,1325,0
ASHL,RMGL,5659,0
RMGR,RMHR,14657,0
AIYL,AUAR,343,0
AFDR,AIYL,792,0
AVDL,CEPDL,863,0
SIAVL,URBL,853,0
AVHL,URYDL,612,0
ASHL,AVJL,521,0
RICR,URBR,11363,0
RMHR,URBR,633,0
BAGR,CEPDR,3,0
AVAL,PVCL,10465,0
RIVR,RMDR,12266,1
ASHL,URXL,8850,1
ALNL,RMDDR,2128,0
PLNL,SMBDL,116,0
RMDDR,SMBVL,1808,0
ASER,RIR,814,0
AUAR,BAGR,1326,0
AINR,AWCR,6634,0
AINR,IL2DL,297,0
PVCR,SAADR,30,0
AVHL,OLQDL,281,0
AVFL,AVHL,1517,0
OLLR,SAADL,4094,1
SIAVL,SMBDR,228,0
AQR,BAGR,14280,1
AVAR,RMGR,4262,0
IL1VR,OLQVR,8750,0
AIYR,RIR,6689,0
ADLL,AVFR,94,0
CEPDR,SIADL,1048,1
RID,SAAVR,2106,0
ALNR,SAAVL,1129,0
AIBL,SAAVL,1447,0
PVR,URYDL,26,0
AVAR,AVJL,5705,0
RMDR,SIBDL,3950,0
BDUL,RIFR,1461,0
RMGR,SIBDL,4019,0
SAADR,SMBVL,1773,0
ASHR,AVHR,1080,0
PVPR,RIFL,314,0
RMGL,SMBVL,10469,0
RIGR,RMGR,1642,1
AVFR,AWAL,9068,0
ASHL,AVFR,2412,0
ASHR,PVCR,96,0
ASHR,PVPR,2264,1
HSNR,PVCL,1174,0
AVAL,SIADL,767,0
RIS,URYVR,1651,1
CEPDR,RID,1182,0
RID,URXR,3421,0
IL2DR,RID,830,0
ALML,CEPDL,3671,1
ADEL,CEPDL,1226,1
AVHR,AVJL,412,0
AIML,AVJL,2949,0
AVFL,AVJL,454,0
AIBR,AVAL,1960,1
ALML,URXL,4207,0
ADAL,ALML,11486,0
IL2L,RIVL,575,0
ALNL,SMBVL,849,0
BDUL,URADL,179,0
AQR,AUAL,1133,0
RIPR,RMDDR,3,0
AIAL,ASER,2676,0
RIGR,RIVL,5476,0
IL1L,SMBVL,339,0
AVER,OLLR,3052,0
OLLR,RMDVL,642,0
OLLR,RMHL,466,0
AVDR,URADR,21,0
CEPVL,RMDVR,148,0
RID,SIADR,1994,0
RID,SMDVR,2061,0
ADAR,AVJR,617,0
RMGR,SAAVL,445,0
AIML,URYDL,636,0
AVJL,URADR,128,0
SIBVR,URBR,4442,0
RMHL,URBR,22932,1
AVAL,OLLR,3328,0
RMGR,SMDDR,449,0
ADAR,OLQDR,309,0
AWAR,AWBL,719,0
ADAL,PVR,1278,1
ALNR,SAADR,91,0
AIML,AVHL,1888,0
RMHL,SMBDL,1345,0
PVT,URYVL,1863,0
AIML,OLQDL,585,0
AIML,AVFL,10052,1
AWAL,AWAR,876,0
ASHL,AWAR,303,0
AIML,HSNR,354,0
HSNR,RIFL,1860,0
AWCR,OLQDL,236,0
RICL,RIS,6411,0
AVJR,RIFR,2815,0
AVJR,URADR,70,0
ALML,AVJL,3882,0
AVAL,BAGR,8400,1
ASJL,AVFL,4436,0
IL2L,RICL,2670,0
AINR,URXR,393,0
IL2L,RMHR,516,0
IL1L,SMDVL,1554,0
BAGR,SMDVL,786,0
RMDVL,URXL,499,0
ADEL,URXL,121,0
BDUL,IL1DL,48,0
BDUL,IL2DL,271,0
AVFR,AWBL,3066,0
ADAL,AVEL,1396,0
PLNR,RIGR,3551,1
ALNR,RMHR,133,0
ADER,RMEL,1244,0
AWAL,PVQL,10847,1
AVHR,AWBR,318,1
RIFL,RIFR,2105,0
AIML,RIFL,5422,0
AIML,URADL,291,0
AWBR,RIFL,290,0
RMDVL,RMGR,1308,0
AVAR,PVCR,6300,1
AIYR,BAGR,1756,0
BAGL,SIBDR,469,0
AWCR,IL1DL,192,0
AWCR,IL2DL,286,0
SIADR,URBL,53,0
AVHL,CEPDL,444,0
RMHR,URBL,10887,0
AVEL,AVJR,872,0
AVJL,RICR,1093,0
AVFR,AVJL,110,0
AVBR,AVFR,1292,1
RICR,URXR,8346,1
AVKL,RICL,2856,0
AVBL,URXL,129,0
IL2R,RMDR,178,0
ADAR,URXR,16495,0
OLQDR,URXR,161,0
IL2L,URXL,3756,0
IL2L,RMGL,4400,0
ALNR,RIMR,514,0
OLQVL,SIBDL,7684,0
OLLL,RMGL,2151,0
RIVL,RMGR,2522,0
AVDL,SMBDR,2449,0
OLLR,RMDDL,6,0
AVAR,OLQDR,271,0
RIFL,URADL,473,0
AIBL,RMGR,2668,0
RIAL,RMGR,300,0
AWCR,URYDL,12,0
SIADL,URBR,1537,0
CEPDL,SIADR,733,1
CEPDL,IL2L,73,0
BDUL,CEPDL,571,0
AVJR,URYDR,749,0
AVBR,AWBR,217,0
IL2L,RICR,461,0
IL2L,RMDVL,71,0
AINR,URXL,363,0
AIML,URXL,8056,0
ADER,RMDL,1680,0
OLLR,RIMR,1291,0
AIBL,ALNR,506,1
RMDVL,RMEV,1463,0
AFDR,AINR,1844,0
RIBR,SIBVL,1369,0
AVHR,AWAL,238,0
RIML,RMGR,30,0
IL2DR,PVR,704,0
AIML,AVDL,516,0
AIZL,AWCR,5870,1
RMGR,SIADL,3603,0
RIS,SIAVL,402,0
ADFR,AWCL,191,0
ASKL,AWAL,1384,0
ASJL,URYDL,250,0
ASJL,OLQDL,366,0
AIML,ALML,5616,0
AVL,RICL,44,0
OLLL,URXL,1318,0
RMHR,SIBDL,154,0
RMDVR,RMEV,2336,1
AVHR,RIFR,1107,0
AVDL,SAADL,1239,0
ASIL,IL1DL,237,0
PVR,RIFR,388,0
AIML,PVR,323,0
RIFR,URADR,734,0
IL2DL,RIFL,474,0
ASIL,OLQDL,214,0
AIBL,RMHR,6355,0
CEPVR,RIML,179,0
ALA,ASKL,8309,0
ASER,RID,1552,0
ASIL,URYDL,47,0
RMDL,URBR,3035,0
ALA,ASJL,7720,0
IL1L,RICR,40,0
ADAL,IL2L,155,0
RMDL,SMBVL,2193,0
AVDL,BDUL,1204,0
AIAL,AWBL,4639,1
AUAL,RIVL,1194,0
AVEL,RMEV,2639,0
AWAL,RIR,40,0
AWAR,PVQL,345,0
ASHR,PVQL,2311,0
DVA,RMGR,1528,0
DVC,URYVL,3804,0
DVC,OLQVL,1367,0
OLLR,RIML,279,0
ASIL,IL2DL,359,0
AVDR,SMBVL,58,0
ADLL,IL1DL,411,0
CEPVL,SIBDL,816,0
CEPVL,RMFR,726,1
CEPVL,RIPL,233,1
ADEL,CEPVL,1325,0
CEPVL,RMHR,4848,1
AVHR,HSNR,2562,0
HSNR,OLQDR,189,0
ASKR,AWAR,507,0
SIADL,URXR,380,0
AWCL,IL1DL,588,0
AWCL,IL2DL,206,0
ASKL,IL1DL,361,0
ASKL,AWAR,120,0
ASHR,ASKL,251,0
SIBVR,URBL,7310,0
AVDR,URBL,5008,0
AVJR,RICR,2716,0
AVJR,RICL,4864,0
ASHR,AVJR,1285,1
RIFR,URYDR,808,0
OLLR,SAAVL,217,0
AVJL,URXL,861,0
URBR,URXR,17691,1
ADAR,URBR,2879,0
ADER,CEPDR,2264,1
AVDR,CEPDR,400,0
AVBR,RIGL,6339,0
AUAL,AVAL,7901,1
ASJL,URXL,90,0
ALML,SMBDR,5681,0
ALML,RMGL,6886,0
RICR,URXL,2077,1
RMGR,SMDDL,3709,0
RICL,RMDR,816,0
RICL,URXR,2115,1
AVEL,RICL,234,0
RICL,URAVL,1284,0
AVKR,RICL,2030,1
ASHR,PVQR,1753,0
SMBDL,URXR,4963,1
RMGR,URXR,8114,0
RMHL,URXR,746,0
AVBL,SMDVR,990,0
AVEL,IL2L,1330,0
AUAL,SMDVL,116,0
AWBL,URXL,722,0
AVHL,URXL,1230,0
AVHR,URXL,3843,1
IL1L,URXL,3215,0
ASIL,URXL,75,0
AVDL,URXL,512,0
IL2R,RMDL,1992,1
AVHL,BDUL,517,0
AVFL,AWBL,5386,0
IL2R,SIBVL,1137,0
IL2R,SIBVR,958,0
PLNR,RIVL,2646,0
AIAR,AIBL,1404,0
BAGR,RIR,4745,0
AFDR,RIR,1709,0
ADFR,ASEL,1196,1
AIBR,ASEL,1345,1
AINR,RIVL,1659,0
AINR,ASIL,715,0
OLLR,SIBVL,1720,0
AVL,URYVR,1537,1
AVL,OLQVR,840,1
RMGR,SAADL,7350,1
RIBR,SIBVR,888,0
OLLR,SIBVR,890,0
AIBL,SIBVR,725,0
AINL,IL1DR,382,0
AVBL,BAGL,1972,0
IL2DR,PVNL,239,0
ALA,IL1DL,397,0
IL1L,RIVL,1466,0
BAGL,RIVR,633,0
OLQDR,RIFR,196,0
OLQDR,URADR,808,0
ASHL,AVEL,2984,1
AVER,RMDVR,1326,0
OLQVL,RIGL,1784,1
ALA,OLQDL,424,0
ADER,RMGR,1927,0
AIBR,AQR,1338,0
AIBL,RMDVR,989,0
RMHR,SMBVL,492,0
ASHR,AVDR,1892,1
AIML,SIBDR,200,0
BAGR,SIBDR,102,0
CEPVL,URBL,15970,1
HSNR,URYDR,777,0
SIADL,SIAVR,5505,0
AIML,SIADR,483,0
AIAR,ASKL,1546,1
CEPDL,RIFL,117,0
SAAVR,SIAVR,416,0
ADER,URBR,8316,0
AVAL,PVPL,2758,1
ASEL,ASIR,3352,0
RIGR,RMDR,1357,0
AVAR,URXR,461,0
RMDL,SIAVR,9009,0
AIML,AWBL,2143,0
RMEL,RMGR,1,0
RMDDL,SIAVR,2680,0
AVHL,RIFL,1037,0
OLLR,SIAVR,907,0
AVDR,RIFR,2158,0
RMGR,SIAVR,343,0
AIBR,AWAR,555,0
ADER,SIAVR,787,1
AVAR,SIAVR,5590,0
ASKL,URYDL,60,0
ALA,URYDL,372,0
ADAR,CEPDR,110,0
IL1L,RICL,22,0
ALNL,URXL,58,0
AVFL,URXL,516,0
RIMR,SIBVL,274,0
AIAL,AWAR,877,0
IL2DR,RIFR,42,0
ADLL,URYDL,54,0
AWCL,URYDL,261,0
AWCL,OLQDL,22,0
PVQR,RIFL,370,0
BDUL,BDUR,344,0
RMHR,SAADL,101,0
AWAR,RIFL,631,0
AIBR,PVCL,158,0
AVHR,URYDR,373,0
RICR,RMGR,2471,1
ASHR,URXR,6785,0
ALNR,AVER,74,0
IL1DL,RIFL,34,0
RMDL,SIBDL,127,0
AVER,IL2R,862,0
AIAL,AWBR,47,0
AIYR,AQR,1593,0
CEPVL,SMBVL,8047,0
AVJR,HSNR,2181,0
ASEL,RID,19,0
RID,SIAVR,9987,0
SMDVL,URBL,390,0
SIBDL,URBL,5909,0
AIMR,AVJR,626,0
ASIR,URYDR,138,0
AIMR,URYDR,290,0
AVJL,SIAVR,435,0
RMDDL,URBR,4514,0
SIAVR,URBR,3390,0
AINL,CEPDR,198,0
CEPDR,PVNL,410,0
CEPDR,RIFR,907,0
AINR,AVAL,924,0
RICL,SIAVR,1615,0
RMDR,SAADR,757,0
AIMR,URXR,9565,1
AINR,IL2L,236,0
RIBR,SMDVL,5207,1
OLLR,SMDVL,5830,1
ADFL,URXL,8798,0
RIFL,URXL,363,0
RMDL,SIBDR,13857,0
BDUR,IL2DR,367,0
BDUR,URADR,193,0
IL2R,SIAVR,822,0
PLNR,SIBVR,50,0
OLQVR,RMDDR,1127,0
AIAR,PVQL,378,0
ADER,RMDDL,1362,1
AINR,IL1L,543,0
RMGR,SAADR,1730,1
OLQVL,SMBVL,6703,0
ADFL,AIML,4550,1
AIMR,AVHR,552,0
AVER,SIBVR,973,0
AINL,ASIL,3685,0
IL1DR,PVNL,325,0
AVFL,SIBDR,578,0
RMGR,SIBDR,614,0
RMGR,SMBDR,1155,0
AIBL,SMBDR,11785,0
BAGR,RIVR,1168,0
AIMR,OLQDR,172,0
AIML,AIMR,1490,0
AIMR,AVFR,6121,0
AIMR,AVDR,1966,1
AVER,RMGR,5110,1
AVDL,RIFL,1368,0
BAGR,RIAL,22704,1
AQR,RIGL,225,0
PVCR,PVPL,1791,1
RMDVR,SIAVR,1065,0
AIBL,AIZL,1439,1
ASHR,AVAR,4053,1
CEPDR,HSNR,563,0
ASKL,ASKR,8106,0
AVEL,URBL,875,0
OLQVL,URBL,2875,0
ALMR,URBR,1543,0
AIMR,URBR,597,0
AIMR,ASJL,926,0
ASIR,OLQDR,373,0
AVFL,SMDDR,242,0
PVQL,PVQR,673,0
SIAVR,URXR,759,0
BAGL,SMDVR,94,0
RMHR,URXL,1155,1
BDUR,IL1DR,229,0
ADAR,SIAVR,527,0
IL1VR,RMED,2688,0
RIBR,RIVR,812,0
OLLL,URYVL,892,0
RIVR,RMFR,3977,0
RIGL,URYVL,2800,0
RIBL,URAVL,579,0
OLQVL,RMHL,7652,0
HSNR,IL1DR,87,0
AIAL,ASKR,974,1
ADAR,SIADL,338,0
ASJL,SIADR,956,0
ASJR,ASKL,973,0
ASJR,PVQL,867,0
DVC,RMDR,141,0
OLQVL,PLNL,1779,0
AIML,BDUL,388,0
PLNR,SMBDR,98,0
SIAVR,SIBDL,230,0
IL1VL,RMEV,2949,0
IL1R,RIBR,281,0
BAGR,RIML,170,0
IL1VR,OLLR,6090,1
OLQVR,RMDVL,19407,1
RMDL,URBL,538,0
AVDR,URXR,472,0
RIBR,SMBDR,2,0
IL1R,SIBVR,65,0
AINL,IL2DR,97,0
AIMR,URADR,12,0
AVDR,URBR,22,0
CEPVL,URXL,1048,1
AINL,AWCR,538,0
AWCR,OLLL,984,0
AFDL,AWCR,93,0
SIADL,SMBVR,1060,0
RIBR,SIADR,1874,0
AINL,AWCL,2742,0
AVEL,RIH,779,0
ASIR,RID,214,0
RID,SMBDR,538,0
SAADR,URBL,1034,0
RIVL,URBL,1818,0
AVJR,URXR,840,0
BAGR,SAAVR,385,0
ALA,AVJL,1203,0
ALMR,CEPDR,2980,1
BDUR,CEPDR,319,0
AIMR,CEPDR,188,0
AVHR,CEPDR,691,0
ASJL,ASJR,5498,0
ASJL,SIBDR,954,0
ALML,PVNL,683,0
AVKR,SMDDL,5373,1
AIAL,ASIR,494,1
ASIR,IL1DR,164,0
ASIL,ASIR,2433,0
RICL,SMBVR,1503,0
OLQVL,RICL,3140,1
IL1VL,RICL,730,0
AVFR,SMDDR,118,0
RIVL,RMDR,371,0
AVFR,URXR,176,0
IL2R,SMDVR,530,0
BAGR,SMDVR,1563,0
ASER,IL2L,363,0
AVEL,SMDVL,7221,0
SMDVL,URYVR,2124,1
AQR,URXL,102,0
PVPL,URXL,5485,0
IL2R,SMBVR,841,0
AVER,RMEV,2518,0
RMDDL,SMBVR,2478,0
AUAR,RIVR,1707,0
AINR,RIML,748,1
AINR,RIAL,3619,1
IL2VL,SMBVL,161,0
OLLR,SMBVR,1220,0
ADER,SMBVR,1064,1
SAADL,SIBVR,19,0
PVCR,SAADL,334,0
AVAR,AVBL,2148,0
AVDR,PVNL,312,0
AVFR,SIBDR,398,0
OLQVR,SIBDR,7329,1
ASER,OLLL,46,0
ASER,RIVL,109,0
OLQVR,RMFL,1500,0
AVEL,IL1L,2294,0
ASER,IL1L,767,0
OLLR,RIVR,334,0
ADEL,PVR,992,1
PVT,URAVL,435,0
AIML,ALA,771,0
ASER,RIAL,3283,0
AVKR,URYVR,273,0
ALA,AVHL,1260,0
PVCR,RMGR,448,0
AVAR,BAGL,10669,1
AQR,RIAL,1221,1
RIAL,SIAVR,4713,1
AWCR,IL2L,619,0
ALA,SIADR,1671,0
ASJL,SMDDR,395,0
ASJL,RMGL,717,0
ALML,SAADR,1316,0
ALML,RIFL,5956,1
ALA,ALML,93,0
OLLR,RICL,254,0
AVFL,URXR,284,0
IL1R,SMDVR,1697,0
IL2R,RIVR,714,0
ASHR,SIBDL,82,1
AUAR,OLLR,573,0
ADFL,RMGL,311,0
DVC,URAVL,1155,0
RMFL,URYVR,100,0
ALA,IL1DR,185,0
ADLR,IL1DR,253,0
AWCR,IL1DR,2,0
ALML,URBL,471,0
AVBR,URXL,73,0
AVAL,AVHR,5082,0
IL2R,RICL,964,0
RMDDR,URAVR,10,0
IL1VL,RMED,1060,0
OLQVR,SMBVR,6604,1
PVT,URYVR,2156,0
OLQVR,PVT,1585,0
IL2VL,PVT,116,0
AVER,PVCR,1146,1
AVAR,BAGR,529,0
SMBDL,URBL,152,0
AIMR,PVQL,126,0
RMDVR,SIBDR,220,0
AVHR,IL1DR,175,0
ALA,OLQDR,56,0
RICL,RMDDL,24,0
AIML,AUAL,563,0
AVAR,URBL,2,0
OLQVR,RMDL,54,0
ADLL,ADLR,2879,0
HSNR,URXR,123,0
ADLR,AWCL,391,1
AWCR,URXR,23,0
AWCR,IL1L,262,0
AVJL,SIADR,617,0
AWCL,RID,34,0
ASKL,AVHL,1256,0
ASIL,RID,572,0
RIGR,SAAVL,928,0
AVJL,SAADL,224,0
AVER,AVJL,1259,0
SMBVR,URBR,722,0
RMGR,URBR,3697,0
ALML,IL1L,827,0
IL2R,RICR,711,0
RICR,RMFL,1216,0
RICR,RIML,2602,0
OLLR,RICR,469,0
IL1R,RICL,98,0
ASJR,AVDR,2709,0
IL2R,URXR,3918,0
IL1R,URXR,3041,0
AVHR,URXR,1232,0
RMDL,SMBVR,2381,0
RIVL,RMDL,11691,1
ALNL,OLLL,716,0
ADAR,AVER,1027,0
AWBL,RMGL,3669,0
ALNR,RMDDL,1214,0
ALA,ASEL,1415,0
AUAR,BAGL,1980,1
AUAR,AVAR,9466,1
AVL,URAVR,1193,0
AIMR,PVNL,588,0
ALA,SIBDR,531,0
AVAR,RIBR,3762,1
RIBR,SIAVR,1693,0
ASIL,OLLL,826,0
DVC,IL2VL,509,0
AIMR,PVR,398,0
IL1VL,PVT,18,0
BAGR,URAVL,1200,0
AVFL,AWAL,6296,0
AIBR,SIAVL,346,0
CEPVR,RIPR,324,1
CEPVL,PVT,404,0
ASKL,AVJL,490,1
ASJL,OLLL,490,0
ALML,AVEL,2750,0
RICR,RMDL,10,0
AVKL,SMDDL,1738,1
ALMR,SMBDL,7307,0
ASJR,URXR,461,0
ASIL,IL2L,424,0
AVDR,BDUR,61,0
AUAR,IL2R,36,0
ALNR,SMBVR,719,0
AUAL,RMDVL,155,0
AVFL,SMBVL,3620,0
AVL,IL2VR,774,0
SAADL,SMBVR,924,0
AVFR,OLLL,60,0
DVC,OLQVR,1201,0
AIMR,SMBDL,534,0
OLLR,RMGR,2315,0
BAGR,URYVL,579,0
ASIR,URXR,12,0
ALMR,URXR,80,0
RIR,RMFL,242,0
IL1R,SMBVR,206,0
PVCR,SIBDR,72,0
PVPL,RMFL,74,0
OLQVL,SIAVL,16,0
ADLL,ASKR,485,0
ADLL,AVHL,2119,1
ASKL,SIADR,171,1
RIAL,URBL,717,0
ASJR,AVJR,979,0
SIBVL,URBR,6228,0
SIBDL,URBR,224,0
AVBR,RIR,388,0
RIAL,RICR,73,0
ALA,SMDDR,85,0
SIBDL,URXR,208,0
AVFR,IL2L,60,0
ADAR,PVCR,189,0
AINL,IL2R,1400,0
IL2R,RMGR,4115,0
OLQVR,PLNR,4902,0
AINL,RIVR,1532,0
AINL,OLLR,1185,0
IL1VR,OLLL,928,0
PVR,URAVL,271,0
PVR,URAVR,1179,0
OLQVR,PVR,173,0
IL1VR,PVR,2814,1
IL1VL,PVR,2550,1
RIGL,URAVL,257,0
BAGR,IL2VL,2462,0
AVEL,CEPVL,36,0
SIAVL,SMDDL,37,0
BAGR,DVC,384,0
CEPVR,RMFL,3583,1
CEPVR,RMGR,1145,1
ADLL,RID,2026,1
ADLL,AVJL,419,0
ADLL,OLLL,414,0
ADAL,CEPVL,234,0
CEPVL,DVC,205,0
AVDR,HSNR,418,0
AWCL,IL2L,39,0
AINR,AWCL,483,0
ASKL,OLLL,267,0
ALNL,URBL,1347,0
SDQL,URBL,2489,0
AVJL,OLLL,699,0
ASHR,AVJL,354,1
ASJL,IL2L,1018,0
ALML,AVBL,6545,1
RICR,URAVL,581,0
OLQVL,RICR,1493,0
AIBL,RICR,2428,1
IL2VL,RICR,1339,0
OLLL,SMDDL,1770,0
IL1VR,SMDDL,70,0
IL2VL,RICL,233,0
ASJR,AVHR,512,0
OLLR,URXR,747,0
AWBR,URXR,71,0
AVHL,URXR,2984,1
ALA,IL2L,701,0
AIAL,URXL,409,0
URXL,URYVL,3121,0
OLQVL,URXL,1006,0
AIBR,URXL,662,0
PVR,RMDL,2320,0
AUAL,OLQVL,415,0
AQR,AUAR,1158,0
AINR,URYVL,628,0
AINR,OLQVL,305,0
AVFR,SMBVL,1356,0
AVBL,RIBR,3920,0
PVNL,SDQL,379,0
OLLL,SIBDR,460,0
IL2VR,RIBR,447,0
ALA,OLLL,485,0
IL1R,RIVR,2102,0
DVC,URYVR,580,0
ASIL,IL1L,322,0
AIMR,SIBDL,584,0
PVT,URAVR,927,0
ADEL,AVEL,2590,1
RIAL,URYVL,156,0
AIMR,AWBR,1661,0
ASHR,AVER,1356,1
ADEL,RIFL,5338,0
AIBR,URAVL,614,0
RIAL,URAVL,368,0
BAGR,IL1VL,342,0
IL1VL,RIGL,239,0
IL2VL,RIGL,473,0
OLQVR,RIGR,4148,0
AIBR,IL2VL,968,0
IL2VL,RMHL,746,0
RMHL,SIAVR,356,0
CEPVR,RMHL,1818,1
ADLL,IL2L,261,0
ADLL,ASIL,742,0
ADLL,AVDL,709,1
ASJR,HSNR,371,0
SMDDR,URBL,1311,0
AVJL,RICL,241,0
SAADL,URBR,2160,0
ALML,OLLL,104,0
ALML,ASHL,233,0
AVL,SMDDL,214,0
ASJR,BDUR,580,0
URAVL,URXL,927,0
AIZL,URXL,374,0
AVEL,BDUL,990,1
ADAL,OLQVL,1265,0
RIR,URYVL,117,0
OLQVL,RIR,97,0
RMDDL,SIBDL,704,0
AVEL,SMBVL,1695,0
AINL,IL1R,534,0
AVFR,IL1L,31,0
IL2VL,PVR,2,0
AVHR,URYVL,1222,0
AIMR,AVHL,290,0
ALA,AVHR,1143,0
OLQVR,RMHR,8066,0
AVAR,PVPR,3670,1
IL2VL,RIAL,966,0
ADLL,SIBDR,49,0
AWCR,RIAL,331,0
AINR,RMDVL,285,0
DVA,RIBR,244,1
DVC,IL1VL,180,0
CEPVR,RMED,403,0
AVJL,URBL,63,0
AVJL,SIBDR,18,0
AVKL,SMDDR,552,0
IL2L,PVQL,30,0
OLQVL,PVR,122,0
ASER,RMDVL,1170,0
ASIL,RIAL,15,0
ADAL,RIR,13,0
ASKL,SIBDR,82,0
BAGR,OLQVL,73,0
AIYR,URXR,1359,0
CEPVR,URBR,4842,0
ADLL,AVBL,298,0
CEPVL,PLNL,922,0
AWCR,RMDVL,495,0
ASJR,SIADL,1135,0
AVFL,SIADL,434,0
IL1VL,SIADL,837,0
AVJR,OLQVL,424,0
ALA,AVJR,901,0
ASIL,SAAVL,149,0
AVJL,URXR,1057,0
RMDR,URBR,151,0
SIBDR,URBR,1975,0
AVER,URBR,677,1
ADFL,AVBR,103,0
AVBR,OLQVL,820,0
ADEL,ASJL,4660,0
ALML,RIVL,325,0
OLQVR,RICR,2772,1
IL1VL,RICR,735,0
ADAL,SMDDL,1393,0
AVFL,SMDDL,406,0
IL1L,SMDDR,54,0
OLLR,SMDDR,2099,0
SIAVR,SMDDR,132,0
ALMR,ASJR,459,0
ALMR,RMDDL,250,0
ALMR,SAADL,1527,1
ASJR,SMBDL,291,0
IL1VL,URXL,1103,0
IL2VL,URXL,1331,0
RMDL,SDQL,895,0
ADAL,URAVL,713,0
ADAL,IL2VL,205,0
SIBVL,URAVL,534,0
AVDL,SAADR,230,0
ADFR,AIMR,4264,1
ADFL,OLQVL,1635,0
SAADL,URYVL,927,0
SIBVR,URAVL,420,0
AINL,AVAR,793,0
AVBL,RMFR,1738,0
AVBL,RIGR,8535,0
AVDL,SIBDR,399,0
RIAL,SIBDR,1061,1
IL1VR,RIBR,445,0
AVER,IL1R,2032,0
DVA,URAVL,615,0
DVA,IL2VL,399,0
DVC,URAVR,1229,0
RMFL,URYVL,214,0
RIML,URYVL,657,0
IL1L,SDQL,652,0
AVFL,SIBDL,616,0
IL2VL,SIBDL,314,0
IL2VR,PVT,444,0
AIBR,URYVL,219,0
PVCR,URYVL,949,0
PVPL,URYVL,706,0
OLQVL,PVCR,602,0
AVDR,OLQVL,104,0
ALA,AVDR,867,0
AQR,RIAR,917,1
IL2VL,SIAVL,421,0
ADLL,AVJR,148,0
SIADL,URAVL,220,0
ASKL,IL2L,447,0
SIBDR,URBL,464,0
AVJL,URBR,1426,0
RMFL,URBR,192,0
OLQVR,URBR,2044,0
ASJL,IL1L,650,0
ALML,AVHL,46,0
AIMR,RIR,28,0
RIR,URAVL,19,0
AVBL,RIPL,1610,0
AVFR,SIBDL,178,0
AQR,OLQVL,95,0
OLQVL,PVPL,209,0
AIBR,IL1VL,342,0
ADLL,IL1L,11,0
IL2VL,SIADL,144,0
AQR,SIADR,204,0
IL1L,SAAVL,109,0
AVDL,URBR,4571,0
AINR,ASIR,911,0
IL2VR,SMBVR,78,0
SIBDL,URAVL,117,0
SIAVL,URAVL,467,0
SMDVR,URBR,681,0
BDUR,SMBDL,37,0
IL1VL,RMFL,51,0
AIMR,SIADL,78,0
RID,URBR,213,0
ADLL,URXL,88,0
ADLL,RMGL,1766,0
ADLR,ASIR,3223,1
ASKR,AVJR,564,0
ASKR,AVHR,1415,0
ASKR,AVDR,1077,0
SIADL,URXL,53,0
RIR,SIADL,113,0
SIADL,URYVL,375,0
ALA,SIADL,1196,0
AVHL,SIADR,1260,0
AWCL,IL2R,542,0
AWCL,IL1R,467,0
AWCL,OLLR,226,0
AVBR,URBR,129,0
AVBR,URYVL,263,0
AVJR,URYVL,563,0
AVJL,DVA,72,0
DVA,URBR,1600,0
AINL,ALML,815,0
PVR,RICR,338,0
ASJR,SMDDL,460,0
RIBL,SMDDL,1454,0
ASIR,OLLR,737,0
ALA,ALMR,94,0
ASJR,SIBDL,452,0
ASJR,RMGR,151,0
AQR,URXR,94,0
PVPR,URXR,4969,0
AVDL,SMDVL,698,0
BDUL,RMDL,284,0
AINL,RIMR,779,0
ADAL,URYVL,305,0
ALNR,OLLR,687,0
RIR,RMGR,675,0
ASHR,RIR,946,0
ASEL,RIAR,1462,1
OLQVR,SIBVL,1269,0
AWAL,SMBVL,1874,0
OLQVR,SIBVR,117,0
AINL,RIAR,4209,0
AVBL,SDQL,1279,0
DVC,IL1VR,278,0
DVC,IL2VR,455,0
SMBDL,URYVL,1392,0
RIPL,URYVL,722,0
SIBDL,URYVL,687,0
IL1VR,PVT,322,0
AIML,AVEL,2455,1
AVEL,RIFL,1392,0
AVAR,URYVL,2264,0
AVDR,URYVL,906,0
ASER,BAGR,6464,0
BAGL,URAVR,497,0
AWAL,RMGL,340,0
BAGL,RIGR,5573,1
IL2VR,RIGR,657,0
AIBL,BAGL,1283,0
BAGL,IL1VR,441,0
BAGL,IL2VR,732,0
OLQVR,RMHL,70,0
AVAR,AVHL,7389,0
ASIL,RMDVL,1806,0
ASJL,SMBVL,38,0
ADAL,IL1VL,334,0
IL2VL,SIBVL,152,0
IL2VL,SIBVR,183,0
RIBR,URAVR,192,0
AVHR,OLQVL,95,0
PVPR,RIGR,791,0
IL1VL,SIAVL,762,0
ASEL,RIVR,94,0
DVA,IL1VL,687,0
IL1VL,SIBDL,476,0
SAAVL,SDQL,432,0
IL1VL,SIBVL,107,0
BAGL,RIMR,23,0
IL1VL,SIBVR,114,0
AVER,CEPVR,1072,1
AUAL,CEPVL,1486,0
CEPVL,SIAVL,317,0
ADLR,AVJR,859,1
ADLR,IL2R,990,0
ADLR,OLLR,1652,0
ADLR,AVHR,821,0
ADLR,AVDR,1235,1
ASKR,SIADL,733,0
ASKR,SIBDL,281,0
AINL,SIADR,525,0
IL2VR,SIADR,306,0
AWCL,RIAR,1749,1
RIGR,RIH,2836,0
AVJL,SMDVL,180,0
PVQR,URBR,807,0
ALNR,URBR,795,0
RIVR,URBR,812,0
SDQR,URBR,65,0
ALML,SIBVR,949,0
ASIR,IL2R,773,0
ASIR,IL1R,812,0
RICL,RMFL,1512,0
OLQVR,RICL,2247,1
IL2VR,RICL,669,0
RIBR,SMDDR,2377,1
ALMR,AVER,918,0
IL2R,PVQR,286,0
PVQR,SMBVR,56,0
OLLR,PVQR,296,0
PVR,RMDR,631,0
AVBL,URXR,619,0
IL2VR,URXR,463,1
ADER,BDUR,2186,0
ADAR,SIBVL,820,0
ADAR,OLQVR,5278,0
AUAR,RMDVR,54,0
ADFR,AVAR,353,0
AINL,RMDVR,2585,0
DVA,OLQVR,2896,0
DVA,IL2VR,1364,0
ALA,OLLR,424,0
RIFR,SDQR,855,0
AIBL,URAVR,176,0
RIAR,URAVR,39,0
ADER,SDQR,1799,1
IL1VR,RIGR,965,0
OLQVR,PVCR,303,0
AVDL,OLQVR,1878,0
AIBL,IL2VR,284,0
AIZL,AVHR,342,0
IL2VR,RIAR,1174,1
AWCL,RIVR,74,0
PVT,RIH,821,0
RICR,SAAVL,88,0
AVJL,RIVL,55,0
PVCR,URBR,440,0
RICR,URYVL,439,0
ALA,SMDDL,290,0
AVL,SMDDR,43,0
ALNR,ASJR,248,0
BDUL,URXL,36,0
SIBVR,URYVL,543,0
AVBL,URYVL,42,0
IL1R,RMGR,225,0
ALA,SIBDL,415,0
PVR,URYVL,689,0
ADEL,AIML,81,0
BAGL,OLQVR,46,0
ALA,SAAVL,77,0
ASJR,OLLR,221,0
CEPVR,URXR,97,0
CEPVR,SIAVR,4,0
AVJL,OLQVR,140,0
PVQR,SMDDL,66,0
PVQR,SIBDL,170,0
PVNL,RMDL,73,0
ADAR,URAVR,385,0
IL2VR,SIAVR,415,0
PVQR,SIADL,141,0
AVEL,AVFR,15,0
ASER,AWAL,134,0
RIGR,URAVR,121,0
IL2VR,RMHR,5,0
ADER,URXR,46,0
ALNR,AVFL,73,0
ALA,ASER,78,0
RIAR,RIGR,87,0
ADLL,AVFL,4215,0
ADER,HSNR,80,0
ASKR,IL2R,387,0
AWCR,BAGR,750,0
AVJR,SDQR,529,0
SMDDL,URBR,1721,0
ASJL,AVEL,736,0
ALML,AVFR,44,0
ASIR,RIAR,966,0
ALMR,ASHR,606,0
ASJR,IL2R,951,0
ASJR,IL1R,289,0
RMDR,SDQR,691,0
AINL,URXR,16,0
URXR,URYVR,1643,0
IL1VR,URXR,376,0
RIFL,RMDL,741,0
AVER,BDUR,393,0
ADAR,RMFL,964,0
ADAR,IL1VR,501,0
ALA,IL2R,1170,0
RIR,URYVR,1010,0
RIBR,RIML,684,0
AIMR,AUAR,314,0
AUAR,OLQVR,630,0
SIBVL,URAVR,644,0
SIBVR,URAVR,321,0
AINL,URYVR,537,0
AINL,OLQVR,130,0
AVBL,URAVR,62,0
DVA,URAVR,676,0
DVA,IL1VR,531,0
PVR,RMFL,1470,0
ADER,RIFR,2993,1
PVCR,URAVR,146,0
AVAR,AVDL,1349,0
IL1VR,SIAVR,643,0
ALMR,RICL,510,0
IL1VR,RICL,88,0
ADAR,IL2VR,426,0
IL2VR,SIBVL,71,0
AVHL,RIGR,104,0
IL2VR,SIBVR,532,0
IL2VR,SIBDR,172,0
OLLR,SIBDL,801,0
AVDR,OLLR,122,0
SIAVR,URAVR,458,0
ADLL,RIFL,128,0
ASKR,OLLR,384,0
SIADR,URAVR,241,0
SAAVL,URXL,69,0
DVA,SMDDL,135,0
AIZL,SMDDL,167,0
RIAR,URYVR,351,0
PVR,RICL,109,1
AVEL,SMDDR,16,0
ADAR,AIMR,110,0
AIBL,IL1VR,139,0
RIAR,RIML,30,0
SIBDR,URAVR,78,0
AIZL,RMFR,124,1
IL2VR,PVCR,63,0
RIPR,RMFL,10,0
AVER,HSNR,279,0
ADLR,OLQVR,1047,1
AVBR,RIPR,542,0
AVJL,URYVR,227,0
ALMR,RMFL,152,0
AIYL,ASGL,78,0
AUAR,URYVR,456,0
RIPR,SIBVL,121,0
AVHL,URYVR,670,0
AVHL,OLQVR,170,0
ADFR,OLQVR,845,0
IL1VR,SIBVR,135,0
AVBL,IL1VR,387,0
IL1VR,SIBDR,457,0
ADLR,IL1R,140,0
RMDDR,SMBVR,15,0
IL1VR,SIBVL,32,0
