IL1R,OLLR,20470,1
OLLR,RIPR,2100,0
IL2DL,URXL,2098,0
CEPDL,URXL,64545,1
RIPL,URXR,54,0
RIH,RIPL,16795,1
CEPDR,RIPL,197,0
OLQDR,RIPL,1691,1
RIPL,RIPR,24342,0
IL1L,URBL,29209,1
OLLL,URBL,13606,1
IL1VL,IL2VR,202,0
CEPDR,URADR,10908,1
IL2DR,URADR,9173,1
IL1DR,URADR,17986,1
IL1R,URBR,16150,1
IL1R,RIPR,3193,0
BAGL,IL1L,2906,0
IL1L,URYVL,3643,0
IL1L,RIPR,765,0
IL1DR,URYDR,15508,1
OLQDR,URYDR,13670,1
CEPDR,URXR,52633,1
RIPR,URXR,7999,1
OLQDR,RIH,27777,1
IL2VL,URAVL,17325,1
IL2VR,URAVR,20924,1
CEPDL,IL2DL,14895,1
IL2DL,URADL,11274,1
BAGL,RIPR,880,1
CEPDR,IL2DR,13889,1
CEPDR,OLQDR,8350,1
CEPDR,RIPR,611,0
URADL,URYDL,7557,0
OLQDL,URYDL,15007,1
OLLL,URYDL,3412,1
IL1DR,IL2DR,24572,1
IL2DR,OLQDR,15078,1
IL1DR,OLQDR,16954,1
RIPR,URBR,1206,0
BAGR,RIPR,11687,0
OLQDR,RIPR,1687,1
OLQDR,RMED,2498,0
RIPR,URBL,238,0
URADR,URYDR,7565,1
IL1DL,URADL,17525,1
IL2DR,URXR,1362,0
IL1DL,IL2DL,23150,1
CEPDL,IL1DL,7477,1
IL1DL,OLQDL,24016,0
IL1DL,RIPR,524,0
OLQDL,RIPR,740,0
IL2DR,RIPR,24848,1
OLLL,RIPR,135,0
RIPR,RMED,3232,0
RIPL,URBL,21248,0
BAGR,URYVR,5381,0
RIH,RIPR,24086,1
IL1DL,URYDL,14578,1
OLLL,RIPL,7394,0
RIPL,RMED,4701,0
RIH,URXR,2574,0
CEPDR,RIH,3028,1
IL2DR,RIH,4076,0
CEPDL,RIPR,580,0
OLLR,URBR,16304,1
URADL,URXL,1423,0
RIH,RMED,16833,0
RIPL,URYDL,3510,0
CEPDL,OLQDL,9635,1
OLQDL,RIPL,3367,0
RIPR,URXL,145,0
OLQVR,URYVR,15924,0
OLQDL,RIH,20632,1
IL2DR,RIPL,376,1
RMED,RMER,23186,0
IL2DL,OLQDL,12866,1
OLQDL,RMED,1043,1
RMED,RMEL,22394,0
IL1VL,URAVR,1315,0
IL2DR,RMED,2789,1
RMED,RMEV,68864,1
IL1L,RIPL,8618,0
CEPDL,RIH,4654,1
RMEL,RMEV,29586,1
RMEL,RMER,6870,0
RMER,RMEV,20705,0
IL2DR,RMEV,1569,1
IL2DR,RMER,3501,1
IL1DR,RMED,5453,0
IL1DR,RMER,8930,0
OLQDR,RMEV,2899,0
BAGL,RIPL,16409,0
IL1DR,RMDVR,47788,1
IL1DR,RIH,112,0
IL2DR,RMDVR,27,0
RIBR,RMDVR,966,1
IL2DL,RMED,4518,1
RMDDL,URYDR,9142,1
RMDVR,URYDR,16193,1
RMDDL,RMEV,7848,1
OLQDR,RMDVR,1475,0
IL2DL,RIH,1454,1
IL2DL,RIPL,23086,1
OLQDR,RMER,1812,1
RIPR,RMER,3095,0
RIBR,URYDR,12290,1
RMED,URYDR,2749,1
IL2DR,URYDR,3526,0
RMEV,URYDR,2119,0
RMDVR,RMER,974,0
BAGR,OLQVR,19039,0
RMEV,SMDVL,11593,1
IL2DR,RMEL,3238,1
RIPR,RMEV,1945,0
BAGL,URYVL,7888,0
ADLL,AWAL,30460,1
AFDL,AWAL,17995,1
AIYL,AWAL,21556,1
ASEL,AWAL,41402,1
ADFL,AWAL,21603,0
AWAL,AWBL,41545,1
ALNL,SAAVL,12490,1
ALNL,SMBDR,10087,1
ALNL,SMDDR,17802,1
AIMR,ASJR,28625,1
ASJR,CEPVR,2225,0
ASJR,PVQR,53145,1
ASJR,RMGR,4063,0
AIAR,ASJR,7244,0
ASJR,ASKR,23216,1
AINL,RIVL,2841,0
AINL,AVJL,3333,1
ADEL,AINL,5329,0
AINL,AVHL,2838,0
AINL,AUAR,20620,1
AFDR,AINL,28856,1
SIADR,SIAVR,18539,0
SIAVR,SIBVR,17207,0
SIAVR,SIBDR,45737,0
SDQR,SIAVR,8874,0
RMDVL,SIAVR,22342,1
SIAVR,SMBDR,38373,1
PLNL,SIAVR,14208,0
AIMR,CEPVR,7600,1
AIMR,ASGR,22511,1
AIAR,AIMR,12102,1
BDUL,PVNR,25833,1
AVJR,PVNR,11371,1
PVNL,PVNR,80146,1
PVCL,PVNR,2894,0
AVFR,PVNR,4598,0
HSNR,PVNR,16612,1
AVL,RICR,838,0
AVL,RIS,37961,1
AVL,RIVR,727,0
AIBL,AVL,5151,0
AVL,RIGR,15190,0
AVL,SDQL,787,0
AVL,RIR,45494,0
AVL,RMDDL,2732,0
AVKR,AVL,49929,1
ASGR,CEPVR,2776,1
AIAR,CEPVR,4384,0
AVEL,SIADR,1937,0
AIZR,SIADR,3157,1
ADAR,SIADR,2608,0
SIADR,SIBDR,17798,0
SIADR,SMBDR,84761,1
SDQL,SIADR,9525,0
SIADR,SMDDR,28746,0
RIMR,SIADR,7146,0
AVAL,SAADR,6802,1
AVAL,AVEL,21863,0
AVAL,RMDL,8454,0
AVAL,RIAR,4682,0
AVAL,SAAVL,45332,1
AVAL,RMDVL,29696,0
AVAL,PLNL,1179,0
AVAL,SMDDR,24116,0
AVAL,RIMR,28708,1
SAADR,SMBVR,29363,1
RIAR,SAADR,3628,1
RIS,SAADR,2739,0
SAADR,SMDVL,14340,1
PLNL,SAADR,6263,0
ASGR,AWCR,22108,1
ASGR,ASIR,22869,1
AIBR,ASGR,7913,1
AIAR,ASGR,51377,1
AVDR,RID,19468,0
AVDR,SIBVR,14052,1
AVDR,PVCR,15050,1
AVDR,AVM,6022,1
ALML,AVDR,10878,1
RIS,RIVL,3660,0
RIVL,SDQR,14742,0
AVHL,RIVL,4396,0
RIR,RIVL,8018,0
RIVL,SMDVL,23820,1
RIVL,SMDDR,33381,1
RIVL,RMDDR,12283,0
AVEL,RMDL,18489,0
ADLL,AVEL,756,0
AVEL,AVKL,24364,1
AIZR,AVEL,20533,1
AVEL,RIAL,7607,0
AIBL,AVEL,7518,1
AVEL,SMBDR,853,0
AVM,BDUL,11278,1
BDUL,PVNL,40125,1
BDUL,PVCL,1980,0
ALML,BDUL,20546,1
RID,SIBVR,22706,1
AVM,RID,14234,1
RID,RMED,8318,1
RID,RMHL,5207,1
AIYR,ASER,45881,1
AIYR,AWCR,14270,1
AIYR,RIAR,15285,1
ADFR,AIYR,8476,1
AIYR,AWAR,19825,1
AIBR,AIYR,5175,1
AIYR,RIBR,30227,1
AIYR,ASEL,27899,1
AIYR,RIH,9132,1
AIYR,AUAR,23451,1
AFDR,AIYR,50177,1
ASER,AWCR,49028,1
ADLR,ASER,25536,1
AFDL,ASER,14584,1
ASER,AWAR,53683,1
AIBR,ASER,49698,1
AIYL,ASER,17469,1
AINR,ASER,7752,1
PVCR,SIBVR,14225,1
DVA,SIBVR,37028,0
AVBR,SIBVR,7710,0
SIBDR,SIBVR,21270,0
SDQR,SIBVR,1286,0
RMHL,SIBVR,7593,0
SIBVR,SMBDR,25569,0
RICL,SIBVR,28480,0
ASIR,AWCR,53374,1
AIBR,AWCR,36737,1
AIYL,AWCR,15863,1
ASIL,AWCR,22475,1
ASEL,AWCR,33551,1
AVJL,BDUR,7859,1
ALMR,BDUR,29057,1
BDUR,PVNL,35757,1
BDUR,HSNR,13903,1
RICR,SMDDL,18476,1
SMBDL,SMDDL,5887,1
RIAL,SMDDL,21372,1
AVAR,SMDDL,18378,0
SIADL,SMDDL,17471,0
RMDDL,SMDDL,17882,0
SAAVR,SMDDL,61229,1
AVJL,PVCR,18689,1
ALMR,AVJL,827,0
AVBR,AVJL,39707,1
AVJL,HSNL,3085,1
AVHL,AVJL,15894,1
AVFL,AVJL,4268,1
AVJL,HSNR,3451,1
ASKL,RMGL,891,0
HSNL,RMGL,11312,0
PVQL,RMGL,7233,1
AVFR,RMGL,21970,1
AVM,PVR,7428,0
PVR,SIBVL,4923,0
ALMR,PVR,7973,0
AVBR,RIFR,23611,1
ADLR,RIFR,2721,1
HSNL,RIFR,12073,1
PVQR,RIFR,10331,1
PVPR,RIFR,11754,1
RIFR,RMGR,11833,0
AVFR,RIFR,4228,0
HSNR,RIFR,18394,1
ASHR,RIFR,24043,1
RICR,SAADL,323,0
RIML,SAADL,31701,1
PLNR,SAADL,3945,0
SAADL,SIBVL,15082,0
SAADL,SMDVR,25192,0
RIAL,SAADL,3059,1
RIVR,SAADL,19182,1
SAADL,SMBVL,26346,1
RMFL,SAADL,13941,0
ADAL,SAADL,4561,0
SAADL,SAAVR,4355,0
RICR,RIML,3319,1
RICR,RIS,11489,0
RICR,RIVR,3276,0
AVAR,RICR,22516,1
RICR,SDQR,12249,1
AVBL,RICR,12080,0
AIBR,RICR,7936,1
RICR,SDQL,8853,1
RICR,RMHR,26998,0
RICR,RMFL,589,1
RICR,RMDDL,6690,0
RICR,SAAVR,633,0
AIBR,RIML,35072,1
AIZL,RIML,22169,1
RIML,SIADL,9700,0
RIML,SAAVR,17345,1
AVKL,SMBVR,586,0
AIZR,SMBVR,19180,1
DVA,SMBVR,8922,1
AWBR,SMBVR,20515,0
ADFR,SMBVR,21554,1
RIS,SMBVR,7331,0
RIGR,SMBVR,1382,0
SMBDR,SMBVR,111178,1
AVHL,SMBVR,14268,1
PLNL,SMBVR,34273,0
AVKR,SMBVR,5879,0
PLNR,RIVR,875,0
PLNR,SMBVL,30976,0
PLNR,RMDVR,7489,0
PVT,RIGL,19423,1
RIGL,SMBDL,11943,0
RIGL,SMBVL,2034,0
AIBL,RIGL,1271,0
AIZL,RIGL,21547,1
RIGL,RIGR,18803,0
RIGL,RIR,9832,1
DVC,RIGL,34600,1
AQR,PVCR,20892,1
ALMR,PVCR,7770,1
AVBR,PVCR,41834,1
PVCL,PVCR,26748,1
PVCR,PVPR,18306,1
ALML,PVCR,4785,1
AVDL,PVCR,13299,1
PVT,RMFR,21042,1
AIBR,PVT,8762,1
DVC,PVT,84313,1
AVER,SMBDL,2081,0
DVA,SMBDL,17833,1
SMBDL,SMBVL,82180,1
AIZL,SMBDL,30792,1
SIAVL,SMBDL,24552,1
AVHR,SMBDL,822,1
SIBDL,SMBDL,33171,0
SIADL,SMBDL,38273,1
DVC,SMBDL,2030,0
SAAVR,SMBDL,31386,1
AVKR,SMBDL,9682,1
AVM,SIBVL,5790,1
ALMR,AVM,7018,0
AVBL,AVM,6837,1
ALML,AVM,3863,0
AVER,RMDR,20886,0
AVAR,RMDR,18812,0
AVBL,AVJR,28102,1
AVFL,AVJR,2357,0
AVJR,PVCL,13277,1
AVFR,AVJR,1503,0
ADLL,ASHL,20637,1
ADLL,RIAL,4075,1
ADLL,AIBL,17694,1
ADLL,RIFL,2768,0
ADLL,ASEL,10249,1
ADLL,AVHR,8913,0
ADLL,AWBL,22731,1
AIML,ASJL,24899,1
AIAL,ASJL,7590,1
ASJL,ASKL,24551,1
ASJL,PVQL,59169,1
ALMR,SIBVL,3907,0
DVA,SIBVL,42086,0
AVBL,SIBVL,21650,0
SIAVL,SIBVL,18639,0
SIBDL,SIBVL,22503,0
ADAL,SIBVL,5135,0
AVDL,SIBVL,15880,0
AQR,PVPL,39512,1
DVA,PVPL,7313,0
AVBL,PVPL,15860,1
PVPL,RIFL,16704,1
AVHR,PVPL,31584,1
AVER,AVKL,5283,1
AVKL,RMFR,27539,1
AIBR,AVKL,7572,0
AIBL,AVKL,7436,0
AVKL,SMBDR,3799,0
AVKL,DVC,37455,1
AVKL,AVKR,69804,1
AIAL,AIML,19201,1
AIML,ASGL,25976,1
AIAL,ASHL,16492,1
AIBL,ASHL,13163,1
ASHL,RIFL,30766,0
ASHL,HSNR,12276,1
AQR,DVA,74332,1
AQR,AVBL,21135,1
AQR,AVHL,5774,0
AQR,PVCL,12815,1
AQR,PVPR,43933,1
AQR,AVDL,7462,1
RIAL,SMDVR,28272,1
RIVR,SMDVR,28658,1
RMDDL,SMDVR,14295,1
CEPVL,RIVR,447,0
CEPVL,SIAVL,4220,1
CEPVL,RICL,13989,1
AVER,RIAR,1934,0
AVAR,AVER,9816,0
AIBR,AVER,7009,0
AIZL,AVER,20001,1
AVER,AVKR,18120,0
ALA,URXR,28400,0
ALMR,PVNL,13796,0
ALMR,AVDL,10256,0
AIZR,RIAR,32333,1
ADFR,RIAR,38347,1
ADLR,RIAR,9753,0
ALA,RIAR,3872,1
RIAR,SMDVL,30891,1
RIAR,RIH,16411,1
RIAR,SMDDR,23298,1
AIAL,ASKL,58456,1
AIAL,HSNL,3878,1
AIAL,AIBL,49300,1
AIAL,AVFL,2877,0
AIAL,ASGL,44651,1
AIAL,HSNR,9373,1
ADFR,AIZR,27031,1
AIBL,AIZR,25930,1
AIZR,RIGR,23166,1
AIZR,RIH,15163,1
AIZR,RIMR,23568,1
ADAR,SIBDR,7008,0
ADAR,RICL,10490,1
ADAR,RIMR,26231,1
AVBR,DVA,19330,1
DVA,SDQR,11847,1
AVBL,DVA,19247,1
DVA,SIAVL,18304,0
DVA,SMBDR,13219,1
AVHL,DVA,5015,0
DVA,SDQL,10891,1
DVA,PVCL,8942,1
AVHR,DVA,8643,1
DVA,RICL,5641,0
ADAL,DVA,8769,0
AVDL,DVA,15739,0
AUAL,RIAL,13404,1
AVAR,RIAL,3559,0
RIAL,SMBVL,5193,0
AIZL,RIAL,38763,1
RIAL,SMDVL,41968,1
RIAL,RIBL,17844,1
ADFL,RIAL,24707,1
RIAL,RIH,12068,1
RIAL,RMDDL,46047,1
ADEL,SMDVL,3565,0
ADFR,AWBR,18464,1
ADLR,AWBR,18213,0
AWAR,AWBR,36617,1
AVHL,AWBR,9979,1
AFDL,AUAL,24068,0
AUAL,RIBL,56792,1
ADFL,AUAL,28883,1
AINR,AUAL,16007,1
ADFR,AWAR,27601,1
ADFR,AUAR,23699,1
RMFR,SAAVL,30095,1
RMDVL,SAAVL,3711,0
SAAVL,SMBDR,22770,1
RIMR,SAAVL,27333,1
AVBR,SDQR,16375,1
AVBR,HSNL,9026,0
AVBR,RMHL,3993,0
AVBR,PVCL,45044,1
AVBR,PVPR,17994,1
ASHR,AVBR,34102,1
ADLR,AWAR,27967,0
ADLR,AIBR,23578,1
ADLR,AVHL,5932,0
ADLR,PVPR,3249,0
ADLR,AIAR,10473,1
ADLR,ASHR,13636,1
AFDL,AIYL,56757,1
ADFL,AFDL,9888,1
AFDL,AINR,30346,1
RIS,RIVR,2044,0
AIBR,RIS,7540,0
RIS,SDQL,9382,1
RIR,RIS,3017,0
RIS,SMDVL,26122,1
RIS,RMDDR,11121,1
PLNL,SIBDR,12646,0
RICL,SIBDR,9091,0
SIBDR,SMDDR,11705,1
AVAR,RIVR,8333,0
RIVR,SDQR,11648,0
AIBR,RIVR,7239,0
RIVR,RMDVR,7894,1
AIBL,RIVR,463,0
RIVR,SIAVL,15850,1
RIR,RIVR,1838,0
RICL,RIVR,9256,1
RIVR,RMDDL,9870,1
AIZL,SMBVL,15633,1
AVHR,SMBVL,6744,1
ADFL,SMBVL,14809,1
AWBL,SMBVL,7577,1
RMFR,SDQR,9253,0
AIBL,SDQR,9609,1
RMDVL,SDQR,5166,0
RMHL,SDQR,8067,1
SDQR,SIAVL,7340,0
SDQL,SDQR,61776,1
RIR,SDQR,1034,0
RICL,SDQR,12697,1
SDQR,SMDDR,3371,0
ADAL,SDQR,681,0
AUAR,AWAR,4514,1
AFDR,AWAR,21608,1
AIBR,RMFR,2099,0
RMDVL,RMFR,1365,0
RICL,RMFR,3966,1
DVC,RMFR,25150,1
RIMR,RMFR,12848,1
AVBL,RIFL,17088,1
AVBL,SDQL,12418,1
AVBL,AVFL,3506,1
AVBL,RMHR,3740,0
AVBL,PVCL,40439,1
AVBL,AVFR,2037,1
AVBL,HSNR,2980,0
ALML,AVBL,5028,0
AVBL,AVDL,19237,0
AIBL,AIBR,5764,0
AIBR,AIZL,25116,1
AIBR,SDQL,291,1
AIAR,AIBR,55416,1
RMDVR,SIAVL,16442,1
ASKL,HSNL,12607,1
ASKL,PVQL,33490,1
HSNL,PVQR,16609,0
AVFL,HSNL,51074,1
AVFR,HSNL,40712,1
ASHR,HSNL,14934,1
ASKR,HSNL,3526,1
HSNR,PVNL,29245,0
AIBL,RIGR,14736,1
AIBL,AWCL,16341,1
AIBL,ASGL,14425,1
AIBL,ASEL,32960,1
AIBL,SMDDR,16222,1
AIBL,RIMR,35165,1
AIBL,AVKR,5141,0
PLNL,RMDVL,17094,0
AVHR,RIFL,4925,1
AVFR,RIFL,11114,0
HSNR,RIFL,3466,0
PVQR,RMGR,5155,1
ASKR,PVQR,36476,1
AIYL,ASIL,2882,1
AIYL,AWCL,27174,1
AIYL,ASEL,36403,1
ASIL,AWCL,31294,1
ASGL,ASIL,16618,1
AIZL,RIR,12562,1
ADFL,AIZL,33858,1
AIZL,SIADL,2755,0
AIZL,RIH,12451,1
AVKR,RIGR,8272,1
SIAVL,SIBDL,16016,0
SDQL,SMBDR,3132,0
SMBDR,SMDDR,15567,0
ALML,SMBDR,13249,1
RIR,RMEV,2308,0
AVHL,PVPR,39301,1
RIBR,RIH,11639,1
AUAR,RIBR,51420,1
ASGL,AWCL,21203,0
ASEL,AWCL,38474,1
RMFL,SDQL,1910,1
ALML,SDQL,8507,1
RIH,RIR,37529,0
AVFL,AVFR,55282,1
AVFL,HSNR,33837,1
ALML,PVCL,16962,1
SMDDR,SMDVL,50568,1
RMDDR,SMDVL,14302,1
RMFL,SAAVR,29809,1
AINR,RIBL,24975,1
RIBL,RIH,9275,1
AVHR,AWBL,14115,1
ADFL,AWBL,23295,1
SIADL,SIBDL,16950,0
RICL,RIMR,4750,1
AVFR,HSNR,27270,1
AVKR,DVC,17228,0
RMDDR,SMDDR,14953,0
RIMR,SMDDR,13855,1
AIAR,ASHR,18510,1
AIAR,ASKR,45000,1
AFDR,AUAR,23131,0
ASHR,ASKR,2142,0
OLLR,RIBR,23247,1
IL1DR,OLLR,18255,1
OLLR,RMDVR,18477,1
OLLR,RMER,25632,1
OLLR,RMED,11219,1
OLLR,OLQDR,61,1
AVEL,RIBR,14706,1
IL2DL,RMEL,6322,1
RIPR,RMEL,3938,1
AVEL,URYDR,7245,1
IL1DR,RIPR,27152,1
AVEL,RMDVR,6791,0
RMDVR,RMED,6471,0
RIH,URYDL,3551,0
RIH,RMEV,28219,1
OLQVR,RIPR,6672,1
RMDDR,RMEV,11382,1
RMED,URYDL,4903,0
OLLR,URYDR,802,0
RMEL,URADR,4660,0
RMEL,URYDL,1390,0
RMDDL,URADR,2516,0
RMDVR,URADR,372,0
RIPR,URADR,30951,1
RMDDL,RMDDR,12970,1
IL2DL,RMER,5425,1
RMDDR,URADR,97,0
IL2R,RMEV,7742,1
IL2R,RMED,12550,0
IL2R,OLQDR,8504,1
IL2R,RIH,10805,1
AVEL,OLLR,27403,1
CEPDL,URADL,7929,1
IL2VR,OLQVR,11154,1
RMDDR,URYDR,124,0
IL1R,RMER,5765,0
RIH,RMER,9299,1
IL2R,RMEL,43170,1
RMEV,URADR,793,0
RMED,URADR,2156,0
IL2DR,IL2R,578,0
RMDVL,URYDL,14728,1
IL2DL,RMEV,1588,1
OLQDR,SMDDL,4589,0
SMDDL,URYDR,6383,1
IL1DR,SMDDL,1663,0
RMEV,URYDL,873,0
RMER,URYDL,91,0
RMDDR,URYDL,8277,1
IL1DR,RMEV,3108,0
BAGR,RMER,5923,0
CEPDR,URYDR,6157,1
RMDDL,RMDVR,41055,1
RIH,RMEL,11828,0
RMEL,URADL,3637,1
RMER,URADR,1699,1
RIBR,RIS,30054,1
AVEL,SMDDL,8171,1
AVEL,RMED,1022,0
AVEL,OLQDR,73,0
AVEL,CEPDR,14594,1
IL2DR,SMDDL,294,0
IL1DL,RMEV,1752,0
RIBR,RMER,11184,0
CEPDR,RMED,12,0
IL1DL,RMED,3454,0
CEPDR,OLLR,15100,1
IL1DL,OLLR,968,0
RMER,URADL,10161,0
IL1DL,IL1DR,720,0
RMDVL,RMEL,45,0
IL1DL,RMEL,10258,1
IL2R,URADR,5069,1
AVEL,RIS,8903,1
CEPDR,RIS,12543,1
IL1DL,RMDVL,27779,1
RMEV,URADL,2272,0
CEPDR,RIBR,1506,1
BAGR,OLQDR,855,0
RIS,SMDDL,22845,1
IL2DL,URYDL,4724,0
CEPDL,URYDL,7558,1
RIBR,SMDDL,3749,1
RMED,SMDDL,16639,1
RIPL,URYVL,1242,0
RMEV,SMDVR,14701,0
OLLL,RMED,3677,0
RMDDL,RMED,2992,0
BAGL,URBL,271,0
IL1DL,OLLL,14067,0
OLQVR,RMER,5705,1
IL1DR,SMDVR,947,0
OLQVR,RIH,44921,1
IL1DL,RIH,465,0
RMDDR,URADL,1313,0
URXL,URYDL,5898,0
AVEL,RMER,419,0
RMDDR,RMDVL,65880,1
CEPDR,SMDDL,9536,0
BAGR,RIH,7109,1
OLLL,OLLR,5263,0
CEPDR,RMER,42,0
OLQVL,URYVL,12389,1
OLQDL,RMEL,2615,1
IL1DL,SMDVL,179,0
IL1VL,IL1VR,6234,0
RMDVL,RMED,8912,0
OLQDL,RMDVL,1074,0
IL1VR,URAVR,26928,1
RIPL,RMEV,1939,0
RIPL,RMER,2793,0
RIPL,URADL,22492,1
OLLR,RMEV,8666,0
OLLR,SMDVR,3613,1
IL1DR,RMDDL,11561,1
CEPDR,RMDVR,20003,1
RIPL,RMEL,9271,0
RIH,URADR,673,0
RIS,RMED,9273,0
RIS,RMER,11935,0
IL2DL,RMDVL,91,0
OLLL,RMDVL,15303,1
IL1DL,RIPL,19213,1
OLLL,RMEV,6183,0
RMDDR,RMED,4075,0
IL1DR,IL1R,7380,1
SMDVR,URYDR,573,1
SMDVL,URYDL,270,0
AVER,URYDL,10096,1
OLLL,SMDVL,2753,0
IL1R,URADR,1730,0
IL1R,IL2R,12354,1
CEPDL,RMDVL,18543,1
AVER,RMDVL,3480,1
OLQVR,URAVR,3235,0
CEPDL,OLLL,10009,1
AVER,CEPDL,10288,1
RIBL,RMED,3875,1
IL1R,RMED,1564,0
OLLL,RIBL,21681,1
IL1R,RMDDL,13128,1
RIBL,URYDL,19307,1
IL1R,RMEL,44158,1
OLQDR,RIS,950,0
RIAR,RMDVR,41450,1
RIAR,SMDDL,25387,1
SMDDL,SMDVR,45240,1
OLQVR,RMEV,4793,0
AVER,OLLL,31351,1
AVER,RIBL,24864,1
CEPDR,IL1R,1054,1
CEPDR,RIAR,2047,0
IL2VL,OLQVL,11243,1
CEPDR,IL1DR,5150,1
SMDDL,URYDL,1154,1
SMDDL,SMDVL,9627,0
IL2R,OLQVR,10311,1
RMDVR,RMEV,2499,0
IL1R,RMDVR,18103,1
CEPDL,SMDDR,5934,0
OLLL,SMDDL,2821,1
RIBL,SMDDL,1883,0
OLLL,SMDDR,4430,1
OLQDR,OLQVR,285,0
RIBL,SMDDR,11148,1
RIAR,RMDDL,41552,1
AVER,SMDDR,3361,1
RIH,URADL,2593,1
CEPDR,RIAL,4517,0
RIBL,RIS,18199,1
RIS,URYDR,1056,1
IL1DR,RIS,394,0
RIAL,RMDVR,31717,1
SMDDL,SMDDR,26613,1
OLQDL,RMEV,2666,0
RIAL,RIAR,80607,1
IL1DL,RMDDR,2884,1
CEPDR,RMDR,5349,1
IL2R,RMER,2813,0
RIS,RMDR,21587,1
IL2DL,IL2L,95,0
CEPDL,SMDDL,220,0
AVER,SMDDL,2139,1
RMEV,SMDDR,2042,1
IL2L,RMEV,9592,1
BAGL,OLQVL,12713,0
OLLL,OLQDL,1298,0
OLQDR,RMDDL,29284,1
OLLR,RIBL,237,0
OLLR,SMDDR,1029,1
IL2L,RMER,33234,1
OLQDL,RIBL,2811,0
URXR,URYDR,3889,1
IL2L,RIH,9270,1
IL2L,URADL,8932,0
OLLL,RMEL,25664,1
RIBL,SMDVL,2039,0
AVER,RIS,7148,1
RICL,RIS,6915,0
RIBR,RICL,82,0
RMEV,SMDDL,1133,1
RIBL,RMEV,3330,0
RMED,SMDDR,16911,1
RMED,URADL,1310,0
AVL,OLQDR,1557,0
RIAR,SMDVR,36010,1
AVL,URYDR,765,0
AVL,IL1DR,1240,0
AVL,IL2DR,720,0
IL2L,OLQDL,8676,1
RIAL,RMDR,37232,1
IL1DR,IL2R,196,0
AVER,OLQDL,347,0
AVL,RICL,4396,0
RIS,RMDL,18493,1
RIS,SMDDR,48327,1
AVKR,RIS,26759,1
AVEL,SMDVR,1217,0
RIBR,RMDL,2570,1
CEPDR,RMDL,749,0
RMDR,SMDDL,2743,1
SMDDR,URYDL,2797,1
AVL,RIBR,3952,0
AVKR,RMDR,33435,1
IL1DL,RIBL,868,0
AVL,CEPDR,352,0
CEPDR,RMDDL,9523,0
RIAL,RMDVL,39391,1
CEPDL,RIAL,6273,1
IL1DR,RMEL,156,0
RIS,SMDVR,23550,1
RMDL,RMER,2470,0
RIML,RMDR,49958,1
CEPDR,RIML,676,0
RIPR,RMDDL,106,0
RIAL,SMDDR,23353,1
RIAL,RMDDR,30687,1
IL1VR,RMEL,689,0
IL2R,URAVR,8972,1
IL1VR,IL2R,4153,0
RICL,SMDDL,9578,1
RICL,SMDVR,5925,1
RMDL,RMDVR,18827,1
RMDVL,SMDDR,2680,0
RIH,URAVR,3814,1
IL2DL,RIBL,270,1
OLQVL,RIPL,5352,1
IL1VR,OLLR,21567,1
AVL,RMER,4353,0
IL1VR,RMER,13804,0
IL1DR,IL1VR,99,0
AVKR,CEPDR,424,0
IL2DR,RMDDL,1474,0
RIBL,RMEL,18284,0
RMDL,RMDR,38154,1
RIAR,RMDL,35156,1
CEPDL,RIBL,2817,1
AVKR,RIML,14711,1
AVL,RMDR,240,0
IL1R,IL1VR,12341,1
RIAL,RIML,7107,1
IL1L,RMEL,4190,0
RICL,RIML,2774,1
AVKR,RICL,4251,0
RIML,RIS,4553,1
RIML,SMDDL,8930,1
AVL,SMDDL,205,0
AVKR,SMDDL,9088,0
AVKR,RIBR,2239,0
RIAR,RMDR,32566,1
AVKR,SMDVR,565,1
RIAL,RICL,4,0
RIAL,SIADL,2056,1
BAGL,RMEL,11174,0
RMEL,URBL,1865,0
RIMR,RIS,5732,1
AVEL,RMEV,1023,0
RIML,RMDL,14838,1
AVKR,OLQDR,914,0
SIADL,SMDVR,10886,0
CEPDR,SMDDR,1585,0
AVKR,IL1DR,876,0
SIADR,SMDVL,12235,1
RIMR,SMDVL,13161,1
RIS,URYDL,98,0
AVKL,RIS,20512,1
AVKR,RMDL,16359,1
RIMR,SMDDL,18753,1
IL2DR,RIBR,629,0
IL1VR,RMED,1521,0
OLQDL,RMDDR,19744,1
AVKL,RIMR,8627,1
AVKR,IL2DR,500,0
AVL,PVT,43786,1
AVER,SMDVL,68,0
AVER,RIMR,8015,1
AVEL,RIML,6078,0
RIPL,RMDVL,32,0
RMED,SMBDR,6442,1
RMDDR,SMBDR,10899,0
IL1VR,RMEV,1787,0
RIML,SMDVR,10633,1
BAGR,OLLR,594,0
RMDDL,RMDR,9011,1
PVT,RMER,5419,0
IL1VR,OLQVR,9970,1
AVKR,URYDR,312,0
SMDDR,SMDVR,5820,0
IL1VR,RIH,8297,0
AVKR,PVT,44713,1
AVL,RMED,2868,0
RIAL,RMDL,31683,1
RMEL,URAVR,10552,1
AVKL,SMDVL,994,0
SMDVL,SMDVR,26106,1
IL1VL,URAVL,13559,1
IL2R,OLLR,9229,1
AVEL,RIBL,3235,1
RIBL,RIMR,555,0
CEPDL,RIS,6346,1
CEPDL,RMDL,4956,0
RMDL,SMDDR,6161,1
RICL,RMDL,419,0
RIML,RMEV,657,0
RMEV,SMBDL,2915,0
AVKL,RIML,27000,1
RMED,SMBDL,10366,1
IL2L,RMED,7992,0
BAGL,RIH,3930,1
AVKL,RMDR,22841,0
RMDR,SIADL,3312,0
RIAR,RMDDR,59863,1
AVKL,SMDVR,103,0
AVKL,PVT,54480,1
AVKL,RICL,3928,0
OLQVL,RIH,26141,1
OLQVL,URAVL,3289,0
RMDDL,SIADL,3157,0
RMDDL,SMBDL,5775,0
RIAL,SIADR,6,0
IL2L,RMEL,2037,0
IL1DL,IL1L,5249,0
IL1L,URADL,293,0
RIBL,SIADR,1034,0
RIAR,SIADR,5069,1
RMDVL,SMBDR,168,0
RMDL,SMDDL,3807,1
OLQDR,SMBDL,8806,0
PVT,RMDR,232,0
OLLR,PVT,215,0
RICL,SIADL,8417,0
OLLR,RMEL,3443,1
IL1L,RMER,37232,1
RIBL,RMDL,325,0
AVEL,RIMR,7146,0
RIAR,RMDVL,30057,1
OLLR,RMDL,9319,1
RIAR,SMBDR,2624,1
PVT,RMFL,15596,1
OLQDR,RMDR,446,0
RMDR,RMFL,11829,1
AVKR,RMFL,15330,1
OLQDL,OLQVL,123,0
AVKL,AVL,40890,0
RIS,RMEL,11789,0
RMDDL,RMEL,1307,0
AVEL,SMDVL,3932,0
IL1L,RMED,934,0
IL1L,OLLL,16157,1
IL1L,RMDDR,4702,0
IL1L,IL2L,11743,1
AVKL,RIBL,3490,0
SIADR,SMDVR,11652,0
AVEL,SIADL,423,0
AVEL,AVKR,1354,0
OLQDR,SIBVR,7116,1
RMDR,SIBVR,5179,0
RIAR,SIBVR,3910,0
SIBVR,SMBDL,19721,0
RMDDL,SIBVR,3972,0
AVKL,RMDL,25156,1
AVKL,URYDL,298,0
IL1R,RMEV,1442,0
RMEV,SIADL,450,0
AVKL,RICR,2661,0
PVT,RIBR,1795,0
OLQDR,PVT,1538,0
RMDR,SMDVR,7818,0
RMDR,SMBDL,23,0
RMDR,SMDDR,6221,1
RMDDR,RMER,870,0
AVKL,RMFL,20103,1
PVT,URYDR,734,0
RMDDL,SMDDR,1474,0
IL1DR,PVT,829,0
CEPDR,PVT,688,0
IL2DR,PVT,487,0
AVKR,RIMR,23136,1
AVL,RMFL,2740,0
IL1L,RMDVL,13930,1
CEPDL,IL1L,332,0
RMFR,SAADL,19867,1
RIML,RMFR,10472,1
IL1DL,IL2L,643,0
RMDL,RMFL,4793,0
RMED,RMFL,2752,0
IL1R,RIAR,1177,1
OLQVL,RMEL,6835,0
AVEL,RMFR,324,0
AVKR,RMFR,27811,1
RIBL,SIADL,2675,0
RMDDR,SIADR,3806,0
SIADL,SIADR,1624,0
RIS,RMGR,2594,0
RMDVR,RMGR,22552,1
RMDL,SIBVR,10158,1
AVKL,IL2DL,256,0
OLQDR,RMDL,91,0
RMDDR,RMDL,12921,1
RMDL,RMGR,29091,1
RMDDL,RMDL,6336,0
RIMR,RMDL,34765,1
CEPDL,RMDDR,8758,0
AVKL,CEPDL,864,0
CEPDL,RIMR,1138,0
DVC,RMED,234,0
PVT,RMED,3905,0
OLQVL,RMEV,1935,0
OLLR,RMFL,66,0
RMER,RMFL,84,0
DVC,RMER,603,0
DVC,RMFL,21501,1
IL2L,OLQVL,5768,1
CEPDR,RMGR,9365,1
RMDDL,RMGR,2320,1
AVKR,RMGR,3743,0
RICR,SMDVL,6145,1
RMDR,SMDVL,2113,0
BAGR,RIS,5473,0
RMFR,SAADR,18380,1
AVEL,AVER,844,0
RIML,SAADR,26599,1
RMDL,SIADR,1700,0
RMEV,SIADR,52,0
SIADR,SIBVL,5827,0
AVKL,SAADR,7636,1
RIMR,SAADR,24320,1
AVEL,IL1R,1266,1
RMDVL,SIBVR,11238,0
RMDR,RMDVL,14085,1
RMDDL,RMDVL,4187,1
IL2DL,RMDDR,145,0
RMDL,SIBVL,4223,0
RMDL,SMDVR,3416,0
RMDL,SIADL,4441,1
OLLR,RIGR,8246,0
DVC,RIGR,29111,1
PVT,RIGR,16463,1
RIGR,RMER,929,0
SIBVL,SMBDR,28832,1
RIBR,RMFL,6507,1
RMDDR,SIBVL,4203,0
RIAR,SIBVL,181,0
OLQDL,SIBVL,5612,1
AVL,BAGR,6256,0
RMDL,SMDVL,7000,0
SIADL,SMDVL,4765,0
RIBL,RIML,14509,1
CEPVR,URAVR,5891,1
CEPVR,IL2VR,3902,1
SIADR,SMDDL,4519,0
SAADL,SAADR,6075,0
DVC,SAADR,3831,0
RMDVL,RMDVR,13977,1
RMDL,RMDVL,12187,1
RMDVL,SMBDL,2811,0
RMED,URAVR,8547,0
RMEV,URAVR,3654,1
IL1R,URAVR,4647,1
IL1R,RMDL,7331,1
IL2VR,RIPR,24243,1
OLQDL,SMBDR,8427,0
AVKL,SAADL,905,1
RICR,SMDDR,10029,1
RICR,RIMR,1074,1
OLQDR,RMFL,640,0
RMFL,URYDR,823,0
IL1DR,RMFL,547,0
CEPDR,RMFL,430,0
IL2DR,RMFL,422,0
RIMR,SMDVR,10881,1
IL1DR,SMBDL,78,0
IL2DR,SMBDL,707,0
RIH,URAVL,4371,0
IL2L,URAVL,9472,1
OLQDL,URAVL,121,0
RMDVL,SMDVL,5647,0
RICL,SMDVL,2896,0
AVER,RMFR,444,0
RIBL,RMDR,3608,1
AVKR,RIBL,935,0
RMDVR,SIADR,5355,0
RIML,SIADR,918,0
RIGR,SAADR,20709,0
RMFL,SAADR,14916,1
RMDVR,SIBVL,11498,0
RMDDR,RMDVR,2848,1
AVKR,IL2DL,82,0
CEPDL,RMDR,572,0
SAADL,SMDDL,10626,0
AVKR,URYDL,182,0
RIGR,RMFL,8751,0
AVKL,RIGR,9821,1
SAADL,SIADL,4607,0
AVKR,RICR,2039,1
IL2VR,RIH,10848,1
OLQDR,URADR,2362,0
RIMR,RMDR,12015,1
DVC,OLLR,49,0
RIMR,RMFL,9489,1
AVL,RMFR,8809,0
RIAL,RMFL,1534,0
RMFL,SMDVL,1228,1
AIBL,RMFR,7072,1
RIGR,RMFR,19168,0
RMFL,RMFR,9333,0
AIBL,SAADR,3732,1
SAADR,SMDVR,192,0
RMDVR,SIADL,1866,0
RMDVL,SMDVR,570,0
RMDVL,SIADL,5434,0
RMDVL,RMER,39,0
RICL,RMDVL,1591,0
RIPR,URAVR,16329,1
AIBL,SAADL,1708,1
AIBL,RMFL,4449,0
AIBL,SMDVR,216,1
AIBL,DVC,7133,1
AIBL,PVT,5839,1
RIGR,URYDR,1935,0
CEPDR,RIGR,520,0
RMDR,RMGR,9449,1
RIAR,SIADL,596,0
RIMR,SIADL,372,0
CEPDR,SMBDL,8399,1
AVL,RIBL,2974,0
AVL,IL1DL,649,0
AVL,IL2DL,441,0
AVL,CEPDL,447,0
AVL,URYDL,343,0
AVL,OLQDL,739,0
ADEL,IL1L,10510,1
RIGL,RMFR,919,0
RIGL,SIADL,2697,0
AIBR,SAADL,3856,1
AIBR,RMFL,3269,1
AIBR,AVKR,5206,0
RMHL,SIADR,1586,0
RICR,SIADR,6482,0
RMDR,SIADR,4419,0
OLQDL,SIADR,39,0
AVEL,RIGL,5474,1
RMDVL,URAVR,1201,1
RMDVL,RMHL,4212,0
ADEL,IL1DL,255,0
RMDL,RMHL,4397,1
AIBL,RMED,1159,0
RMHL,SMDDR,11329,0
RIBR,RIGR,3591,1
OLQDR,RIGR,1512,0
IL1DR,RIGR,880,0
IL2DR,RIGR,727,0
RIMR,SAADL,32318,1
AVKR,SAADL,5256,1
RIGL,RIML,8004,0
AVER,RIML,5768,1
RIML,RIMR,4347,1
RICR,RMDR,2457,0
RMDR,SIBVL,7223,0
AVKL,RIGL,9438,0
AVER,RIGL,3817,1
RIGL,RIMR,4111,0
AVKR,RIGL,13463,1
ADEL,OLLL,15142,1
RMFL,RMGR,3227,0
RMDDR,SMBDL,5444,0
AVER,RMEL,231,0
RMDR,RMEL,357,0
PVR,URADR,2663,0
IL2R,IL2VR,252,0
CEPVR,RIS,10298,1
AVEL,CEPVR,8333,1
CEPVR,RMDL,969,0
CEPVR,OLLR,19344,1
CEPVR,RIBR,895,0
AVEL,RMDDR,4813,0
CEPDR,SIBVR,1232,1
RMDDR,SIBVR,17771,0
IL1DR,PVR,4650,0
PVR,RIPR,18769,0
RIGR,SAADL,1208,0
BAGR,PVT,3122,0
RMDR,RMDVR,10660,0
RMDDR,RMDR,5349,0
IL1R,RMDVL,12212,1
IL1R,RMDDR,25707,1
RMER,URAVL,5726,1
OLLR,OLQVR,2763,0
AIZR,RMFL,537,0
RMDDL,SMBDR,2883,0
AIBR,DVC,11243,1
OLLR,RMDDR,22791,1
RIML,SMDVL,13584,1
RMDDR,RMHL,2788,0
SMBDL,SMBDR,3300,1
RMDVR,SMDVL,203,0
IL1VR,RMDDR,49454,1
IL1VL,RMEL,16136,0
IL2VR,RMEL,7084,1
AVER,SAADL,1278,0
CEPVR,RMDR,14147,0
SAAVR,SIADR,1371,0
OLQVR,RIS,1862,0
AVEL,SAADL,428,0
RIPL,URAVL,21098,1
CEPDR,PVR,11215,0
RIGL,SAADL,14714,1
RICR,SIADL,1763,0
RIGL,RMFL,18942,0
IL1VL,OLLL,16754,1
SAAVL,SMDVR,3436,0
SAAVR,SMDVR,25999,0
ADEL,IL2L,12673,1
ADEL,IL1VL,676,0
SAAVL,SMDVL,20361,1
SAAVL,SIADL,1202,0
IL1VL,IL2L,877,0
CEPDR,SMBDR,3090,0
AIBL,RIBR,4363,1
RMDVR,SMBDR,2405,1
AVKR,BAGR,83,0
RIMR,SAAVR,13939,1
PVT,URYDL,482,0
AVKL,RMEL,80,0
AVER,URXR,1891,1
AIZR,AVER,17744,1
AVER,CEPDR,382,0
AIBL,AVER,5189,0
AVER,IL2DR,121,0
AVER,RIGR,4736,1
AVER,URYDR,1313,1
CEPVR,IL1VR,19454,1
AVAL,SIADR,8198,1
AVAL,SAADL,5495,1
AVAL,SMDVR,1084,0
AVAL,RMHL,8090,0
AVAL,RMHR,8194,0
AVAL,SAAVR,8183,0
AVEL,SAADR,2397,0
RID,RIGR,4554,0
RMDL,SAAVL,1247,0
RMDL,RMFR,7267,1
RMDL,RMHR,10896,1
CEPDL,RIPL,145,1
CEPDL,PVT,540,0
CEPDL,SMBDR,7391,1
DVC,SAADL,5802,0
RICR,RMDVR,2546,0
RIML,SAAVL,12223,1
RIGL,SAADR,6019,0
AIBR,RIGL,17022,1
IL1DL,PVT,470,0
IL2DL,PVT,428,0
PVT,RIBL,2292,0
OLLL,RMDR,294,0
OLQDR,RICL,2887,1
OLQDR,RMHL,2320,0
OLQDR,RMDDR,1716,0
RMDR,RMHR,4602,1
IL1VL,RMED,1516,0
RIGR,RMED,1398,0
RMDDL,SIBVL,18010,0
AVKL,RMHL,2570,0
RIGR,URXR,4553,1
OLQVR,RIBR,2685,0
RICL,SMBDL,6659,1
RMHR,SMBDL,70,0
SAAVL,SAAVR,12982,0
RMDDL,RMHR,3333,0
CEPDR,RICL,5547,1
IL2DR,RICL,633,1
RICL,RMHL,27747,1
RICL,RMHR,9531,0
RICL,RMDDR,5163,0
RICL,RIPR,341,0
CEPDR,RMDDR,528,0
RIBR,URYVR,15248,1
IL1L,IL1VL,6707,1
ALNR,SAADR,1087,0
OLLR,RMFR,4962,0
AIBL,OLLR,1057,0
RIGR,RMHL,7685,1
RMHL,SMDVL,3453,0
RMHL,RMHR,18186,1
RMFL,RMHL,15198,1
ALNR,RMHL,7583,0
RMGR,RMHL,15508,0
AIBR,RIGR,924,0
ALNR,RIGR,355,1
RMHR,SMBDR,3905,0
AIBR,SMDVL,2757,1
RMDDR,RMHR,1308,0
AIBR,RIMR,2911,1
ALNR,RMGR,15063,1
AVER,SAADR,324,0
AVER,RIBR,6629,1
CEPVR,RMDDR,17847,1
AVAL,SMDDL,3083,0
AVAL,RIML,6543,1
RICR,SMDVR,4543,1
ALNR,RIML,1484,1
OLQDL,PVT,248,0
RMDR,RMHL,12390,1
ADEL,RMER,11842,1
RMDDL,RMHL,6622,1
CEPDR,RMHL,13528,1
AIBR,SAADR,2683,1
BAGR,DVC,2809,0
RMDDR,SIADL,4082,0
AVL,RMEL,7072,0
RICL,URADR,67,0
AVER,SIBVL,4794,0
AVDL,AVER,14497,0
AVAL,SIBVL,2349,0
AVAL,RICL,6304,1
AVAL,SIADL,560,0
AVAR,RMDL,259,0
CEPDL,CEPDR,649,1
SAADR,SMDDL,558,0
IL2DR,PVR,686,0
AIZR,SIBVL,4818,0
SAAVR,SIBVL,1097,0
RIMR,SIBVL,1051,0
AVAR,SMDVR,11822,1
CEPVL,URAVL,4881,1
CEPVL,IL2VL,7064,0
AIZR,SMBDR,28010,1
AVDL,IL1DR,533,0
AVAR,SAAVL,9599,0
RICL,SMBDR,8308,1
AVDL,CEPDR,593,0
AVAR,RMHR,9871,0
AVAR,SIADL,1134,0
AVAR,RMDVR,14146,1
AVDL,IL2DR,527,0
RMHL,SMBDR,1047,0
AVDL,RIGR,2469,1
SAAVR,SMBDR,3166,0
RIMR,SMBDR,225,0
IL2VR,RMEV,4744,1
RIGL,URYDL,4028,0
RMHR,URADR,166,0
IL2R,RIPR,307,0
AVER,DVA,14704,1
AVER,IL1L,2474,1
AVER,BAGL,19263,1
AVAL,AVAR,8198,0
AVAL,SMBDR,6177,1
AVAL,AVDL,11699,0
RIS,URYVR,2064,1
AIZL,AVEL,10237,1
AIBR,AVEL,6783,1
PVT,RID,2231,0
CEPDL,RIGL,1670,0
CEPDL,SIBVL,1842,0
OLLR,SAADL,9588,1
RIML,SMBDL,2810,0
IL1DL,RIGL,1786,0
IL2DL,RIGL,1268,0
RIBL,RIGL,1632,1
OLQDL,RIGL,2655,0
AVDL,OLQDR,1006,0
RMDR,RMFR,5701,1
SAAVL,SIBVL,364,0
IL1R,RIAL,1011,0
AVDL,URXR,1294,0
AIZR,DVA,16725,1
AIZR,AVDL,214,0
DVA,SAAVL,1602,1
AIBL,DVA,8337,0
DVA,RMFL,284,0
DVA,RIMR,5262,1
SAAVL,SMBDL,2832,0
AVAR,SMBDL,6281,0
RMHL,SAAVL,3170,1
SAAVL,SMDDR,61218,1
AVAR,RICL,9779,1
CEPDR,RMHR,346,1
AVAR,RMHL,3714,1
AVAR,SMDDR,99,0
AIZL,SAADR,274,0
IL2DR,RMHR,1797,0
IL2DL,SMBDR,166,0
BAGR,RIGR,3391,0
AVDL,BAGL,7714,0
RIPR,RMHR,361,0
AVDL,URYDR,1259,0
SAAVR,SMDDR,3884,0
OLQDL,URADL,1474,0
AVDL,RIMR,1892,0
DVC,URYDL,22,0
CEPVR,RIAR,8863,1
AVAL,RMDDL,717,0
AVAL,SMDVL,9712,0
AVAL,URYDR,10,0
RMER,URAVR,1949,1
RMGR,SIBVR,5189,0
RMDL,SAADL,945,0
ALNR,RMDL,3318,0
DVC,RMDL,165,0
ALNR,SMDDL,12145,0
RICL,RICR,29195,1
CEPDR,RICR,9655,1
OLQDR,RMHR,7922,1
IL1L,RMDR,7057,1
SIBVL,URYDR,1190,0
AQR,BAGL,28083,1
AVL,DVC,3173,1
RIBR,URXR,709,0
AIZR,SAADR,99,0
DVA,RIBR,6186,0
AVAR,SAAVR,33006,1
AVAR,RIMR,7570,0
RMDVR,RMHR,2098,0
DVC,RIBL,2788,1
RICR,URADR,115,0
AQR,AVER,201,0
AUAR,AVER,14280,1
AVAL,SIBDL,1620,0
ALNR,AVAL,1047,1
CEPDL,RICR,2860,1
CEPDL,RMHL,472,1
SIBDL,SMDDL,13149,1
IL2VL,RIPL,22827,1
RICR,RMHL,10415,1
RICR,SMBDR,9200,1
RICR,SIBVL,12090,0
RICR,RIPR,1146,0
AVAR,RIML,16193,1
AIZR,RIGL,1720,1
SIBDL,SMDVR,1356,0
SIBDL,SMBDR,3745,0
SIBDL,SMDVL,2113,0
AIZR,AQR,642,0
AQR,URYDR,343,0
SMBDR,SMDVR,3559,0
AIZR,BAGL,4605,1
AIZR,URYDR,107,0
AUAR,DVA,13676,1
ADAR,SAAVL,294,0
ADAR,AVAR,11953,1
ADAR,SIBVL,608,0
IL1VL,RMEV,4878,0
RIGR,RMGR,1461,1
SMBDR,URYDR,1563,0
AVDL,SMBDR,124,0
SIADR,SIBDL,772,0
SIADR,URYDR,318,0
AVDR,RIML,3374,0
AVDR,RIGL,5860,0
AVDR,SAADR,1845,0
AVDR,RIMR,927,0
AVEL,OLQVR,384,0
IL2DR,RICR,1824,1
OLQDL,RICR,2356,1
RIGL,URXL,7582,1
RMED,URAVL,10098,0
AQR,SIBDL,467,0
AIZR,SIBDL,2044,0
DVA,SIBDL,6831,0
SIBDL,URYDR,261,0
AVKL,RMDVL,2330,0
AQR,BAGR,26719,1
BAGR,URXR,2437,0
IL1L,URAVL,3874,1
BAGR,IL1DR,1018,0
ADAR,SMBDR,5467,0
RIVL,SAAVL,2231,0
BAGR,CEPDR,627,0
AVAR,RIVL,3099,0
RMDVL,RMGR,387,0
BAGL,RIGR,6463,1
RIVL,SMBDR,9645,1
RIVL,SAAVR,6173,0
BAGL,BAGR,25648,1
BAGR,IL2DR,1235,0
AVDL,BAGR,4590,0
RMHR,SIADL,839,0
SAAVR,URYDR,755,0
ALNR,SIADL,5017,1
PVT,RMEL,6492,0
AINR,AVER,4,0
AVDR,AVEL,8131,0
AVDR,PVT,1006,0
AIBL,AVDR,3231,0
AVDR,RIGR,187,0
RMDL,RMGL,7310,1
CEPDL,RMGL,12764,1
RMDR,RMGL,28837,1
RIAR,RMGL,467,0
RMDDR,RMGL,4512,1
RICR,SMBDL,1219,0
ADAR,RICR,6106,1
IL2DL,RICR,429,0
RICR,URADL,60,0
RIML,RIVL,6935,0
ADAR,SIBDL,502,0
ALNR,SIBDL,5959,0
AVDL,SIBDL,2082,0
AQR,SIBVL,6940,0
ADAR,AIZR,1260,0
ADAR,DVA,9873,0
BAGR,DVA,3304,0
ADAL,ADAR,718,0
RMHR,SAAVL,7528,0
AIZL,AVAR,583,0
AVAR,SMBDR,817,0
AVAR,SIBVL,823,0
ADAL,AVAR,14715,1
RIVL,SAADR,27262,1
RMGR,SAADR,1855,0
IL2DL,SIBVL,307,0
AINR,RIGR,224,0
ALNR,RIVL,352,0
RIVL,RMGR,4079,0
BAGR,RIBR,16890,1
AINR,BAGL,1405,0
AINR,AVDL,1574,0
ADAL,RIMR,333,0
AIZR,AVDR,2421,0
AVDR,DVA,13129,1
RID,RIGL,3549,0
RIML,SIBVR,1217,0
SIBDL,SIBVR,9629,0
AIBR,SIBVR,729,0
AIZL,SIBVR,1018,0
SIBVL,SIBVR,33246,0
CEPDL,RIAR,473,0
RICR,RIPL,578,0
DVA,RIML,1926,0
IL1R,RMDR,5240,1
SIBDL,SMDDR,380,0
RIMR,SIBDL,231,0
IL1R,RMHL,2176,1
AVL,OLQVR,1210,0
AIZL,DVA,16332,1
DVA,SAAVR,1452,1
ADAR,RIVL,487,0
SAAVL,URYDR,478,0
IL2DL,RMDDL,139,0
RMHL,SIADL,1317,0
RIVL,URYDR,916,0
BAGL,RIBR,38021,1
IL2VR,RMER,3250,1
ALNR,SMDVL,3954,1
AIBR,URYDL,773,0
RIVL,SIADR,628,0
AVDL,SIADR,5662,0
AVDR,RIVL,2329,0
AVDR,SMBDR,1970,0
AVEL,DVA,14640,1
AVDL,RID,10125,0
RMDDR,URAVR,331,1
SAAVR,SIBVR,543,0
CEPDL,RICL,4576,1
PVR,RICR,2954,0
ADAR,PVR,2215,0
RICR,RIVL,9239,1
OLLR,RIML,408,0
AVAR,SIBDL,2569,0
RIVL,SMDVR,4654,0
AVDL,SMDVR,1648,0
RMEV,URAVL,7368,1
RMDVR,URAVL,1525,1
AIZR,RIBR,10416,1
AIBR,DVA,8616,1
BAGL,DVA,2155,0
DVA,OLLR,515,0
AVAL,SMBDL,250,0
ADAR,RIPR,6711,1
AIBL,AVAL,22629,1
AVAL,RIVL,4148,0
AVAR,URYDR,1592,0
IL1L,RMDVR,11520,1
OLLR,RMDVL,737,0
RIVL,RIVR,22629,1
BAGL,RIBL,14219,0
RMHR,SAAVR,1849,0
IL1VR,RIPR,22121,1
AVER,SIADR,1811,0
AVDR,SIBDR,2275,0
RIVL,SIBDR,5512,0
SIBDR,SMBDR,28289,0
SIBDR,SIBVL,7288,0
AVEL,URYVR,5756,1
OLLR,URYVR,1756,0
IL1VR,URYVR,9230,1
AVDL,AVDR,541,0
AVAR,SIBVR,3138,0
ADAL,SIBVR,6108,0
RIPL,RMHL,312,0
AVAL,RICR,7982,1
ADAL,RICR,9787,1
RIML,RMFL,13925,1
AVDL,RIML,449,0
AUAR,RIGL,77,0
AVDL,RIGL,123,0
RMDR,URXR,6946,1
ADAL,SIBDL,3705,0
IL1R,URXR,7765,1
RMDVL,URXR,1749,0
RMHL,URXR,1274,1
AIZR,AUAR,7181,1
IL1L,RIAL,1086,0
ADAR,RIVR,723,1
IL2L,IL2VL,675,1
OLQDL,RMDDL,3081,1
ADAL,AVAL,6268,1
BAGR,RMFR,2051,0
AIBR,AVDL,1644,0
IL2VL,RMER,6697,1
IL2VL,RIH,7673,1
IL2DL,RMHL,1379,1
RMHL,URADL,131,0
AUAR,RIGR,1606,0
AVDL,RIVL,2637,0
RIMR,RIVL,133,0
AINR,BAGR,4997,1
AUAR,BAGL,3277,1
AIZL,URYDL,575,1
RIGL,RMEL,2943,0
AVER,RIVL,1477,0
AVBL,SIBDR,9151,0
RIVR,SIBDR,10788,0
AVBL,AVDR,12358,0
AVDR,RIVR,949,0
AUAR,AVDR,198,0
AUAL,AVEL,10898,1
AVEL,BAGR,14352,1
RID,RIML,97,0
AIBR,RID,1461,0
BAGL,RID,870,1
AVBL,PVR,9860,0
OLQDR,RICR,3934,1
RICR,SIBDL,1267,0
RICR,SAAVL,279,0
BAGR,RIGL,7334,1
OLLL,OLQVL,4327,0
RMHL,SIBDL,1867,0
CEPVL,IL1VL,13910,1
CEPVL,IL1VR,4446,0
AUAR,URXR,23942,1
AUAL,DVA,8787,1
ADAL,SMBDL,761,0
ADAR,AVBL,4650,1
AVAL,OLLR,1292,0
IL1L,RMEV,83,0
RMHL,SAADR,327,0
AVBL,RIVR,5632,0
AVBL,RIPR,2039,0
AIBL,RIVL,11387,0
AIBL,AUAR,924,0
RIVR,URYDR,725,0
RIVR,SAAVR,2355,0
AIZL,BAGR,3359,0
RMGR,SMDVL,1306,0
AUAR,AVDL,1094,0
RIML,URYDL,173,0
RMFL,URYDL,242,0
IL2R,RMDVL,709,0
AUAL,AVER,265,0
AVER,RIR,950,0
RICR,SIBDR,2110,0
PVCR,SIBDR,2189,0
SIBDL,SIBDR,1045,0
SIBDR,SMBDL,6160,0
SAAVL,SIBDR,1523,0
AVAL,SIBDR,105,0
AVAR,SIBDR,2083,0
SIADL,SIBDR,1854,0
ADAL,SIBDR,163,0
SAAVR,SIBDR,1534,0
RMDDL,SIADR,2453,0
AVL,URYVR,1789,1
RMDDR,URYVR,21065,1
BAGL,RIS,3214,0
ADAR,AVDR,3183,1
AVAR,AVDR,5958,0
AVDR,BAGR,7251,0
AVDR,RIR,2206,0
DVA,RID,11443,0
AVBL,SIBVR,6800,0
SMDDL,URXR,2014,0
PVR,RIVR,2263,0
DVA,PVCR,13280,0
AVBL,PVCR,43751,1
OLQDR,RIBR,782,0
SIBDL,URXR,1142,0
ADFR,DVA,2707,0
ADFR,RIR,21316,1
RICL,URXR,3352,0
SMDVL,URXR,172,0
OLLR,URXR,1780,0
SIADL,URXR,1653,1
AIZR,RIR,15348,1
IL1DR,RIBR,746,0
DVA,RIR,27070,1
RMHL,SMBDL,13533,0
RIVL,SMBDL,5554,0
BAGR,SAAVL,2417,0
OLLR,SAAVL,649,1
RICL,URADL,234,0
ADAL,RICL,14366,1
AVAL,RIVR,318,0
AIBR,AVAR,23133,1
AVAR,SMDVL,13,0
AIBL,SIBVL,1930,0
AUAL,BAGR,3948,1
AUAL,BAGL,1374,0
AUAL,AUAR,1873,0
RMHL,SAAVR,3273,0
OLQDL,RMHL,5364,1
OLLR,SIBVL,820,0
AUAR,BAGR,6,0
AUAR,RIR,7789,0
ALNL,RMGL,16232,1
ALNL,RIMR,1580,0
ALNL,AVKR,139,0
AVDR,URYDL,335,0
AVEL,URYDL,342,1
AVER,RMDDL,4118,1
DVA,SIBDR,6959,0
DVA,SIADR,14140,0
RIH,URYVR,15014,1
AVDR,IL1DL,653,0
AVDR,IL2DL,564,0
AVDR,SIBVL,913,0
AVDR,OLQDL,727,0
ADAL,RIVL,1401,0
BAGR,RID,9599,0
AIYR,AIZR,16753,1
AIYR,BAGL,6855,0
AIYR,RIR,6455,0
SAADL,SIBVR,4487,1
ADFR,SIBVR,3803,0
AQR,SIBVR,7621,0
BAGR,SIBVR,1609,0
OLLR,SIBVR,1668,0
SAAVL,SMDDL,1263,0
RMHL,SMDDL,10016,0
RICL,RIPL,979,0
AVKL,RMGL,203,0
RMFR,RMGL,3710,0
RMDVL,RMGL,10163,1
AVKR,RMGL,334,1
OLLL,RIGL,11668,0
ADFR,PVCR,327,0
OLLL,RMDDL,19416,1
OLLL,URYVL,1721,1
IL2VR,RMED,1000,1
ADFR,AIBL,2639,0
ADAR,IL2DR,1140,0
AUAR,CEPDR,3,0
RIVR,SMBDL,4071,0
AIZL,AUAL,4839,1
SAADR,SAAVL,4145,0
AIBL,SAAVL,1488,1
RIVR,SAAVL,1201,0
IL1L,RMDDL,21194,1
AVAR,AVBL,14285,1
AVBL,URYDR,694,1
ADAL,RIVR,672,0
AINR,RIBR,867,0
ALNR,SMDDR,2484,1
AUAR,IL2DR,1104,0
AUAL,URYDL,148,0
AVAR,URYDL,1130,0
RMEL,URAVL,2328,1
IL2R,URXR,4838,1
AVER,SAAVL,1163,0
AIZL,SIBDR,148,0
AVDR,CEPDL,888,0
AVDR,URXL,1734,1
AVBL,RIVL,2991,0
AVEL,URXL,5404,1
IL1R,SIBVR,501,0
PVPR,SIBVR,745,0
ADFR,PVPR,14232,1
RMHR,SMDVR,1633,0
DVA,PVPR,19149,1
AUAL,URXL,26480,1
IL1VL,RMDDL,41627,1
IL2DL,RICL,1707,0
IL1VL,OLQVL,9598,1
RIVR,SMBDR,1567,0
BAGR,SIBVL,121,0
IL1VR,IL2VR,20056,1
BAGR,RIBL,39164,1
OLLR,RIMR,60,0
ALNL,SAADL,1381,0
ALNL,RMFR,86,0
SIBDR,URYDL,683,0
AVER,SIBDR,92,0
AVDR,AVER,562,0
AVER,SIBVR,845,0
AVBL,AVER,415,0
AVKR,CEPVR,74,0
AQR,AVDR,3745,1
RIGR,RIVL,4523,0
RIVL,RMHR,9817,0
AQR,AVEL,762,0
RIR,SIBVR,11154,0
ADAL,CEPDL,54,0
IL2L,RIPL,179,0
RMGL,SAAVL,193,0
SAADL,SAAVL,67,0
RIGR,RIML,132,0
BAGL,RIGL,888,1
PVCR,SMBDR,74,0
RIVR,SIBDL,716,0
RMHR,URXR,1065,0
ADAR,URYDR,795,1
SIBVL,SMBDL,24848,0
RIBL,URXL,295,0
AVAR,SAADR,6518,1
AIBR,RIBL,7429,1
AVBL,SAAVR,2134,1
RIVR,SIADL,971,0
OLLR,RMHL,207,0
AUAR,IL1DR,242,0
RMHR,SMDVL,6967,0
RMGR,RMHR,10630,0
RMHR,SMDDR,10343,0
AVDL,SAAVR,1176,0
ALNL,RIGL,988,1
ALNL,SAADR,5574,0
ALNL,RMHR,4204,0
DVA,URYDL,124,1
SAAVL,URYDL,464,0
SIADL,URYDL,525,0
ADER,RMEL,7168,0
AIYR,AVHL,13,0
ADFR,AVHL,28747,1
AVHL,RIR,14633,1
ADER,IL2R,4507,1
AQR,SIBDR,539,0
PVPR,SIBDR,256,0
AVBR,SIBDR,584,0
CEPVL,RIS,10723,1
AVDR,AVJL,1165,0
AVDR,BAGL,4063,0
AVDR,PVPR,454,0
RICL,RIVL,2768,0
AVBR,RIVL,5287,0
RID,SIBDL,522,0
AUAL,RID,1580,0
AIZL,RID,405,0
RIBR,RID,261,0
RID,SIBVL,1168,0
AINR,RID,29621,1
AUAR,RID,2940,0
ADER,RMDR,7685,1
ADER,IL1R,7329,1
ADER,URXR,3846,1
ADER,OLLR,2218,1
RIBR,SIBVR,3274,0
RIMR,SIBVR,1537,0
ADAL,RIPL,3530,1
RMGL,RMHR,31238,1
AVJL,PVR,3861,0
OLQDR,URBR,1634,1
SMBDL,URBR,6704,1
RICL,URBR,9049,1
RMDDR,URBR,163,0
RMHL,URBR,1778,0
RMHR,URBR,672,0
AUAL,RIGL,585,0
RIGL,RMHR,6939,1
ADFL,RIGL,3398,1
PVCR,SIBDL,1567,0
AVER,PVCR,1273,1
PVCR,RIVR,809,0
AINR,OLQDR,167,0
CEPVL,RMDR,596,0
OLLR,RMDR,6599,1
AVBL,SIBDL,2746,0
AVBR,SIBDL,5417,0
ADFR,AQR,4207,0
ADFR,BAGL,5087,1
IL1R,RIBR,1170,0
OLQVR,RMFL,879,0
AVKR,OLQVR,1027,0
AVER,CEPVL,8438,1
CEPVL,RIBL,4761,1
RMDDL,URAVL,152,1
AIZR,AUAL,222,0
ADAR,AVJL,1567,1
AVAR,DVA,1837,1
AVBL,SMBDL,720,0
AIBR,AUAL,788,1
AUAL,RIR,5996,1
AVDL,SAAVL,744,0
RMFR,RMHR,20606,0
ADFL,AIBR,992,1
AVBL,AVJL,13623,1
AVJL,PVCL,9354,1
AVJL,RIPR,92,0
RIBR,RMDDR,108,0
AVBL,PVPR,23115,1
AVBL,IL2DR,32,0
AVBR,RIVR,362,0
AIZL,RIBL,7635,0
AINR,IL1DR,625,0
RIBR,RIMR,15930,1
AVKR,RMHR,4022,1
PVCL,PVPR,12549,1
OLQVL,RIBL,3554,0
PVPR,RIR,6679,1
AINR,AUAR,2672,1
ALNL,AVAR,2123,0
RIVR,URYDL,773,0
BAGL,URYDL,522,0
AINL,RID,23828,1
AINL,RIBR,30693,1
AINL,BAGR,953,0
AVHL,PVCR,4587,1
AVL,BAGL,4931,0
RID,SIBDR,347,0
BAGR,SIBDR,2229,0
AVBR,AVDR,14276,0
RID,RIVL,571,0
PVR,RIVL,1342,0
AVKL,RIVL,10129,1
RIVL,RMHL,4459,0
RIVL,RMFL,255,0
DVC,RIVL,12703,0
RID,RIVR,54,0
PVCL,RID,21631,1
AVBR,RID,17650,0
RMGL,SMDDR,1229,1
SAADL,SMBDR,1013,0
OLLL,RMER,22,0
ADAR,OLQDR,426,0
PVCL,SIBVL,4025,1
ADFR,AUAL,388,0
AVBL,SMDVR,2456,0
CEPVL,RMDDL,17579,1
ADAR,AVBR,8394,1
BAGL,IL1DL,761,0
ADAL,URADL,68,0
AVAR,AVJL,4334,0
AVJL,URYDR,391,0
AIBL,RMHR,4098,0
BAGL,IL2DL,786,0
PVCL,SIBDL,2928,1
RMGR,SIBDL,2394,1
BAGL,OLQDL,624,0
OLQDL,RMHR,155,0
AVBR,URYDR,817,0
AFDR,AINR,13351,1
RMGR,SMDDR,164,0
ADAL,AVBR,13307,1
ALNL,SMDDL,4403,0
SAAVR,URYDL,444,0
AVEL,SIBDR,5625,0
AIBR,SIBDR,3989,1
AVDL,SIBDR,2232,0
AUAL,AVDR,787,1
RIVL,SIBDL,1999,0
AVEL,BAGL,815,1
OLQDR,RID,692,0
AQR,RID,111,0
IL1DR,RID,522,0
ADAL,RID,3811,0
SIADL,SIBVR,3443,0
BAGL,CEPDL,705,0
AVBR,RIPL,726,0
AVBR,PVR,5235,0
CEPVL,OLLL,13509,1
OLLL,RMFL,7711,0
AIZL,AQR,175,0
ADFL,AQR,277,0
AQR,RIR,17218,1
AVER,RMHR,1089,0
ALNR,URXR,815,0
RMGR,URXR,17698,1
AVJL,PVPR,3088,1
RIPR,RMDDR,279,0
BAGR,SMBDR,64,0
PVPR,SIBDL,780,0
BAGR,RIMR,1097,0
ADFL,BAGL,12,0
ALNR,RMHR,1006,0
ASHR,PVCL,3470,1
RIBL,URYVL,24447,1
ASHR,PVPR,6890,1
ADFL,RIR,14803,1
AINR,IL2DR,1314,0
AVBR,IL2DR,218,0
AVBR,RIPR,1744,1
AVHL,RIFR,6628,1
ASHR,AVHL,13810,1
CEPVR,RIH,14559,1
RMHR,SIADR,1676,0
RIVL,RMFR,6900,0
PVCL,RIVL,1330,0
AIZR,RID,10,0
AIBL,SIBVR,735,1
CEPVL,RMDL,13688,0
CEPDL,RMHR,9118,1
RMGL,SIBVL,6166,1
CEPDR,URBR,13521,1
AVBR,OLQDR,36,0
ADFR,RIBR,3721,0
ADFR,ASEL,5250,1
ADFR,ASER,3616,0
AVKL,CEPVL,82,0
AQR,RIVR,99,0
AIZL,AIZR,6457,0
AVAL,AVBR,8306,0
AVAR,AVDL,2833,0
AVJL,RIFR,11920,1
ASHR,AVJL,2490,1
RIBR,SMBDR,2737,0
AVDL,RMHR,1033,0
PVCL,RIFR,1041,1
AUAR,RIBL,1190,0
ASER,RIR,2575,0
ADAL,AVDL,1515,1
RMEL,RMHL,106,0
AVHL,PVCL,916,0
ADAR,URADR,72,0
AVBR,URADR,70,0
AVKR,URYVR,1341,0
PVR,RID,186,0
PVPL,RID,439,0
PVPR,RID,78,0
AFDR,RID,3554,0
ADER,RMHL,643,0
RMHR,SMDDL,587,1
PVR,RIPL,15119,0
PVCL,PVR,2114,0
ADAL,PVR,616,0
RICR,URBR,14093,1
RICR,URXR,7117,1
URBR,URXR,12933,1
OLQDR,URXR,785,0
PVCL,PVPL,4299,1
PVPL,PVPR,2724,0
AVKL,BAGL,1935,0
CEPVL,RIAL,8952,1
SMBDL,URXR,4666,0
AINR,URXR,1810,1
IL1L,RIAR,490,0
AFDR,AIZR,15928,0
ADFR,AFDR,151,1
OLLR,RMDDL,318,0
BAGL,URXL,662,0
AWBR,RIR,9388,1
ASHR,AWBR,8122,1
AIBL,RMGR,985,0
ADAL,AVBL,3645,1
AIZL,PVPR,585,0
RIBL,RIBR,2729,0
ADAL,PVCL,367,0
AVDL,PVCL,14533,1
ASEL,ASER,7603,1
ASEL,RIR,7097,1
AFDR,ASEL,15279,1
ASER,AUAR,611,0
AFDR,ASER,8217,1
ADFL,PVPR,339,0
AVDL,PVPR,3780,0
ASHR,RIR,6885,1
RIVL,URYDL,491,0
AVAL,URYDL,1146,0
RMHR,URYDL,46,0
AINL,BAGL,3630,1
AINL,RIBL,5392,1
IL2VL,RMEL,3292,1
AVDR,URADR,156,0
SIBDR,SMDVR,2633,0
RIBR,SIBDR,3249,0
SIADR,SIBVR,3457,0
RIBR,SIADR,2875,0
AVDR,OLQDR,371,0
AVDR,RIBL,1889,1
AVDR,URYDR,1189,0
AVBL,RID,3968,0
ASEL,RID,2700,0
IL2DR,RID,502,0
AINR,AIYR,118,0
SIBVR,URBR,6737,1
ALNR,SIBVR,54,0
RMGL,SMBDR,828,0
RMDVR,RMGL,444,0
OLQDL,RMGL,107,0
AVAR,SAADL,2868,0
RICR,URYDR,53,0
RICR,RMGR,3982,0
RMDDL,URBR,4391,0
BAGR,PVCR,1217,0
PVPL,SIBVL,1138,1
PVPL,RIR,10887,1
AVBR,PVPL,20114,1
AVER,RMGR,7376,1
AIZR,ASEL,5801,0
AIZR,PVPR,382,0
DVA,SIADL,11770,0
IL2VL,RMEV,2721,1
RIAL,RMGR,34,0
AVAR,RMGR,3878,0
AWBR,HSNL,7994,1
ASER,AWBR,10570,1
AWBR,RIFR,8509,1
AIBL,RIR,115,0
RIH,RMDDR,440,0
AVBL,AVBR,6605,1
BAGR,RIVR,1898,0
BAGR,RMDVR,7970,0
ADFL,RIBL,3936,1
RMGR,SIADL,874,1
AVBR,HSNR,6262,0
ASHR,HSNR,6557,1
ALNL,RMDR,1100,0
AVBR,URYDL,720,0
AINL,AINR,6374,1
AVAR,SIAVR,2853,0
AVDL,SIAVR,3127,0
SAAVR,SIAVR,1355,0
SIBDR,SMDDL,610,0
AIBL,SIADR,14236,1
URAVR,URYVR,3507,1
RMEV,URYVR,9953,0
RMER,URYVR,539,0
OLLR,RIS,1236,1
AVDR,PVR,185,0
RID,RIPL,1011,0
PVCR,RID,13529,1
AVHL,RID,3998,0
AVHR,RID,29,0
RID,URYDR,204,0
AIYR,DVA,350,0
AIYR,AWBR,2048,1
AIYR,BAGR,1084,1
RMDVR,SIBVR,7611,1
RIVR,SMDDL,33141,1
RIGL,RMGL,247,1
AVJR,PVR,4424,0
RMGR,SAADL,2323,1
AVBR,RICR,669,0
AVJR,PVCR,7185,1
DVC,OLLL,904,0
IL2VL,RMED,2036,0
RMGR,SIBVL,2651,0
AVER,RMDVR,2500,0
ADFL,AIZR,38,0
IL1VL,IL2VL,18825,1
AUAL,AWBL,2173,0
ADFL,ADFR,97,0
ADFR,RIFR,3401,0
RIGR,SAAVL,4605,0
OLQDL,RICL,1522,0
AVAR,AVBR,9289,1
AVJL,AVJR,4724,1
HSNL,HSNR,26497,1
AUAR,AWBR,3655,0
AIBL,PVPR,6338,0
AIBL,RIFR,892,0
ADAL,IL2DL,785,0
RIGR,RIMR,3283,0
AVHL,AVHR,837,0
AVBR,AVHL,8682,1
AVBR,SMBDL,743,0
BAGL,DVC,5070,0
RIFL,RIR,766,0
AVHR,PVCL,1080,0
PVPR,RIFL,555,0
AVBR,AVHR,7293,1
ADFL,RIFL,2657,0
ADFL,AUAR,23,0
RMDVR,SMDDR,993,0
AVDL,RMDVR,998,0
AWBL,RIFL,4781,0
AVBR,AVJR,10940,1
AVDL,AVJR,2556,0
ALNL,SMDVR,1961,0
AINL,ASEL,12671,1
SIAVR,URBR,4891,1
SIAVR,SMDVR,127,0
RICL,SIAVR,3489,0
AVBL,SIAVR,1248,0
RMDDL,SIAVR,2844,0
RMDVR,SIBDR,5707,0
RMFL,URYVR,987,0
OLQVL,RIS,1100,0
AVDR,RICR,240,0
AVDR,CEPDR,3985,0
IL1L,RMDL,9970,1
PVCL,RIPL,109,0
RMHR,SAADL,743,0
RMDVR,SAADL,8297,1
OLLL,RIML,127,0
AVJR,PVNL,5663,1
AVJR,RIFR,2404,1
PVCR,PVPL,8747,1
AVHR,PVCR,921,0
IL2L,OLLL,5796,0
OLLL,SAADR,9578,1
AWBR,HSNR,1704,1
RMHR,SIBVL,560,0
AQR,AVHR,3161,1
BAGR,SMDVR,3030,0
CEPVL,RIH,8056,1
ASEL,AUAL,6043,0
ADLR,HSNL,3212,1
ADLR,HSNR,4834,0
ALNR,RICL,61,0
RICL,RMGR,2117,0
AIBR,ASEL,6627,1
AIBL,SMBDR,7503,0
AVBL,AVHL,7345,1
AVBL,BAGR,2145,0
AVBL,AVHR,10893,1
RIVR,SMDVL,307,0
AIZL,ASEL,7663,1
AIZL,RIFL,1813,0
RMGR,SMBDR,417,0
BAGL,PVPR,41,0
AVHR,RIR,20864,1
AWBL,RIR,1703,0
AVFL,RIFR,6756,1
AVBR,AVFL,627,0
ASEL,RIBL,586,0
ASEL,AWBL,18213,1
ASEL,RIFL,846,0
AVDL,RMGR,2338,1
ALNL,SIADR,5445,1
ALNL,RICR,884,0
ALNL,AVAL,188,0
ALNL,RIVR,382,0
ALNL,RMHL,2982,1
ALNL,SMDVL,10096,1
ALNL,SAAVR,895,0
AINL,OLQDR,308,0
AINL,IL1DR,415,0
AINL,URYDR,89,0
RMDL,SIAVR,14581,1
DVA,SIAVR,25205,0
CEPVR,SMDVL,7414,1
RIS,URYVL,1502,1
AVDR,AVJR,25814,1
AVDR,AVFL,427,0
ASHR,AVDR,3098,1
AVJR,RID,7476,1
RID,URXR,581,0
AIYR,RIVR,44,1
RMDL,SMBVR,6673,1
CEPDL,URBL,23028,1
IL1L,RMGL,1705,1
RMDR,SMBVR,5686,1
RIAL,SMBVR,662,0
RMDVL,SMBVR,10733,0
PVCR,RIFR,712,1
BAGL,PVT,4642,0
RMDR,SAADR,664,0
SIBVL,URBL,6602,0
SMBDR,URBL,7966,1
RMHR,URBL,14285,1
RIBR,SMDVR,1747,1
ADAR,URXR,24589,1
ADAR,RMGR,4773,1
IL1L,RMHR,116,0
AWAR,HSNL,12058,1
AVFL,AWAR,514,0
AWAR,HSNR,8444,0
AWAR,RIFR,7255,1
ASHR,AWAR,9599,1
IL1VR,RMDVL,1944,1
RIBR,RIVR,1277,0
SMBDL,SMDVL,2449,0
ASHR,AVFL,2930,0
ADFL,ASEL,4289,0
ASEL,AUAR,651,0
ALNL,RMDVR,914,0
ALNL,RMDDL,1443,0
ADAL,URYDL,544,0
AINL,AWCL,8586,0
AINL,ASER,241,0
AINL,IL2DR,664,0
AVJL,SIAVR,403,0
BAGR,SIAVR,407,0
RMDVR,SIAVR,797,0
BDUR,URADR,1238,1
AVJR,URADR,32,0
PVNL,URADR,287,0
BDUR,PVNR,30549,1
AVDR,URBR,1116,0
AIBR,AVDR,1799,0
RID,RIFR,1035,0
RMDL,URXR,1085,1
AUAL,CEPDL,500,0
BDUR,PVR,2606,0
BDUR,RIFR,19893,0
AVJR,BDUR,2299,0
AVBR,BDUR,5678,1
RIVR,RMGL,1412,0
RMDDL,RMGL,1058,0
PVCR,PVR,429,0
PVNL,PVR,14670,0
AVDL,PVR,5889,0
PVPL,RIFR,680,0
AIZR,RIFR,1366,0
AIZL,RIFR,244,1
ASER,RIFR,3660,0
RIFL,RIFR,718,1
ADAR,URBR,2263,1
IL1R,SMBVR,2302,0
AVJR,URYDR,791,0
RIGL,RIVR,3796,0
BAGL,OLLL,592,0
AIZR,AWBR,14178,1
AIBL,AWBR,1217,0
ASEL,AWBR,486,0
AVBR,AWBR,211,1
RMDDL,URBL,454,0
OLQDL,URBL,2011,0
SMBDL,SMDVR,121,0
AVER,URYVL,11658,1
AIBR,AIZR,964,1
AIZR,ASER,1575,1
ADAR,ASHR,27388,1
AUAL,IL2DL,530,1
AIYL,AUAL,9817,1
ASHR,AVAR,9834,1
AWAR,RIR,3808,1
AIBR,AWCL,2624,1
AIBR,AWBL,827,1
AVBR,IL2DL,216,1
RIVR,RMHR,1832,1
AIYL,AIZL,25101,1
AIYL,RIR,3700,1
ADFL,AIYL,5379,0
AIZL,AWBL,19380,1
ASER,RIBR,631,0
ASER,AWCL,7397,1
AIAR,AWCL,12540,1
BAGR,RIR,6927,1
BAGR,SAAVR,3726,0
AIAR,ASEL,3138,0
OLQVL,RMDDL,482,0
AVBR,SAAVR,737,0
RMDDL,URYVL,13518,1
RMDL,RMEL,820,0
RICR,SIAVR,6536,0
RMGR,SIAVR,2303,1
RIFR,URADR,686,0
PVNR,RIFR,9725,0
SIBDR,SMDVL,550,0
AVKL,URYVR,317,0
AVDR,IL1DR,238,0
AWCL,RID,306,0
ADER,RMDL,3558,1
BAGL,SIBVR,805,0
OLLL,RMDL,6345,1
ADEL,RMDL,6728,1
BDUR,OLQDR,340,0
AVFL,BDUR,3221,0
RMGR,SMDDL,826,0
RMGL,SAADL,341,1
ADEL,RMGL,860,0
RMGL,RMHL,13814,1
IL1DL,PVR,3140,0
PVR,URADL,1482,0
OLQDR,RIFR,329,0
PVNL,RIFR,5500,0
AWBL,RIFR,790,0
AVDL,SAADL,239,0
AVJR,OLQDR,59,0
AVHL,AVJR,226,0
AVHR,AVJR,9539,1
ASHR,AVJR,324,0
PVCR,RIFL,140,0
OLQVR,PVT,1282,0
AWCL,OLQDR,193,0
AUAL,AWBR,197,0
AWBL,PVPL,2,0
BAGR,IL1R,505,0
AVKL,OLQVR,274,0
ASHL,AVBL,24083,1
ASHL,AVHR,9569,1
ASHL,AWBL,6527,1
AUAL,IL1DL,137,0
ADEL,RMDDR,1181,0
ADEL,RMHR,3876,1
IL1VL,URYVL,9440,1
AVFR,AWAR,3263,0
AVDL,AVJL,13281,1
ASER,HSNL,849,0
RIVR,RMHL,8168,0
BAGL,RIVR,1709,1
AIYL,BAGR,2654,1
AVHL,RIFL,3680,0
AFDR,RIBR,998,0
AWCL,RIR,114,0
AWCL,URYDR,216,1
AFDR,BAGL,406,0
AVBR,RIR,321,0
AFDR,RIR,1951,1
AINR,ASEL,1970,1
RMDVR,SAAVR,3840,0
RIH,URYVL,4851,1
AVBR,RIFL,2605,1
AVBR,AVDL,9656,1
AINL,URYDL,620,0
RID,URYDL,1168,0
AINL,IL1DL,847,0
AINL,AUAL,1944,0
AINL,IL2DL,1134,0
AFDL,AINL,3414,0
AINL,OLQDL,645,0
SIAVR,SIBDL,886,0
SIAVR,SMDDL,701,0
RIBR,SIAVR,1218,0
OLLR,SIAVR,527,0
ALNR,SIAVR,83,0
RMDL,URYVR,154,1
AVDR,SIADL,2512,0
AVAL,RID,1950,0
IL2DL,RID,377,0
RID,RIFL,935,0
RIBL,SIBVR,629,0
AVDL,SIBVR,1660,0
RMDL,URBR,2229,1
AVHR,BDUR,1173,0
AVHR,RIFR,1779,0
RICR,URBL,4725,1
RMGR,SMBVR,16331,1
AVJR,IL1DR,238,0
AVHR,OLQDR,189,0
AIBR,AWBR,992,0
SIADL,SIBVL,5061,0
CEPVL,RMEV,4096,0
CEPVL,URYVL,7997,1
AVAR,URXR,2252,1
OLQVR,RMDDR,2215,0
ASIR,AWCL,7406,1
AIAR,ASIR,10872,1
AIZR,AVHL,334,0
DVA,SMDVL,9027,1
AVBR,SAAVL,1832,0
ADLR,ASKR,19398,1
AVAR,BAGR,2584,0
IL1VL,RMDVR,6095,1
ASKR,AWAR,2519,1
AIBR,ASKR,8661,1
IL2DR,PVNL,378,0
AIYL,RIBL,24010,1
AWCL,IL1DR,243,0
RMEV,URYVL,3891,0
BAGR,PVCL,451,0
AVHR,URYDR,630,0
AVFR,AVHR,2864,0
ADAL,OLQDL,22,0
ASHL,AWAL,7603,1
AUAL,AWAL,2246,0
ASKL,AWAL,7735,0
AWAL,RIFL,2399,0
ALNL,SIBDR,3325,0
ALNL,RMDVL,36,0
ASJR,HSNL,11290,1
ASJR,AVFR,10467,0
AINL,URXR,398,0
AINL,CEPDR,95,0
SIAVR,SMBVR,12302,0
AIMR,BDUR,1363,1
AIMR,RIFR,8950,1
AIMR,OLQDR,980,1
AIMR,AVFL,6996,1
AIMR,AVHR,4881,1
AIMR,URYDR,491,0
AIMR,AVFR,13820,1
PVNR,URADR,46,0
RMHR,SIBDR,9424,0
RMGR,SIBDR,1390,0
IL2VR,URYVR,1222,0
BDUL,BDUR,578,0
AVJL,BDUL,884,0
RIBL,RID,1240,0
SIBVR,SMBVR,1748,0
ADLR,AWCR,15714,1
ASKR,AWCR,11899,0
AIAR,AWCR,22287,1
AVHL,BDUR,4130,1
BDUR,RIFL,346,0
IL1VL,RIPL,17632,1
SMBVR,URXR,2484,1
OLLR,SMBVR,2075,0
RMDVR,SMBVR,2750,0
AVJR,RIFL,9329,1
RIGL,RMHL,98,0
ASIR,OLQDR,639,0
AFDR,AWBR,157,0
RICL,URBL,8660,1
BAGL,SIBVL,1100,0
IL1R,SMDVR,1911,0
AIZR,ASHL,155,0
AIZL,ASHL,6925,1
ASHL,ASHR,2766,0
AIBR,SMDVR,635,1
RMHL,SMDVR,4647,0
CEPVL,RIMR,252,0
URAVL,URYVL,2680,0
ASIR,IL1DR,558,0
ASIR,URYDR,355,0
OLLR,RIVR,921,0
AIZR,AWBL,526,0
AIZR,ASHR,4396,0
DVA,RMDVR,67,0
ADLR,PVQR,7127,0
RICL,RMDVR,1858,0
IL1VL,RIH,977,0
AWAR,PVQR,4807,1
AFDR,AIBR,9225,0
AVJL,PVNL,3879,1
AVJL,RMGR,3461,1
AVJL,RIFL,1098,0
AIYL,ASKL,421,0
ASEL,ASKL,8392,0
ASKL,AWBL,1857,0
IL1DR,PVNL,304,0
AVDL,PVNL,548,0
AFDL,IL2DL,301,0
AVBL,RMGR,83,1
AVBL,RMDVR,122,0
AVFR,PVQR,15172,1
ASHR,PVQR,7999,0
ADAL,RMHL,19,0
ASEL,RIBR,46,0
AWCL,IL2DR,198,0
AVFL,AVHR,3844,0
AFDL,ASEL,4627,1
RIBL,RMDDL,10,0
AIAR,ASER,6309,1
ASHR,RIFL,450,0
ASHR,AVFR,2870,1
ASJR,AVHR,133,0
RMEL,URYVR,340,0
ADAR,SIAVR,2288,0
AIBL,SIAVR,346,1
SIADL,SIAVR,988,0
AIMR,AVDR,3835,1
AIMR,CEPDR,5861,0
AIMR,AVAR,288,1
AIMR,ASHR,373,0
IL2R,RMDR,1570,0
IL1DR,PVNR,511,0
AVHR,PVNR,1970,0
IL2DR,PVNR,216,0
AVL,OLQVL,1842,0
RMDL,SIBDR,3795,0
RMDR,SIBDR,115,0
PVT,URYVR,1441,0
RMED,URYVR,1288,0
RMDVL,URYVR,13950,1
SAADR,SIBVR,9454,0
RIAL,RIVL,7900,1
RIVL,RMDVL,5654,1
AVHR,BDUL,1708,0
BDUL,RIFL,22353,1
OLLL,SIBVR,471,0
IL2L,RMDL,1985,0
BDUR,IL2DR,626,0
RICL,SAADL,82,0
AVJR,CEPDR,805,0
AVJR,HSNL,269,0
PVCR,RMDVR,283,0
AWBL,AWBR,1017,0
BAGR,PVPL,75,0
AVKL,OLQVL,345,0
ASHL,HSNL,7297,1
BAGL,SMDVR,1341,0
ASIR,IL2DR,647,0
AUAR,RIVR,658,0
ADAR,SIADL,540,0
CEPDR,PVNL,810,0
ASER,AUAL,477,0
RICL,RMDDL,128,0
AVAR,RIBR,1830,1
AVAR,PVCL,12731,1
AVJL,RMDVR,129,0
AVBL,HSNL,2048,0
HSNL,RIFL,10795,1
AVHL,PVNL,216,0
AVBR,PVNL,5253,0
AIBL,AVBL,21380,1
AIBL,AIZL,3943,1
IL2VR,RMDDR,1313,0
AVBL,RIBR,2997,1
AFDL,AIZL,22526,1
AVHR,IL1DR,455,0
AFDL,AWCL,23228,1
OLLR,SMDVL,2870,1
AVBR,SMDVL,1596,0
ASER,AWBL,946,0
AVBR,RMGR,1728,1
ASHR,AWBL,866,1
RMEL,URYVL,699,0
SIAVR,URXR,1493,1
AIMR,URXR,10204,1
PVNR,PVR,7284,0
CEPDR,PVNR,834,0
RIML,SIBDR,86,0
SIBDR,SMBVR,11508,0
RMHL,SIBDR,716,0
RMGL,SIADR,3683,1
RIVL,RMDL,18599,1
AVDL,BDUL,1077,0
BDUR,RID,15,0
AVJL,RID,543,0
HSNL,RID,1816,0
PVNL,RID,2971,0
AFDL,RID,963,0
OLQDL,RID,737,0
AWCR,OLQDR,279,0
AWCR,IL1DR,653,0
AWCR,URYDR,255,0
AFDL,CEPDL,454,1
RICR,RMGL,4248,1
RIML,SMDDR,30891,1
RMDDL,SMBVR,31,0
AQR,AVAR,8177,1
AWCL,CEPDR,31,0
AVHR,CEPDR,682,0
AVDL,URADL,178,0
AVAR,BAGL,10170,1
AIBL,ASKL,18011,1
AIBL,AIYL,4709,1
AIYL,AWBL,3228,1
AIZL,AWCL,3570,1
RIBR,SMDVL,5026,1
BAGL,SAAVR,80,0
PVCL,RIR,42,0
RMER,RMHR,184,1
ASHR,RMGR,5371,1
AWAL,HSNL,4200,0
AWAL,HSNR,6673,0
AVDL,URYDL,1660,0
ASJR,RIFR,395,0
ASJR,OLQDR,512,0
ASJR,AWAR,192,0
ALA,ASJR,12643,1
CEPVL,RMEL,566,0
SIAVR,SIBVL,12089,0
AIMR,URBR,263,0
AIMR,AVJR,831,1
AIMR,PVNL,2364,0
AIMR,IL1DR,476,0
AVFL,PVNR,9702,0
AVBL,SIADR,422,0
AVDR,PVNL,1331,0
AIYR,AUAL,220,0
AIYL,AIYR,5280,1
AIYR,AWCL,2761,0
AIYR,AWBL,391,0
AFDL,AIYR,469,0
ALA,AWCR,574,0
BDUR,IL1DR,155,0
RMGL,URBL,4048,0
PVR,URBR,565,0
RIFR,URYDR,170,0
RICR,SMBVR,6351,0
PVNL,URBR,65,0
ASHL,AVJR,5020,0
ADAL,AVJR,4595,1
PVCR,SIBVL,8502,0
RMDR,SAAVR,457,0
ADLL,HSNL,1773,1
ADLL,HSNR,2995,0
AIAL,AWBR,418,0
AWBR,BAGL,53,0
RICL,SIBVL,20,0
RIBL,SIBVL,2498,0
AVKL,URYVL,437,0
ASHL,ASKL,3570,1
AIAL,AIZR,23,0
AIAL,AIZL,13601,1
AIAL,ASER,18467,1
AIAL,AWBL,4909,1
AVER,AVJL,1605,0
ASIR,URXR,310,0
AWCL,URXR,24,0
RMDVR,URXR,1278,0
RIAR,RIMR,6053,0
AIZR,AWAR,20500,1
PVNL,URADL,267,0
AFDL,URXL,1278,0
AVAR,PVPR,5173,1
AVHL,HSNL,927,0
AVFL,PVNL,13386,0
AVHR,PVNL,765,0
AIBL,ASER,7796,1
RMDVL,RMEV,2191,0
AVDL,IL2DL,97,0
ALA,PVQR,7372,0
ALA,ASKR,9781,1
ASER,PVQR,6673,1
AIZL,ASHR,314,0
AINR,AWCL,7126,1
AVDL,RIFL,827,0
AFDL,AFDR,873,1
AIYR,AWAL,363,0
URBL,URYDL,459,1
AINL,RIVR,2331,0
AINL,OLLR,549,0
AIMR,URADR,289,0
AIMR,PVR,1175,0
AIMR,ALA,2234,1
IL2R,RMDL,1076,1
IL2R,SMBVR,828,0
AVL,URYVL,2614,0
SMDVL,URYVR,1572,1
SAADR,SIBVL,579,0
AVDR,AVHR,7496,1
BDUL,RID,2999,0
BDUL,URADL,936,1
AVHL,BDUL,1318,1
RID,URADL,260,0
HSNR,RID,1498,0
AWCR,IL2DR,251,0
CEPDL,PVR,5262,0
RMGL,SMDDL,1458,1
RMGL,SAAVR,398,0
IL2DL,PVR,392,0
AIAR,RIFR,17012,1
IL2DR,RIFR,508,0
RIML,SIBVL,4433,0
ADAR,SMBVR,1347,0
AVAL,AVJR,2076,1
OLLL,SIBVL,1508,0
OLLL,RIMR,492,0
ALA,OLQDR,579,0
AWBR,PVPR,190,0
AIAR,AWBR,875,0
AVAL,URBL,11,0
ADAL,URBL,4178,1
RMDVL,SIBVL,486,0
ASHL,AVDL,1614,1
ASIR,CEPDR,146,0
AIAR,AIZR,8575,1
IL1DL,PVNL,841,0
AIBR,AWAR,536,0
AIAR,AWAR,4517,1
AVBL,AWBL,1955,1
AIBR,SAAVR,1588,1
AVDL,HSNL,166,0
IL2DL,PVNL,283,0
AIBL,AWBL,331,0
ALA,URYDR,768,0
ASKR,IL1DR,256,0
AVHL,HSNR,715,1
BAGL,RIR,2952,0
BAGL,SIBDL,321,0
AIAR,RIR,1067,0
AIAR,AWBL,850,0
AIAL,AWAL,2654,0
AIZL,AWAL,21646,1
ASHR,AWAL,206,0
AVBL,URYDL,305,0
ASJR,HSNR,5116,1
AINL,RIR,173,0
RMDVR,RMEL,189,0
RMDR,SIAVR,566,0
IL2R,RICR,2530,0
AVDR,PVNR,754,0
RIBL,SAADR,205,0
IL1DL,RID,115,0
AIAR,AIYR,2778,0
BDUR,CEPDR,2342,1
CEPDR,RIFR,3221,1
IL1DR,RIFR,225,0
RMGR,URBR,2271,1
AVAR,PVCR,7111,1
ADLL,AIAL,7632,1
ADLL,ASKL,11349,0
IL1DL,URBL,263,0
AVBL,URBL,168,1
SIBVL,SMDDR,2,0
AVFL,URXR,1635,0
ASHR,URXR,1591,0
DVC,OLQVR,960,0
ADLR,IL1DR,43,0
AIYL,URXL,1199,0
AVAR,AVFL,3113,0
IL1L,RIBL,669,0
ALA,IL1DR,502,0
ALA,AVFR,1037,0
HSNR,PVQR,7335,1
AIAR,PVQR,15025,1
AVFL,AVHL,2647,0
ASKR,URYDR,6,0
AVFL,RIFL,10272,1
AVBR,AVFR,4524,1
AWAL,AWAR,601,0
AIBR,AWAL,228,0
AIBL,AWAL,548,0
AVFR,AWAL,6836,0
ALNL,SIBVL,492,0
AVJL,URYDL,547,0
AINL,CEPDL,312,1
RMGL,SIBDR,3794,1
RMDVL,SIBDR,6734,1
SAADR,SAAVR,141,0
AQR,RIVL,30,0
BAGL,RIVL,1378,0
BDUL,PVR,1139,0
ALA,RID,43047,0
PVQL,RID,4112,0
AVFL,RID,2144,0
AIYR,ASIR,1213,0
AIBL,AWCR,5128,1
AWCL,AWCR,48485,1
AINR,AWCR,6225,0
SMDDL,URBR,2132,0
AIBR,SMDDL,9643,1
AVAL,RMGL,2204,1
AIBR,RMGL,5980,1
SIBDL,URBR,225,0
SIADL,URBR,425,1
OLLL,SAAVR,510,0
ADLL,AVFR,2076,0
ASJL,AVFL,3708,0
ASJL,HSNR,2184,1
IL1R,RIVR,3483,0
ASHL,AVJL,616,0
AIAL,AIBR,1066,0
AIAL,AVFR,1394,1
ADAR,AVFL,84,0
AVAL,DVA,8180,1
AVJL,URADL,21,0
AVHL,URADL,323,0
ADLR,ALA,5439,0
AVAL,AVBL,5237,0
AWAR,AWBL,410,0
AIBR,RMDVL,391,0
AVJL,OLQDL,274,0
ASKL,AVFR,4397,0
AWBL,HSNL,4259,1
ALA,PVQL,11748,0
AVBL,RIGR,7946,0
AVHL,OLQDL,311,0
AVFL,PVQL,11064,1
AVFR,PVQL,16355,1
HSNR,PVQL,5314,1
BAGL,PVCL,295,0
ASER,HSNR,1139,0
AINR,OLQDL,104,0
ALNR,RMDDL,2273,0
RMDVR,URYVL,4326,1
AVBL,RIMR,2993,1
AVDL,OLQDL,25,0
AVHL,URYDL,308,0
DVC,URYVR,742,0
AVDR,BDUR,339,0
AVDR,SIBDL,2075,0
BDUL,IL2DL,1059,0
AIAL,AWCR,9194,1
RICR,RMDL,1844,0
RMDL,URBL,1996,0
DVA,RMGL,215,0
PVR,URBL,333,0
SMBVR,URBR,6949,1
RIVL,SIBVL,343,0
AIML,AVHL,2349,1
AIML,AVFL,7601,1
AIML,RIFL,5770,1
ASHL,AVFL,2183,1
AQR,AUAR,212,0
AIAL,AIAR,4586,0
CEPVL,SMDVR,10052,1
RMDDR,URBL,2888,1
AVDL,URBL,886,0
HSNL,URXR,632,0
AVHL,URXR,515,0
PVPR,URXR,4640,1
OLQVR,RIGR,1867,1
ASEL,ASIR,5486,1
DVC,RIVR,9871,1
AVKR,RIVR,9785,0
AVBL,SAAVL,155,0
AIBR,RMHL,3688,0
AIBR,RMHR,71,1
ADFL,AIBL,888,1
ALA,HSNR,2630,0
AVHL,PVQL,91,0
AIAR,AWAL,142,0
PVR,URYDL,112,0
AINR,URYDL,154,0
AINL,AWCR,3405,0
AINL,SMDVR,856,0
AINL,AVAR,750,0
IL1R,SIAVR,292,0
RIAL,SIAVR,2887,1
AIMR,PVNR,729,1
AIMR,SMBDL,1729,0
IL2DL,PVNR,98,0
ASHR,AVER,5057,1
SAADR,SIBDR,1151,0
RMGL,SAADR,7043,1
RMDVL,SAADR,632,0
AVDR,URXR,491,0
AVEL,RMDVL,889,0
AIML,BDUL,73,0
AVFR,RID,3348,0
RMGL,SIBVR,2080,1
AWCR,URXR,241,0
AWCR,IL2DL,69,0
AIZL,AWCR,4711,1
AVJR,RMGL,2319,0
RICL,RMGL,1003,0
RICR,RMDDR,640,0
OLLL,RMDVR,1689,0
ADEL,RMDR,338,0
ADLL,ALA,14426,1
ALA,ASJL,11335,1
AIBR,SIBVL,828,0
AIBL,AQR,3117,0
AQR,RIBR,887,0
AQR,RIMR,168,0
AIAL,ASIL,9507,1
AIAL,ASEL,6105,1
RMDVR,SMDVR,2159,0
CEPVL,RMDVR,4745,1
ADLR,URXR,8225,1
ASKR,URXR,185,0
AVFR,URXR,616,0
AINR,ASIR,2327,0
AIZR,AWCL,1634,0
ADAR,OLLR,4,0
AINR,IL1DL,278,0
AUAR,AVAR,8905,1
OLQVL,RMFR,786,0
AVBL,RMFR,854,0
ASKL,HSNR,9368,0
AIBL,ASIL,1398,1
AINR,IL2DL,916,0
AFDR,AWCL,945,0
AFDL,BAGR,1788,0
PVCL,SMDVL,369,0
AFDL,RIR,158,0
RIBL,SIBDL,262,0
AIAR,HSNR,94,0
ASJR,URXR,926,0
AINL,RIMR,514,0
AIMR,PVQR,5099,1
IL2R,URBR,7730,1
AVDR,RIFR,994,0
AVDR,SMBDL,385,0
BDUL,IL1DL,755,0
RID,RMGL,4784,1
ADER,URBR,8676,1
AWCR,OLQDL,117,0
AVJR,URXR,565,0
IL2L,RMDR,673,1
ADLL,PVQL,10946,0
ADLL,ASER,18367,1
AWBR,URXR,920,1
CEPVL,RMED,151,0
AIML,URADL,32,0
AIML,AVHR,251,1
ASHL,AVAL,3594,1
ADAL,ASHL,11318,1
AIAL,ALA,146,0
AIAL,ASHR,15,0
RIR,URXR,17130,1
RIBL,SMBDL,1491,0
RIMR,RIVR,5147,0
ADAR,RMDVR,158,0
DVA,RMDVL,538,0
RIFL,URADL,488,0
ASER,ASIL,24323,1
RIBL,RIVL,979,0
ASEL,OLLR,743,1
ASEL,AVHR,235,0
AFDL,RIBL,781,0
ASER,AVFR,1558,0
ADFL,AVHR,4388,0
SAAVR,SIADL,321,0
DVC,RIMR,18,0
AIML,URYDL,356,0
ASIL,URYDL,204,0
ASER,URYDL,197,0
AINL,URXL,231,0
AIML,AIMR,1115,0
AIMR,RMGR,20158,1
OLQVR,RMDVL,18842,1
ADAR,IL2R,60,0
AVER,SMDVR,6074,1
RIGR,URYVR,4181,1
AVDR,RMGL,3658,0
BAGR,RIVL,2554,0
AVEL,RMGL,6921,1
ADLL,RID,3372,0
ASJL,RID,807,0
ADER,CEPDR,2125,1
ADLL,AWCR,1703,0
AIZR,AWCR,2362,1
AVJL,CEPDL,669,0
AINR,CEPDL,340,1
AVDL,CEPDL,536,0
AVJL,IL1DL,86,0
RMGL,SMBDL,3329,0
IL2L,RMGL,4785,0
AVBR,RMGL,919,1
ADAL,RMGL,6407,1
IL1R,RICR,96,0
BAGL,RIML,379,0
RIGL,SAAVR,5113,0
OLLL,SMDVR,9693,1
AVFL,AWBR,1869,0
RMED,URYVL,507,0
ASJL,HSNL,8784,1
ASJL,PVQR,1482,1
AIML,ALA,2113,0
AIML,PVQL,1899,1
AIML,OLQDL,118,0
AIAL,PVQR,327,1
AIAL,PVQL,5357,1
AIAL,ASKR,1119,1
RIBL,SMDVR,6098,1
SMDVR,URYVL,1908,1
AVHR,URXR,581,0
RMDDL,URXR,93,1
AIBR,SMBDL,2093,0
AVL,SMDVL,16,0
RIVR,RMFL,4080,0
AIZR,HSNL,901,1
ASIL,IL1DL,540,0
SAAVL,SIAVL,249,0
AVAL,SIAVL,535,0
AIBR,SIADL,13751,1
HSNL,RIR,749,1
AIBL,BAGL,869,1
IL2DL,RIFL,536,0
ASIL,OLQDL,47,0
SIAVL,SMDVL,55,0
AVBR,SIAVL,837,0
ASER,ASKR,5135,1
BAGL,SMDVL,2362,0
RIR,RMGR,3526,1
OLLR,RMGR,588,1
ASER,OLQDL,240,0
AUAR,PVPR,158,0
ALNL,SIAVL,1139,0
ALA,URYDL,566,0
ASJR,AVDR,1474,0
AIMR,AWBR,1741,1
BDUL,CEPDL,499,0
RID,URXL,376,1
RIBR,URAVR,612,0
AVHL,CEPDL,758,0
RMGL,URXL,10264,1
RMGL,SIAVL,3875,1
RMGL,SIADL,991,1
AIBL,RICR,659,1
PVT,RIVR,3339,0
OLQVL,PVT,990,0
ASJL,AVFR,13860,0
AIML,AVFR,3111,1
AIAL,AWCL,1689,1
ADFR,URXR,11033,1
ASEL,RIVR,605,0
AVHL,IL1DL,297,0
ASER,IL1DL,686,0
CEPDR,SIBDL,31,0
CEPDR,SIADL,1042,0
ADFR,AVAR,337,0
BAGL,SAAVL,2674,0
RICL,URXL,7439,1
AVBR,RICL,2590,0
AINR,URXL,257,1
ADAL,URXL,13371,1
RMFR,URYVL,760,0
ASKL,PVQR,500,0
ASKL,ASKR,7177,0
ASER,ASKL,961,1
AIAR,ASKL,1357,0
RMDVL,SIAVL,1190,0
ALA,OLQDL,369,0
AINR,ASIL,6146,0
BAGL,RIMR,8,0
AVDL,AVFL,767,0
AFDR,AIAR,432,0
ASHR,AVDL,12317,1
ADLL,URYDL,86,0
AINL,IL1R,15,0
RMHR,SIAVR,6317,0
AIMR,ALMR,3195,0
CEPDL,PVNR,822,1
CEPVR,URYVR,2059,1
SIADR,SIAVL,1327,0
ASIR,RID,2397,0
ASIL,RID,1711,0
RID,SIAVL,1264,0
AIYR,URXR,593,0
AVL,URAVR,230,0
ADFL,AWCR,72,1
AFDR,AWCR,4764,0
RMDL,SIBDL,1080,0
CEPDL,PVNL,10,0
RMGL,SIBDL,3877,0
PVT,URYVL,1827,0
RMDR,SIBDL,2546,0
ALMR,CEPDR,4089,1
ALMR,RIR,128,0
ALMR,SIBDL,11101,0
ALMR,SIADL,3659,1
ALMR,RMGR,5764,1
ADLL,IL1DL,344,0
AIML,IL1DL,662,0
SMDVL,URBL,56,0
ASIL,ASIR,1270,0
AVDL,RICL,444,0
AWCL,URXL,10,0
AVAR,AVHL,8096,1
AVBR,RMDVL,967,0
ASIL,IL2DL,193,0
AFDR,ASIL,164,0
RIBL,SIAVL,1086,0
SIADL,SIAVL,36043,0
AWCL,OLLR,1271,0
ADAL,ALNL,314,0
ASJR,AVJR,491,0
AINL,RIAR,2163,0
AIMR,RIR,4345,1
AVDL,PVNR,4889,0
ADAR,AVER,451,0
SIBDR,URBR,5981,1
OLLL,RIVL,784,0
AVBR,AVEL,848,0
PVT,URAVR,1108,1
ADER,SMBVR,777,0
RMDL,SIAVL,885,0
AIML,CEPDL,3211,1
AVJL,RICL,671,0
RICR,SIAVL,1772,0
ALA,AVJR,888,0
OLLL,SIAVL,1228,0
OLLL,RMDDR,824,0
RICL,RMDR,2776,0
ALMR,AVFL,431,0
ADEL,SIBVL,158,0
ASEL,IL1R,379,0
ASHL,URXL,8151,1
AQR,RIAR,3238,1
AIAL,ASIR,667,1
ADLR,AIAL,509,0
AIAL,AINR,3314,1
URBL,URXL,8920,1
SIAVL,URBL,1850,1
RIAR,URXR,18850,1
ASER,ASIR,2639,1
AVAR,RIAR,18182,1
BAGL,RIAR,25084,1
AUAR,RIAR,16548,1
ADAR,AVDL,6095,1
ALA,IL1DL,737,0
IL1DL,RIFL,120,0
RICL,SIAVL,2490,0
AVAL,PVCL,8229,0
SMBDR,URXL,2311,0
RMHR,URXL,976,0
IL1L,SMDVL,1445,0
IL2VR,RMDVL,82,1
AUAR,RMDVR,66,0
BAGL,RMDVL,3107,0
ALA,AVHR,683,0
PVPR,RIGR,3610,1
BAGL,SIAVL,394,0
SIAVL,SMDDR,614,0
RMDDR,SIAVL,2416,0
DVC,RIBR,4910,1
ADAL,AVFL,2404,0
AIMR,ASJL,616,0
ADFR,AIMR,131,1
OLQVR,SIBDR,4005,1
AVJL,PVNR,8706,1
PVNR,URBL,76,1
PVNR,URXL,449,1
ADAL,PVNR,370,0
AVER,URBR,322,0
RID,SIADR,31,0
CEPDL,RIFL,741,0
SAADL,URBR,274,0
SAADL,SMBVR,120,0
ADLR,RICR,5050,1
RICR,URXL,1153,0
RMDR,URBR,1176,1
ADLR,URBR,5798,1
AVAL,PVCR,7464,1
RIVR,RMDR,15731,1
ALMR,SMBDL,1704,0
ALMR,RMDDL,2882,1
SIBVL,URXL,524,0
AQR,AVAL,16906,1
AQR,RIGR,1077,0
AVFR,SMBDL,424,0
AVL,IL2VR,166,0
ADEL,SIAVL,519,1
ADLR,RICL,2568,1
AVAL,BAGR,10953,1
AVAL,BAGL,3193,0
AIBR,SIAVL,586,0
OLQVL,RMDVR,23813,1
ADAL,SIAVL,1186,0
ASJL,ASJR,3443,0
RIVL,SIAVR,9409,1
BAGL,OLQVR,255,0
AVER,IL2R,211,1
IL2R,SAADL,160,0
IL2R,RMGR,2096,1
CEPVR,SMBVR,9753,1
CEPVR,RMGR,1563,0
AWCR,RID,3025,0
AVJL,SIBVR,2831,0
CEPDR,SAADL,229,0
IL2VR,PVT,548,0
ALMR,AWBR,515,0
ASJL,ASKR,1674,1
AVBR,SIBVL,7317,0
AWCL,IL1R,577,0
IL1R,RMGR,542,0
AVKL,SAAVL,9,0
BAGL,URXR,80,1
AVBL,URXR,1151,1
AVL,IL1VR,167,0
RIAR,RIVR,8705,1
RIAR,RIBR,9208,1
ASEL,RIAR,1648,1
IL2VL,RMDDL,481,0
IL2L,SIAVL,124,1
AVFL,URXL,1604,0
AVDL,URXL,1153,0
ALA,AVFL,1216,0
BAGR,SMDVL,1010,1
PLNL,RMHR,653,0
AVBR,RIBL,3877,1
AUAR,RIMR,2741,0
ALNL,SIBDL,53,0
ASJR,SMBDL,525,0
OLQVR,URBR,906,0
OLQVR,SMBVR,10203,0
OLQVR,RMHR,4857,1
OLQVR,PLNL,2030,0
ADLR,CEPVR,16239,1
AVEL,RID,1437,0
ADER,PVR,3138,0
ADER,ALMR,3980,0
ADER,PVNL,539,0
ADER,RMGR,649,1
SIAVL,SIBVR,9849,0
AVJL,URXL,676,0
AVDL,URBR,3517,1
ADLR,SMBVR,28894,1
RMDR,RMEV,133,0
AVAL,PVPL,4159,1
AQR,AVBR,8324,1
RIAR,SAAVR,25372,1
AWCL,RIVR,359,0
ADLR,RMGR,2232,0
AVAL,RIR,3257,0
AIBR,AVBR,13353,1
AIAR,HSNL,4622,0
DVC,OLQVL,1061,0
AVFR,SIADL,190,1
DVC,URYVL,1483,0
AVKR,SMDDR,4327,1
ALNL,URBL,889,0
ASJR,CEPDR,290,0
ASJR,SIADL,505,0
SIAVR,SMDDR,40,0
AWCL,IL2R,379,0
ALA,AVDR,2047,1
DVC,URAVR,3696,0
ADER,BDUR,4708,1
AWCR,PVQL,1,0
ASHL,RMGL,3777,1
CEPVL,RMGL,1368,1
RICR,SMBVL,1935,0
AVBR,URBR,299,1
AVJR,URXL,849,1
IL1VR,PVT,767,0
OLLL,SMBVL,1721,0
RMDR,SIAVL,9542,1
ADLL,ADLR,5217,0
AIML,URXL,6261,1
ADAL,AIML,258,0
AQR,AUAL,723,0
SMBVL,URBL,2342,0
ADLR,ASIR,2029,1
ASIR,OLLR,974,0
RIAR,RIGR,5231,1
ADEL,SMBVL,1053,1
IL2VL,RMDVR,803,0
AUAL,AVAL,7649,1
IL2L,SMBVL,1908,0
ADLR,ASKL,1988,0
ADLR,AIBL,214,0
RICL,SMBVL,4838,0
AVHL,URXL,777,0
SIAVL,SMBVL,33135,0
RMDDR,SMBVL,117,0
ADAL,HSNL,204,0
AVHR,PVQR,258,0
ASER,PVQL,118,0
AVFR,SIBDL,297,0
ALML,PVNR,837,1
ADAL,AVDR,7669,1
ADAL,AVEL,1552,1
SMBVR,URAVR,77,0
ASKL,AWCR,242,0
ALA,CEPDL,51,0
ALML,CEPDL,6377,1
AVJL,URBR,2157,0
ALML,PVR,8493,0
SIBVL,URBR,269,0
RIVR,URBR,745,0
SMBDR,URBR,175,0
AVBR,RIML,5117,1
IL1VR,SMBVR,74,0
AWBR,RMGR,2354,0
ASJL,URXL,1546,0
AIAL,AIYL,1456,0
IL2VL,URYVL,79,0
ALA,URXL,2920,0
SIAVL,URXL,190,0
ALML,URXL,575,0
AVFL,RMGR,8130,0
ASJR,SIBDL,534,0
OLQVR,RICR,2021,1
ASIR,IL2R,1049,0
AVER,IL1R,2541,1
AVDR,PVQR,49,0
ADLR,RID,1764,0
ASKL,RID,309,0
RMFL,URAVR,3,0
ADER,RMDDL,96,0
BDUR,RMDDL,53,0
AVKL,SMDDR,922,0
AIML,ALML,11031,1
AVL,RIH,3685,0
AWCL,RIAR,861,0
RIAR,RIR,3998,1
ADAR,RIR,35,1
ADFR,RIGR,7546,1
ADFR,ASHR,6789,1
HSNL,URXL,1150,0
IL1L,SMBVL,1822,0
RIBL,RMFR,374,0
OLLR,RIH,359,0
AINL,SAAVR,130,0
SIADR,URBL,1198,1
AVEL,AVJR,1391,0
ADER,ADLR,254,0
RMDL,SMBVL,1422,0
PLNL,RMDL,45,0
ADEL,CEPDL,1985,1
RMGL,SMBVL,9219,1
ALMR,RIFR,6660,0
OLLL,RIAL,107,0
SIBVL,SMBVL,2624,0
ASIR,IL1R,1012,0
AIML,AVDL,3010,1
RIAR,SIAVL,3761,1
PVPR,RIAR,1699,1
AVAL,RIBL,1730,1
SMBVL,URXL,285,0
AVAR,RIR,1651,0
IL2VR,RMFL,252,0
DVC,IL2VR,1723,0
ALA,ASKL,2910,0
ASKR,PVQL,51,0
ASKR,AVHR,305,1
RMDDL,SIBDL,867,0
AWBL,HSNR,3476,1
ALNL,RMDDR,1017,1
AIMR,SMBVR,2383,0
ADLR,OLQVR,5597,1
AIML,PVNR,283,0
SIBDR,URXL,240,0
SIADR,URXL,4,0
AVDR,SMBVL,1424,0
AVDR,OLLR,307,0
AFDL,RIVL,537,0
ASKR,RID,642,0
PVR,URAVR,566,0
ADLR,URAVR,287,0
SIBVR,SMBVL,6966,0
OLLR,SMDDL,2667,1
OLLL,RMGL,2168,0
ADLR,PVR,264,0
IL1VR,PVR,5369,0
ASKR,AVJR,175,0
AIML,URBL,412,0
AIML,SMBDR,130,0
ALA,SMBDL,48,0
RIBL,URAVL,24,1
ASIR,RIAR,375,0
ASIR,RIVR,610,0
AVBL,RIAR,161,0
ALA,CEPDR,101,0
ADLR,OLLR,787,1
ADLR,IL1VR,190,0
RMFR,SMDDR,3771,0
AIZL,HSNL,1361,1
ALA,ASER,444,0
ALA,SIADL,670,0
PVQR,RIR,47,0
AIZL,AVHR,1363,0
OLQVL,SIAVL,41,1
HSNR,RIR,82,0
ALNR,OLLR,1196,0
ASJR,OLLR,694,0
ALNR,ASJR,358,0
AINL,RMDVR,116,0
AIMR,AUAR,61,0
AWCR,IL2R,222,0
ALMR,IL2R,192,0
AQR,SIADR,270,0
ASHL,AVEL,1560,0
ADER,SDQR,3657,0
AWCR,OLLR,111,0
AVKL,SMDDL,4051,0
PVR,SDQR,17218,0
IL2L,RICR,446,0
ASHR,URBR,1307,0
IL2VR,SMBVR,325,0
RMHR,SMBVR,2465,0
ADLR,AVJR,270,1
OLQVL,RIGL,1879,1
AFDL,OLLL,373,0
ALMR,OLLR,246,0
ASHL,RIR,1861,1
ADFL,AIAL,3411,1
DVC,RIAR,121,0
AIBR,AVAL,424,0
PVNL,SDQR,5749,0
RMDVR,SMBVL,19977,1
SIBDL,SMBVL,1834,0
OLQVL,SMBVL,5665,0
HSNL,RMGR,4405,1
ALA,SIBDL,258,0
RIBR,RMEV,5064,1
IL1VR,RMFL,332,0
AVKR,RIH,2041,0
CEPVR,OLQVR,3974,1
ADLR,IL2R,691,0
ADER,PVNR,1431,0
PVNR,SDQR,2428,0
ADER,CEPVR,644,1
CEPVR,PVR,18949,0
CEPVR,URBR,810,1
CEPVR,URXR,2254,0
AIML,SIBDR,612,0
BAGL,URYVR,231,0
ADLR,AVDR,243,1
AINR,AVDR,118,0
IL1L,RIVL,1905,0
AVJL,SIBVL,2317,0
AIML,RMGL,18273,1
ALMR,URBR,989,1
AVBR,RIGL,5615,0
RIGL,URYVL,4632,0
PVT,RIH,3525,1
AIML,HSNL,2012,0
ADEL,URBL,6655,1
IL2L,URBL,7409,0
RIS,URAVL,111,0
IL2L,RICL,1346,1
RIR,URXL,20565,1
ALA,ALNR,105,0
ALNL,SMBVL,695,0
AVER,RMEV,405,0
CEPVR,RICR,6044,1
CEPVR,RIAL,104,1
CEPVR,RMDVL,2193,0
ASKR,AVDR,65,0
AIML,AVJL,500,1
AIML,RIR,513,0
AIBR,AQR,1841,1
AQR,RIBL,220,0
AVL,URAVL,440,0
AUAL,AWCL,3486,0
IL1VL,RIS,132,0
IL1VL,RIBL,23,0
ALML,PVNL,13063,0
ALA,OLLR,431,0
AWCL,BAGR,18,0
OLLR,SIBDL,438,0
ASKR,OLLR,389,0
ASKR,SIBDL,120,0
ASKR,SIADL,175,0
ASKR,HSNR,9576,0
DVC,IL1VR,405,0
ASJR,IL2R,677,0
AINL,ASIL,291,1
OLQVR,RIAR,126,0
ASKR,IL2R,264,0
ALMR,PVNR,2033,0
AVER,SMBVR,1417,0
CEPDL,SIADR,2359,1
RIAR,URYVR,1260,1
SAADR,SMBVL,544,0
AVDR,URBL,617,0
RIGR,URAVR,136,0
SIBVR,URBL,82,0
ASJL,AVJL,389,0
AVFL,RMGL,7478,0
AINR,AVJR,5183,0
ASJL,AVDL,1193,0
AIML,AIZL,196,0
CEPVL,SMBVL,11926,1
CEPVL,OLQVL,4924,1
AIBL,URXR,372,0
AVL,IL1VL,815,1
AVHR,SDQR,72,0
AINR,SDQR,58,0
IL2VR,RIGR,300,0
AIBR,BAGR,1661,0
AFDR,RMDVR,28,0
ASEL,SAAVR,51,0
RIH,RMFL,8082,0
ALML,AVDL,1210,0
AWAL,PVQL,3266,1
ASJR,AVFL,8420,0
AIMR,AVER,825,0
OLQVR,URXR,948,1
AUAR,OLQVR,133,0
ALA,IL2R,680,0
ASER,IL2R,14,0
HSNR,IL2R,106,0
BDUR,CEPVR,3604,1
CEPVR,RIPR,1440,1
HSNL,SIBDR,35,0
URXR,URYVR,1408,0
SAADR,URAVR,179,0
IL2VR,SAADR,509,0
AIYR,ASGR,3500,1
ASGR,AWBR,1274,1
ASGR,RIR,410,0
ASGR,AUAR,534,0
URAVR,URXR,2023,0
RIAR,URAVR,262,0
AIBL,URAVR,344,0
ADER,AVJR,3747,1
ADER,RIVR,4229,0
ADER,AVHR,902,0
ADLR,SIBVR,741,0
AVFL,CEPDL,56,0
BDUR,SDQR,3758,0
ALMR,SMDDL,1075,1
AQR,AVJL,4014,1
ADLR,AVJL,2530,1
ALA,AVJL,1023,0
RIFR,SDQR,803,0
HSNL,SMBVR,1733,0
AQR,RIGL,2096,1
PVT,URAVL,1360,0
AWCL,OLLL,340,0
ALMR,RMDR,406,0
ALMR,IL1R,201,0
ALMR,SDQR,8877,0
ALMR,AVHR,224,0
ALMR,ALNR,259,0
ADAR,AWBR,1538,0
ADLR,IL1R,340,0
ALNR,SMBDL,10550,1
AVL,RMEV,17552,0
IL2VR,RIAR,1323,1
RIVR,RMFR,1832,0
ADAR,ADLR,10956,1
ADLR,AVBR,1189,1
IL2L,URXL,1930,1
ADLR,AVAR,8689,1
ADLR,RIR,184,0
ADLR,RMHR,270,0
ADLR,AVDL,5830,1
IL1L,RICL,30,0
RIS,RMEV,39909,1
ADFL,URXL,8041,1
SDQR,SIADL,1024,0
RMDDL,SDQR,880,0
ALML,RIFL,14859,1
ALA,AVHL,444,0
AIZL,ASER,900,1
AIZL,HSNR,1921,1
IL1VR,RIGR,497,0
AWCL,SAAVR,116,0
ASEL,HSNR,187,0
AVHR,SIBDL,183,0
AINR,AVHR,5154,0
AINR,SIBDL,342,0
AINR,SIADL,264,0
AIMR,RMDR,2486,1
ADFR,OLQVR,838,1
CEPVR,RMEV,103,0
ADLR,SIBDR,829,0
ADFR,URYVR,413,1
AUAR,URYVR,124,0
IL1VR,SAADR,301,0
ASGR,URXR,189,0
AIZR,ASGR,7263,0
ADAR,ASGR,77,0
ASGR,AWAR,6179,1
AWCL,RIVL,553,0
RMHR,URAVR,83,0
ADER,SMDDL,2355,0
ADER,SMBDL,2822,0
ADER,RIAR,776,1
BDUR,RMGR,867,0
ASJL,RMGL,802,0
ADEL,PVR,1584,0
AINR,RIML,234,0
AINR,ALMR,141,0
ADLR,SIBVL,1111,1
IL1R,SAAVR,646,0
AIML,HSNR,4915,0
CEPVL,URBL,2533,0
SMBDL,URBL,218,0
RMHL,URBL,988,0
SIBDL,URBL,2019,0
OLQVL,URBL,508,0
SDQR,SMBDL,6163,0
ASIR,SAAVR,415,1
AWCL,IL2L,191,0
ADLR,PVCL,5875,1
AIZL,URXL,51,1
HSNR,URXL,35,1
AWCL,IL1L,210,0
IL1VL,OLLR,84,0
OLQVL,RMHL,4691,1
AWCL,SMDVL,1023,1
AVBL,RIR,297,0
ADFL,ASER,321,0
AVFL,AWAL,4974,0
ASJR,IL1R,1109,0
SIAVR,URAVR,898,0
OLQVR,RICL,73,0
AVHL,OLQVR,218,0
ADER,AVER,4525,1
ALMR,CEPVR,6088,1
PVCL,SIBDR,83,0
AVFR,SIBDR,447,0
SIADR,URAVR,444,0
ASJL,SIADR,951,0
IL2VR,SIADR,440,1
AVFR,SIADR,266,0
SAADR,URYVR,2293,0
AVHL,URYVR,836,0
SAADR,SMDDR,14544,0
RMDDR,SAADR,17120,0
ASGR,AWCL,645,1
ALMR,AVDR,4521,0
AVDR,SDQR,240,0
AVEL,IL2L,273,1
AVEL,SMDDR,326,0
DVA,URAVR,1518,0
RICL,URAVR,293,0
PVPR,URAVR,89,0
ADER,RIFR,3052,0
ADER,SMDVR,4087,1
ADER,SIBDL,964,0
ADER,AINR,9012,0
ADER,SAAVR,3574,0
PVCL,SIBVR,4581,0
AWCR,OLLL,241,0
AWCR,IL2L,584,1
AWCR,IL1L,1239,0
AWCR,SAAVR,866,0
ASJL,CEPDL,834,1
RMFL,SMDDL,7664,0
CEPVL,PVR,13830,0
PVR,URAVL,783,0
IL1VL,PVR,5232,0
OLQVL,PVR,122,0
IL2VR,RICR,137,0
BAGR,RIML,170,0
RIML,RIR,530,0
PVPL,RIGL,5815,1
IL1VL,PVT,1234,0
OLLL,URXL,342,0
AVAR,AWBR,430,0
ALML,ASJL,1191,0
ASHL,PVPL,860,0
ALA,IL1R,1214,0
AVFL,IL1R,158,0
HSNR,IL1R,360,0
AIML,SMBVL,6129,1
ADFL,AIML,4623,0
AIZR,URXR,135,0
IL2VR,URXR,174,1
SMBDR,URXR,296,0
AVHR,RIVR,4793,0
ADLR,SMBDR,150,0
ADLR,SAAVR,2521,0
IL2VR,RICL,1094,0
AVAL,AWCL,1951,1
IL1L,URXL,1245,0
AVBL,URXL,2208,1
HSNL,SMBVL,2080,0
AIBL,IL2VR,167,0
IL2VR,RMHR,107,0
AIBR,RIR,2823,0
ASEL,RMDVR,284,0
AIBL,IL1VR,98,0
ALA,AVDL,1763,0
BAGR,OLQVL,185,1
AVFL,AWBL,2700,0
ADFL,HSNR,1359,0
ALNL,OLLL,1185,0
AVAR,OLQVR,183,0
CEPVR,SIBDR,1810,0
CEPVR,RMHR,6697,1
CEPVR,RMFL,4642,0
AWBR,URYVR,645,1
AVAR,URYVR,95,0
ADER,ALNR,15680,1
AFDL,AWCR,1188,0
ALNR,URBR,68,0
RIAL,RIGL,1768,0
IL2VL,PVT,446,0
ASIL,OLLL,870,0
RMDR,SMBVL,737,0
ALMR,URXR,4290,1
PVPL,URXL,5550,0
AIBR,PVPL,3348,0
AIML,ASHL,286,0
ADFL,ASHL,5272,1
AQR,SIADL,17,0
ADEL,CEPVL,1090,1
ALML,URBL,1008,0
DVA,URXR,1648,0
ASIR,AVAR,7475,0
IL1VR,RIAR,172,0
ADAR,PVCL,522,0
DVA,IL2VR,1415,0
AFDR,AUAL,40,0
ADFR,ADLR,109,0
AVBR,URXL,27,0
ADLR,RIPR,282,1
RICL,SIBDL,3738,0
OLQVL,RICL,3425,1
RIAL,URXL,28544,1
BAGR,RIAL,25964,1
RIAL,RIR,12526,1
AVFL,SMBVL,5854,1
RIGR,RIH,7896,0
BAGR,URYVL,442,0
ALNR,SAAVR,4914,1
AVFR,SMDDR,176,0
ADER,ASJR,601,0
IL2VR,SIAVR,462,0
AWBR,OLQVR,615,1
AQR,OLQVR,54,0
ADAR,OLQVR,142,0
AWAR,OLQVR,287,0
ADAR,CEPVR,357,0
CEPVR,RICL,2406,1
SIBDR,URAVR,509,0
ASJL,SIBDR,467,0
IL1VR,SIADR,1284,1
AQR,URYVR,305,0
AVAL,URYVR,3199,1
RID,URBL,9,0
SIBVR,URAVR,936,0
ADAR,URAVR,373,1
ADLL,AVJL,1401,1
ALML,RMGL,5575,1
ADAR,ALMR,2617,0
RIBR,RMED,8282,1
AQR,RIAL,2667,1
ADEL,ALML,6953,1
ASIL,IL2L,727,0
IL2L,RMHR,361,0
AVAL,RIAL,15106,1
AVAL,IL1VR,658,0
AVHR,URXL,1741,0
AWCL,RMDVR,23,0
ASEL,ASIL,1683,0
AFDL,ASIL,355,0
AVDL,AVHL,11017,1
RIBR,SMDDR,1077,0
ALNL,AVFR,6,0
AVJL,OLQVR,194,0
AVDL,OLQVR,1118,0
BAGL,CEPVR,2683,1
SIBDR,URXR,225,0
AVJL,URYVR,638,0
AWAR,URYVR,93,0
ASER,ASGR,12053,1
AWCR,RIVL,396,1
AUAL,RIML,2854,0
RIML,RMDVL,140,0
RMEV,SMBVR,2998,1
OLLL,RIBR,329,0
ADLR,ALMR,302,0
ASJL,SMDDR,506,1
SIBVL,URXR,397,0
ASHL,AUAL,470,0
AIYL,ASHL,506,0
ADAL,CEPVL,509,0
RIAR,RMFL,195,0
ADAR,AVAL,10049,0
ADAR,IL2VR,637,0
DVA,IL1VR,1908,0
AUAL,RMDVL,1114,0
ADLR,AVBL,520,1
AVAL,AVHR,4241,1
AVAR,AWCL,1410,0
RMEV,SMBVL,6945,1
AVFR,SMBVL,6003,0
AVHL,AWAR,273,0
ASKR,AVFR,2113,0
HSNR,SAAVR,297,0
ALNL,ASJL,363,0
IL1VR,SIAVR,1594,0
OLQVR,RIFR,203,0
OLQVR,PVCL,896,0
IL2VR,SIBDR,443,0
RMDDR,SIBDR,794,0
AVEL,IL1L,1725,0
SIBVL,URAVR,756,0
ADER,ALA,4034,0
RIFR,URXR,1032,1
ADAR,RIFR,3331,1
AVDL,RIFR,527,0
AVJR,RICR,108,0
ASER,OLLL,539,0
ADLL,AINR,712,0
AFDL,ASHL,101,0
AIBR,URAVL,1317,0
BAGR,URAVL,1827,0
DVC,URAVL,362,1
BAGR,IL2VL,2223,1
AUAL,RIBR,269,0
RICL,SMDDR,5169,1
AWCL,RIAL,2684,1
AVAL,URXL,1278,1
DVC,IL1VL,492,0
BAGL,RMFL,3584,1
ASJL,AWAL,3,0
CEPVL,RIPL,106,1
ADER,AIMR,130,0
CEPVR,RIFR,557,1
SIADR,URYVR,1057,0
SMBDR,URYVR,1980,1
AVDL,URYVR,1901,0
ASEL,ASGR,3092,0
ADER,AVDR,1845,1
AVEL,URBL,190,0
IL2VR,SIBVR,499,0
AWCR,SMDVL,65,0
AVDL,SMBVR,2843,0
ASHR,SMBVR,2838,1
PVT,RMEV,23174,1
ADLL,AVDL,917,1
CEPVL,URXL,52,1
RMHL,URAVL,298,0
IL2VL,RMHL,1007,0
IL1VR,RICL,235,0
AIBR,URXL,57,0
ASIL,IL1L,1122,0
RMHL,SMBVL,9797,0
AWAR,RMGR,52,0
CEPVR,SDQR,1256,0
ALA,SIBDR,593,0
IL1VR,SIBDR,730,0
ALA,SIADR,739,0
DVA,URYVR,1773,0
SAADR,URBL,798,0
AVEL,RIVL,1870,0
AWCR,RIAL,750,1
ADLR,BDUR,96,0
RIBR,RIML,228,0
PVCL,SMBVR,6380,1
ASJL,OLLL,635,0
ADLL,AVAL,12231,1
ADLL,URXL,1801,0
ADLL,AVBL,6951,1
ALNR,SMDVR,7492,0
AVBR,URXR,1327,1
ALNR,RIVR,1091,0
ADAR,SMDDR,2200,0
AIBR,IL2VL,954,0
DVC,IL2VL,111,1
ASER,IL2L,1074,0
OLQVL,RIAL,245,0
RIAL,URYVL,1270,1
ASEL,AVAR,651,0
AINR,OLQVL,412,0
ALML,RMDDR,931,1
AVBR,OLQVR,97,0
CEPVR,PVNL,427,0
SMBVR,URYVR,931,0
ADAR,URYVR,817,1
ADLR,URYVR,255,0
AVEL,RICL,130,0
AVBL,URAVR,122,0
RICR,SIBVR,2291,0
IL1VR,SIBVR,1045,0
AVAR,AWCR,5744,0
AVJL,AWBR,104,0
ADLL,RMGL,5032,1
PVR,RIFR,170,0
RIFR,RIPR,628,1
CEPVL,RICR,6189,1
IL1VL,RIGL,1439,0
RIGL,RIH,4595,1
ADLL,OLLL,1321,0
ADLL,RICL,173,0
IL2VR,SIBVL,228,0
AFDL,AIAL,928,0
CEPVL,RMHL,2068,1
ALML,CEPVL,4285,1
RICL,URAVL,423,0
ADAR,IL1VR,22,0
IL2VL,RICL,1748,0
AVFR,IL2L,7,0
ALML,RICL,234,1
ALML,IL1L,123,0
AIBR,IL1VL,926,0
ALA,ALML,778,0
ALML,RMHR,22,0
SIBDR,URYVR,1411,1
AIBL,URYVR,248,0
RIR,URYVR,88,0
PVCL,URYVR,1717,0
AVEL,DVC,4106,0
ALML,AVEL,2872,1
RIPR,SIBVR,66,0
ALML,RMDL,977,0
HSNR,RMGL,1933,0
RIFR,RMDR,58,0
DVA,RICR,423,0
ALML,RICR,748,1
ALA,OLLL,811,0
AINR,OLLL,231,0
ALMR,AVBR,3013,0
ASJL,IL2L,1203,0
IL1VR,SIBVL,662,0
RIPR,SIBVL,979,0
PVPL,RIAL,124,0
AQR,URAVL,383,0
BAGR,CEPVL,2149,0
AVFR,URBL,13,0
PVCL,URXR,191,0
AINR,RIVR,3640,0
AUAL,OLQVL,330,0
ADLR,AVFR,40,0
AVAL,RMFR,2950,0
OLQVL,URXL,86,1
URXL,URYVL,1451,1
ASER,IL1L,924,0
ALA,SMDDR,222,0
ALA,RMDDR,70,0
RIGR,RIR,3967,1
ALML,AVHL,281,0
OLQVL,RIR,300,0
PVCL,RIPR,1157,0
AINR,URYVL,147,0
ALA,AVER,13456,1
AVER,AVFL,247,0
RICL,URYVR,615,0
AVBL,URYVR,1201,1
SMDDR,URYVR,51,0
DVA,SAADR,2754,1
ADEL,SAADR,1116,1
SAADR,SMBDR,4408,1
ADEL,AVEL,2591,1
AVJL,SMBVR,2793,0
RIR,RMGL,153,1
PVCR,SMBVR,2090,0
ADLL,IL2L,579,0
ADLL,RIR,426,1
AVHR,SMDVR,1916,0
AINR,URBL,981,0
SMBDL,URAVL,700,0
DVA,URAVL,2897,0
SIAVL,URAVL,887,0
SIADL,URAVL,346,0
ALA,IL2L,682,0
RIAL,SAAVL,12549,0
AFDL,RIAL,97,0
AFDL,AIBL,7196,1
OLLL,SIBDR,216,0
AVBR,URYVR,366,0
RIPR,URYVR,1719,0
ADLL,AVDR,8237,1
AVJL,OLLL,92,0
AINR,AVJL,410,0
ADLL,RICR,1040,0
ASKR,SMBVR,1739,0
ADLL,AVJR,1090,1
AVAL,RIGL,41,0
AVHR,RIGL,2044,1
AVDL,OLLL,218,0
ADLL,AIML,101,0
ADLL,CEPVL,25,0
ADLL,ALML,1692,0
ADAL,ADLL,7654,1
RMED,SMDVR,665,1
ASJL,IL1L,2561,0
AIML,AIYL,4877,0
ASER,URBL,51,0
IL2VL,SIADL,359,0
IL1VL,RICL,578,0
AINR,RIAL,2710,0
AVAL,OLQVL,214,1
AINR,IL1L,1228,0
AVFR,IL1L,177,0
IL1VL,RMHL,253,1
AVBL,IL1VR,133,0
ALA,SAAVR,1976,0
AIYL,HSNR,47,1
RIR,URYVL,824,0
ADFL,OLQVL,551,0
AVFR,RMGR,4102,0
CEPVR,SIAVR,4557,1
AVBR,CEPVR,39,0
SIBDR,URBL,413,0
PVR,URYVR,514,0
SIBVL,URYVR,1581,1
SAADR,SDQL,1457,1
AINR,RIVL,1109,0
ADEL,BDUL,6983,1
BDUL,SDQL,5840,0
RID,URAVL,856,0
AWBL,RMGL,1602,0
AQR,SMBVR,1007,0
ADLL,RIGL,214,1
IL2VL,RIGL,156,0
ADLL,PVCR,1776,0
ASHL,PVCR,676,0
IL2VL,SMBDL,366,0
ADLL,AQR,62,0
ADLL,OLQVL,1446,1
ADFL,ADLL,2044,1
ADLL,URYVL,272,0
SIBVL,URAVL,1001,0
AIML,AWBL,1838,0
AQR,IL2VL,111,0
SMDDR,URBL,1187,0
AVBR,URAVL,570,0
ADAL,URAVL,875,1
DVA,IL2VL,892,0
ADEL,SDQL,3583,0
IL2VL,RIAL,765,1
AUAL,URYVL,319,0
IL1VL,SIADL,1309,0
RIFL,SDQL,695,0
RIGR,RMEV,3979,0
ADFL,URYVL,231,0
ADEL,ALNL,9707,0
SDQL,SIBDR,5027,0
AVHL,SIADR,867,0
AVEL,SMBVL,465,0
AVEL,RIR,1120,1
SIBVR,URAVL,208,0
PVR,RMDL,536,0
ADLL,PVR,161,0
OLQVL,RICR,175,0
PVPR,SMBVR,3244,0
PVCR,URAVL,77,0
AWBL,PVCR,204,0
IL1VL,SMBDL,890,0
ALA,RMDR,7234,1
ADLL,IL1L,191,0
ASJL,SMBVL,3665,0
AQR,URXL,131,1
PVCL,URAVL,276,0
AIZR,DVC,7459,0
DVA,RIAL,762,1
DVA,URXL,2201,1
IL2VL,URXL,80,0
IL1VL,RIAL,64,0
AVAL,AWBL,256,0
AINR,RMDVL,2145,0
ADAL,OLQVL,269,0
RMDDR,SDQL,661,0
AIBR,ASHR,8787,1
ADLL,RIPL,655,1
CEPVR,SMBDR,213,0
AVEL,RIGR,817,0
OLQVL,RID,776,0
IL2VL,SIBVR,337,0
AWCR,RIAR,108,0
PVR,SDQL,2688,0
IL2VL,RICR,392,0
AIBR,SMBVR,475,0
HSNR,SMBVR,563,0
AWBL,RIGL,1031,1
OLQVL,PVCR,147,0
PVCR,URYVL,248,0
ADLL,ASJL,82,0
ADLL,SDQR,913,1
IL2VL,SIBVL,1441,0
DVA,IL1VL,1407,0
IL2VL,SIAVL,339,0
ADAL,IL2VL,1236,0
IL1VL,URXL,552,0
SIADL,URXL,1139,0
AVBL,SDQR,13570,1
AVHR,OLQVL,215,0
AIBR,URYVL,1616,0
HSNR,RMGR,8833,1
AIAR,AVDL,429,0
AVBL,RIPL,3226,0
AIMR,HSNL,5836,1
AIMR,HSNR,277,1
ADEL,SIBDR,4197,1
AVAL,AVDR,952,1
AVDR,OLQVL,597,1
AVDR,PVCL,19808,1
AVEL,SDQL,118,1
AIYR,RMFL,373,0
IL1VL,SIBVR,1038,0
AWCR,RMFL,1361,0
RMDL,SDQR,115,0
IL1VL,RICR,523,0
AVJR,OLQVL,177,0
AVJR,URYVL,458,1
AVFL,RMDR,1518,0
ADEL,ASJL,1088,0
ADEL,AINR,789,0
ADEL,SMDDR,3498,0
ADEL,AVDL,1657,1
AVHR,RIAL,247,0
ALA,IL1L,305,0
IL1VL,SIAVL,1521,0
AINR,SAAVL,738,0
PVNL,SDQL,5199,0
ASEL,RMFL,5266,0
ASER,RMFL,177,0
AVHR,URYVL,144,0
SIADL,URYVL,1980,0
AVDL,RIPR,206,0
RIPL,SDQR,81,0
SAADR,SIADR,3725,0
AVHL,SAADR,139,0
ALML,SAADR,2157,0
ADLR,ASGR,496,0
AVDR,URYVL,2102,1
ADLL,BDUL,633,0
BDUL,SDQR,411,0
SAADL,URYVL,1798,0
RIML,URYVL,1861,0
AVJR,SMBVL,4810,1
IL2VL,PVCR,54,0
PVCR,SMBVL,2574,0
IL1VL,PVCR,196,0
SMBDL,URYVL,1915,0
RMED,SMDVL,562,0
IL1VL,SIBVL,795,0
AIBR,ASIR,4257,1
ADEL,SAAVL,3886,0
IL2VL,PVCL,6,0
AUAL,URADL,282,0
ADFR,RIH,5012,1
AVBR,SMBVL,3624,1
RIBL,URADL,127,0
AINR,URADL,267,0
AINR,AVAL,111,0
ADAL,IL1VL,501,0
AWBL,OLQVL,125,0
PVCL,PVQR,993,0
RIMR,RMEV,823,0
HSNR,PVCL,879,0
AWBL,URYVL,148,0
AINL,CEPVR,958,0
AINL,ALML,60,0
AVHL,SIBDR,614,0
RIPR,SIBDR,481,0
ALML,SIADR,3643,1
ASGR,AVAR,1124,0
ADEL,RIVL,4733,1
AVKR,RIVL,4456,0
IL2VL,RID,134,0
SIBVR,SMDDL,84,0
RMDL,SDQL,540,0
ADAL,SMDDL,335,0
RIR,SMBVR,11539,0
AFDL,RIGL,96,0
ADLL,PVPL,1761,0
ADEL,ADLL,140,0
ADLL,SMBVL,18485,1
PVPL,SMBVL,3939,1
ADEL,RIAL,1540,1
ADEL,RIFL,2681,1
ADEL,ALA,1688,0
ADEL,ASIL,269,0
ADEL,AVHL,1765,1
ADEL,ASER,371,0
AVBR,IL2VL,359,0
ASIL,RIAL,358,1
ALA,AVAR,137,0
HSNL,PVCL,54,0
AINR,AIYL,1873,0
AVHL,SDQL,231,0
SDQL,SMDDR,1121,0
AINL,RMFL,1000,1
ASHL,RIPL,2234,1
CEPVR,SDQL,4048,0
ASHL,AVDR,9564,1
ASHL,RID,2582,0
RID,URYVL,2910,1
AWCR,SAAVL,567,0
ADLR,PVCR,1059,0
RIMR,RMED,107,0
ASHL,OLQVL,457,0
AVBR,IL1VL,407,0
SMBVL,URYVL,394,0
ASIL,SAAVL,621,1
RIPR,SDQL,759,1
AVFR,PVCL,677,0
CEPVR,RIVL,897,1
ASGR,ASKR,2566,1
AVEL,BDUL,338,0
AIML,AVEL,32,0
IL1VL,RID,195,0
DVA,RIGL,351,1
SDQL,SIBVL,4171,1
ASHL,URYVL,845,0
AIZR,SMDDR,1418,1
DVA,RIH,558,0
DVA,URYVL,1797,0
AFDL,RMDVL,2313,0
AVAR,URYVL,2061,0
ALML,SDQR,2886,1
ASER,SAAVL,662,0
AVKR,RMEV,43,0
PVCL,SDQL,610,1
RICL,SDQL,5209,0
SIBDL,URYVL,2159,0
AINL,SIADR,502,0
AVAL,SMBVL,88,0
AVAL,URYVL,54,0
PVT,RIVL,1456,0
ASJL,AVEL,65,0
SIBVR,URYVL,1704,1
PVNL,RMDL,582,0
PVR,URYVL,1498,0
AQR,SIAVL,2264,0
AINR,SMDVR,2723,0
AVBR,SDQL,1106,1
RIFL,SDQR,25,0
ASJR,RMDR,555,0
AINL,SAADR,256,0
PVNR,RIFL,6584,0
CEPVR,PLNL,163,0
AVDL,SAADR,103,0
RIFL,RMGL,7385,1
SAADL,SMBDL,7484,0
RICR,URYVL,258,0
RIGL,RMEV,3243,0
ADLL,SAAVL,1527,0
ASHL,SMBVL,5148,0
AVBR,URYVL,227,1
ALA,SAAVL,261,0
PVNL,RIFL,2378,0
AWCL,RMDVL,2668,0
AIZL,ASIL,457,1
AVDL,AVFR,79,0
ADAL,URYVL,1599,1
ALNL,AVHL,172,0
AINL,SDQL,602,0
AIMR,ASKR,4796,1
RIVL,SMBVR,1613,0
AVEL,RIFL,1017,0
ALA,AVEL,9564,1
RIVR,RMED,91,0
AVAR,PVQR,5746,0
AIAR,AVAR,2220,0
RIFL,SMBVL,4394,0
ALA,SMBVL,144,0
AVBL,URYVL,529,0
ALA,RIFL,185,0
AIZL,URYVL,129,0
AFDR,RIGR,796,1
ASJR,AVER,10,0
AINL,AIYR,900,1
PVNR,RMDL,803,0
ADAR,SAADR,1733,0
DVA,SAADL,43,0
RIML,SIBDL,1038,0
AVER,RIVR,485,0
ALML,SMBVL,3073,0
AVBL,PVNL,2568,0
RIFL,URYVL,39,0
AUAR,RIH,1748,1
ASER,AWAL,69,0
AINL,SIBDR,1937,0
AWCR,RMDVL,608,0
AIBL,RIML,3050,1
ASHR,PVCR,2,0
ADLL,AVFL,1533,0
ALMR,SDQL,1098,0
ALNL,RIAL,483,1
AVAL,AWCR,1787,0
ASIL,AVAL,3424,0
ASER,AVAL,4664,0
AVDR,RIFL,2612,0
RIAR,RIVL,3204,1
BDUR,SDQL,832,1
SIBVL,URYVL,117,1
AIBR,PVQR,95,0
AIZL,DVC,2315,0
AVDL,SDQL,2020,1
AIAL,AVDR,963,0
PVQR,RMDR,753,0
ASHL,AVFR,1174,0
AVER,PVQR,1347,0
AVER,DVC,1843,0
HSNR,SMBVL,292,0
PVQR,SAAVR,113,0
RICR,RID,2773,0
CEPVL,RID,1040,0
ALML,RID,854,0
AVDL,BDUR,5082,0
SAADL,SIBDL,4446,0
ADAL,RIML,20061,1
ADLL,AIZL,91,0
AUAL,CEPVL,587,0
AINR,CEPVL,1441,0
AVER,SAAVR,701,0
HSNL,PVQL,28213,1
AVFR,PVNL,8789,0
ADAL,ALML,33,0
AINL,SMDDR,44,0
BDUL,RMDL,881,0
AVAR,RID,1417,0
PVR,SMBVL,1072,0
ASEL,ASGL,7604,0
ASKL,AVFL,6202,0
SMBDR,SMDVL,1528,0
RIMR,RMDDL,447,0
CEPVR,SMDDR,118,1
RIFL,RMDL,978,0
AVKL,RIVR,457,0
AWAR,RIGR,1552,1
ASEL,CEPVR,187,0
RICL,SAADR,1301,0
AIZL,SMDDL,86,0
AVKL,RMEV,408,0
ASER,CEPVL,1472,0
RIAL,RIVR,4304,1
RIVR,SMBVL,1334,1
RIVR,RMEV,250,0
DVC,RIH,25,0
AVDR,CEPVL,1714,0
PLNL,RIVL,234,0
AVBR,SAADL,179,0
ASHL,PVCL,206,0
CEPVL,SDQR,2741,0
AIZL,AVKR,638,1
ALML,AVFR,89,0
RIMR,SIAVR,867,0
ASIR,CEPVR,2097,1
RID,SMDDL,59,0
ASGL,AWCR,163,0
AWAR,SMBVR,89,0
RIMR,SIBDR,1385,0
AIMR,ASER,232,0
CEPVR,SIBVL,1103,0
PVCR,PVNL,557,0
AIML,ASKL,7403,1
AWBR,SMBDR,1526,0
RIS,RMDDL,624,1
ASER,ASGL,4142,0
ALNL,RIVL,194,0
AIBR,AIMR,122,0
AIBR,AVL,3235,0
AIAL,AVAL,1599,0
ASIR,RMFL,50,0
AIBR,RMEV,1938,0
HSNL,PVNL,361,0
AVBL,BDUL,946,0
ASGL,ASKL,662,1
AVDL,CEPVR,752,0
AWCR,CEPVL,630,0
AIZR,AVKL,211,0
AIML,ASIL,132,0
CEPVL,SDQL,399,0
AWBR,RIGR,130,0
RMHR,SDQR,10577,1
AVBL,RICL,180,0
SDQL,SIBVR,1614,0
RIAR,SMBVR,2017,1
ADLL,AIYL,170,0
AWBR,RIAR,617,1
AWBL,DVA,140,0
AVL,RIML,97,0
AVAL,PVQL,5562,0
SAADR,SDQR,411,0
AVFR,BDUL,437,0
ALMR,AVFR,2,0
ADAR,RMFR,2413,0
DVA,SMBVL,3577,1
AVHL,SMDVL,164,0
RID,SDQL,2373,0
AVFR,PVCR,179,0
AVAR,PVPL,7780,1
CEPVL,PVCL,913,0
AVAR,SMBVL,777,0
AVL,RIVL,491,0
AWCR,CEPVR,1310,0
CEPVR,PVCR,355,0
AVBL,CEPVR,78,0
AVFR,CEPVR,272,0
ASKL,AVAL,1443,0
ALA,AVAL,2476,0
ASGL,AVAL,379,0
ASJL,RMDL,1797,0
AIML,RMDL,486,0
AVFR,AVJL,1215,1
AWBL,SMBDL,572,1
ASIL,CEPVL,1041,0
ADAR,SDQR,386,0
RMEV,RMFR,1124,0
CEPVL,PVNR,1393,0
CEPVR,HSNL,60,0
AVFL,CEPVR,762,0
ASJL,AVAL,421,0
AVAL,SDQR,4523,1
BDUL,CEPVL,284,0
ADLL,AVAR,444,1
AIZL,AVKL,113,0
AVAR,RMFL,1737,0
AIBR,RMDDL,1211,0
RMHL,SDQL,1013,0
RIAL,SMBDL,4958,0
AWCL,CEPVL,477,0
ASGL,CEPVL,1259,0
AWBL,RIAL,735,1
AIBL,RIS,1564,0
AVAR,AVHR,6224,0
ALML,AVAR,183,0
ASJR,AVJL,354,0
ASJR,PVCR,9,0
AVBL,PVNR,3312,0
AVJL,CEPVR,65,0
AIBR,RIVL,664,0
AUAL,RIH,583,0
SAAVL,SDQR,282,0
ALMR,ASJR,9,0
AQR,SMBDR,326,0
AVBL,CEPVL,41,0
AVFR,CEPVL,1004,0
AVHL,SMBDR,811,1
PVPR,SMBDR,930,0
ASKL,RMDL,8,0
AIML,CEPVL,964,0
ASHL,AVAR,354,1
AVEL,SAAVL,65,0
ADFL,SMBDL,9259,1
CEPVL,RIFL,426,0
ALMR,HSNR,658,0
AINL,SMDVL,789,0
ASKR,CEPVR,850,1
RID,SDQR,496,0
PVT,RIR,1714,0
AFDL,AWBL,230,1
AVFL,PVQR,244,0
PVQL,RMDL,120,0
ASJL,CEPVL,759,0
ALMR,DVA,156,0
AVAR,SDQR,284,0
AVAR,SDQL,1481,1
ADFL,RIH,399,0
AINR,ALNR,438,0
SDQL,SMDDL,49,0
PVCR,SDQR,333,0
ALML,AVJR,989,1
SDQR,SIBVL,553,0
CEPVL,PVQL,436,0
PLNL,SAAVL,5529,0
AIYL,ASGL,1214,0
RIVR,SDQL,525,0
AIBR,SDQR,212,0
SDQL,SIAVL,114,0
AIBL,HSNR,142,1
BDUR,PVCR,4089,0
PLNR,SMDDL,91,0
RMDDR,SDQR,960,0
AVAL,SMBVR,195,0
SAAVL,SMBVR,10095,0
HSNR,PVCR,273,0
ADLL,ASGL,1970,1
AWAR,RIAR,187,0
RMDVR,SDQR,239,0
SAAVR,SDQL,283,0
CEPVL,PLNR,2248,0
RIGR,SMBDR,7058,0
AVKR,SMBDR,16555,0
ADLR,AIYR,120,0
SAADL,SDQR,137,0
SAADL,SDQL,34,0
PLNR,SIAVL,6162,0
AVDL,AVM,7510,1
ALMR,AQR,86,0
SDQR,SMBVL,180,0
RIR,SMBVL,2849,0
SAAVR,SDQR,4680,0
AIBL,SDQL,149,0
ASGR,ASJR,1889,0
ADLR,ASJR,41,0
AVL,SDQR,303,0
AVKL,SMBDL,12282,0
ASKR,RIAR,82,0
RIS,SDQR,1614,0
SAAVR,SMBVL,7372,0
AIBL,RIFL,2380,1
AIBL,AVHR,185,0
AVKL,SIADR,3490,0
ASGR,HSNL,1268,0
AQR,RIFR,56,0
DVA,RIFR,313,0
AIZR,SMBVL,1959,0
AVBR,PVQR,97,1
ASKR,AVBR,64,0
PVCL,PVNL,616,0
SAAVR,SIAVL,1325,0
AVJR,BDUL,5407,1
SDQR,SMDDL,947,0
ASKR,RIFR,6047,1
RMDDL,SAADL,13807,0
RIR,SMBDL,646,0
AVM,PVCL,14570,1
AIBL,AIML,21,0
ALML,AVBR,3,0
AVM,PVCR,14466,1
RIAR,SAAVL,160,0
RMFL,SDQR,3509,0
ADEL,AVL,1641,1
ASER,ASHR,6134,1
RIAR,RMFR,384,0
ADEL,RIVR,5270,1
RIH,SMBVL,4390,0
PVCR,PVNR,3402,0
AVBR,PVNR,3646,0
RIFR,RIMR,35836,1
PVT,SMBDL,566,0
RIR,RMDDR,3182,0
ASHR,RIMR,4153,0
ASKR,RIMR,937,0
AVM,PVNR,3800,1
RIFL,RIML,37132,1
AVFR,RIML,783,0
AVER,SIADL,2648,0
RIAR,SDQR,2381,0
ADEL,RIR,37,0
ADFR,SMBDR,10529,1
AVAL,AVKL,3546,0
RIAL,RICR,208,0
HSNL,RIML,394,1
AVFL,RIML,3780,0
SMBVR,SMDVL,589,0
AIZR,SMBDL,2711,0
RIAR,RICL,137,0
RIAL,SDQR,837,0
AWAR,RIMR,16,0
AVHL,RIMR,1429,1
PLNL,SMDVL,8087,0
AWAL,RIAL,114,0
ADAR,SIBVR,942,0
AVM,BDUR,6960,1
ASHL,RIML,7129,1
HSNR,RIML,1257,1
SMBDL,SMBVR,494,0
SMBVL,SMBVR,3760,0
AIYL,RIAL,14667,1
ADER,AVL,1183,0
ADER,RIVL,3290,0
ADEL,ADER,37158,1
ADER,RIR,1655,0
ADLL,SMBDL,200,0
AVM,PVNL,4417,1
ADLL,DVA,1279,0
DVA,RIFL,11,0
ASKR,RMGR,964,0
RIS,RMDVL,424,0
SDQR,SMDVL,464,0
RIMR,SDQR,764,0
RMFR,SMDVL,1046,0
BDUL,PVCR,7,0
ADLL,SIAVL,503,0
AIBR,RIAL,3455,1
AIBR,HSNL,261,0
HSNL,RIMR,649,0
AVL,RMDDR,2459,0
AVEL,RIAR,4470,0
RIML,SIAVL,452,0
RICL,SMBVR,90,0
AQR,AVM,10,0
SMBVL,SMDVR,4112,0
RIAL,SDQL,546,0
AWBR,RICL,290,0
ADFL,SIAVL,739,0
AVHL,RICL,608,0
AIBR,AINL,8542,0
PVNL,RIML,634,0
RIH,SMBDL,8436,1
ADLL,SIBVL,767,0
ADAR,AIBR,3049,1
ADAR,HSNL,152,0
AIYL,RIH,8157,1
PVPR,RICL,15,0
ADFL,SIBDL,1783,0
SIAVR,SMDVL,9074,0
SMBVL,SMDDL,1845,0
ADAR,AIAR,1509,1
RMDDL,SMBVL,53,0
RMDVL,RMHR,12,0
AINL,ASIR,34,0
AVEL,SIAVR,8837,0
RIAR,SIAVR,2609,0
AVL,SAADR,5303,0
AVAL,AVKR,273,0
AUAR,AWCR,2554,0
RIH,SMDDL,22,0
AVJL,RIMR,5112,1
FLPR,RIS,5244,0
FLPL,FLPR,6550,1
AVAR,FLPR,10209,1
AIBL,FLPR,1045,0
ADLL,RIML,1435,0
PVPL,RIML,754,0
AVHR,RIML,1832,0
RIGL,SMBVR,116,0
AVJR,AVM,5990,1
ADFL,SIBVL,1808,0
SDQR,SMDVR,1975,0
SIAVL,SMDVR,10709,0
RIAR,SMBVL,434,0
ADAR,PVPR,1044,0
ADAR,ASKR,120,0
FLPL,RIS,1847,1
AVAR,RIS,1187,0
FLPL,SDQR,2144,0
AIBL,FLPL,2852,1
FLPL,SDQL,6010,1
AIBL,AVAR,356,0
AVAR,DVC,8932,1
RMHL,SIAVL,1614,0
PVPR,RIMR,1578,1
AVKR,SIADL,3442,1
HSNR,RIMR,1458,1
AVBR,RIMR,9607,1
AVKL,SIBDR,433,1
AVAL,FLPL,20399,1
AVAL,SDQL,3627,1
PVNL,RMGL,832,0
DVC,FLPR,188,0
PVCR,RICL,2877,0
AVBR,AVM,1802,1
AVER,SIAVL,7855,0
DVA,RIAR,3008,1
RIAR,SDQL,566,0
ADAR,ADFR,3315,1
RIAL,RIS,239,0
ADAL,AIBL,1282,1
ADAL,AVHR,2846,0
ADER,RIH,7074,0
SMBVR,SMDDR,5670,0
ADAL,AIAL,1646,1
AVKR,SIADR,8717,0
ADAL,PVPL,2427,1
AIZL,RIAR,1990,0
ADEL,RMDDL,26,0
ADEL,RIH,17350,1
AIZL,SMBDR,426,0
AVKL,SIAVR,7034,1
AVAL,FLPR,4272,1
AVAL,DVC,10444,1
RIGR,SMBDL,1590,0
AVER,RIAL,1050,0
AIZR,RIAL,486,0
ADAR,ASER,870,0
RIAL,SMBDR,28,1
ADFR,RIMR,2570,0
RIH,RMDDL,2101,0
ADAL,ADFL,3451,1
ADAL,AWBL,1294,0
RIR,SAADR,6482,0
RID,RMDDL,1040,0
FLPL,RIML,1865,0
ADAR,AVHL,1030,0
DVA,FLPL,7805,1
FLPL,RIAL,451,0
ADAL,FLPL,3016,0
RIH,RIVR,2328,0
SMBDR,SMBVL,196,0
ADAL,AIYL,199,0
ADAL,AIZL,137,0
AWBL,RIBL,3209,0
ADAL,AWAL,1813,1
AINL,ASGR,1764,1
AIAR,AINL,3180,1
AIBR,RIFR,2277,0
AIZL,SMBVR,406,0
PLNR,SMDVR,6949,0
AVAR,FLPL,5778,1
AIBR,FLPL,1092,1
AIYL,SMBVL,1821,0
RIGR,SMBVL,48,0
ADAL,SMBVL,27,0
DVA,RIS,1219,0
RIAL,SIAVL,742,0
PVNL,RMDDR,44,0
AIZL,RIGR,180,0
ADAL,ASEL,72,0
ADFL,RIML,24,0
RIAL,SIBVL,2499,0
ADAR,ASIR,114,0
ADAR,RIAR,577,0
AVBR,FLPL,3327,1
AFDR,ASIR,1441,0
PVNR,RIMR,1588,0
AVL,RIGL,102,0
AVL,SMBDR,7309,0
RIH,SAADR,18955,0
AIYR,AIZL,161,0
AWAR,AWCR,454,0
FLPR,RIML,243,0
FLPR,RIAL,115,0
AIBR,FLPR,338,0
RIH,SAADL,21314,0
AVBL,RIML,11991,1
PLNR,SAAVR,3124,0
RIGL,SMBDR,137,0
RIAR,SMBDL,282,0
ASEL,ASHL,4169,0
ASHR,ASIR,31,1
DVA,RMHL,2339,0
ADAL,RIAL,602,0
AVBR,RIS,211,0
AIYL,RMEV,394,0
SIADR,SMBVR,85,0
ADAL,FLPR,1439,1
ADAL,RIS,40,0
RMDVR,RMFL,61,0
BDUR,RIMR,81,0
DVA,FLPR,1342,1
FLPR,SDQR,308,0
AVBR,FLPR,262,1
DVA,SMDVR,768,0
RIAL,SIBDL,2121,0
ADAL,AIBR,5302,1
ASIL,AWAL,1016,0
FLPR,RIVR,1343,0
FLPR,RMFL,778,0
ASHR,RIAR,846,1
DVA,RMHR,288,0
PVNL,RMGR,6141,0
ADAL,RIFL,1135,0
RIH,RIVL,2169,0
AVFL,RMDDR,127,0
ASHL,RIAL,1552,1
PVNL,RIMR,304,0
AVEL,SIBVR,62,0
AVM,SIBVR,75,0
AIYL,RIAR,340,0
AIBL,RIAR,490,0
AIYL,AIZR,1227,0
AVFR,RMDDL,296,1
FLPL,RIVL,1485,0
AWAR,RIBR,159,0
ASIL,AWBL,5892,0
AINR,ASGL,3121,1
AVKR,SIAVR,10913,0
FLPR,RIVL,70,0
AVJR,RIML,998,0
PVCR,RMHL,47,0
AVFR,RIMR,40,0
PVNR,RIML,3344,0
AVL,SIADR,27449,0
AVDR,FLPL,390,1
AVDR,RICL,976,0
ADEL,FLPR,4171,0
FLPR,RMHL,811,0
FLPL,PVCR,2263,1
ASHL,ASIL,543,0
DVA,RIVL,1064,0
AIBL,AUAL,303,0
FLPL,RIMR,162,0
RIH,RMFR,15807,1
AIBL,AINR,6613,1
AWAL,RIBL,238,0
ADFR,SIBDR,76,0
AVKR,SIBDR,304,0
ADER,FLPR,965,1
ADER,FLPL,7011,1
ASIR,AUAR,671,0
AVKL,SIADL,19087,0
AIAL,RIFL,9989,1
ADAR,FLPL,2370,0
ADAR,AIBL,3753,1
ADEL,FLPL,8561,1
AIAR,RIMR,222,0
ADER,AVAR,4988,1
FLPR,PVCR,8633,0
ASKL,RIFL,407,0
ADFL,ASIL,4225,1
AIZL,SIBDL,200,0
AVDR,PVPL,1785,1
ADFR,AVEL,123,0
AVDL,RICR,1047,0
RMFL,SMDVR,715,0
AVKR,SIBVR,2780,0
ADAL,AVER,73,0
ADEL,AVAR,15501,1
RMDDR,RMGR,571,0
AVFR,RMDDR,185,0
AIAR,PVNR,809,0
ASKR,PVNR,918,0
RIAR,SIBDR,887,0
ADER,DVA,4195,0
ASIR,AWAR,1326,1
FLPL,RICL,3311,0
ADFR,ASIR,25,0
ASIR,RIBR,4124,0
ADEL,DVA,1718,0
RIAL,RIFL,862,0
ADEL,RMHL,233,1
FLPL,SIAVL,2628,0
RIH,RMHR,11348,0
AVL,SIBVR,9104,0
RMHR,SAADR,6456,0
AIYR,SMBDR,4491,0
RIAR,RIFR,251,1
AVHL,AVM,3652,1
AQR,AVKL,2668,0
AQR,DVC,7665,0
AQR,AVKR,240,0
AVBR,AVER,10069,0
ASIR,AWBR,3077,0
AVKR,DVA,395,0
ADAL,ADEL,9581,1
AWBR,RIBR,5730,0
PVQL,RMDDL,124,0
DVC,FLPL,2766,0
AVKR,SIAVL,5982,0
RIH,RMHL,9835,0
AIYR,SIBDR,782,0
ASGR,RIFR,602,0
ADAR,AVEL,184,1
PVPR,SIBVL,350,0
AVKR,RIAR,2,0
ASGR,ASHR,669,0
AIYL,RIGL,265,0
ASGL,ASJL,675,0
AIYL,RIGR,617,0
AINL,ASKR,5187,0
PVNR,PVQR,7355,0
ADEL,AVAL,6997,1
RIFR,SMBDR,493,0
AVKL,PVPL,2612,0
AVER,PVPL,4106,0
AVKR,PVPL,5243,0
ADAR,AQR,5497,0
AQR,FLPL,2007,0
FLPL,RIH,3197,0
AIYL,SMBDR,7,0
AWBL,AWCL,384,1
ASJR,PVNR,156,0
RIFR,SIBDR,121,0
ADER,AVAL,17663,1
PVCL,RIML,1577,0
AVBL,AVEL,7973,0
ADAR,ADER,6139,1
RIFR,SMBVR,3488,0
ASER,ASJR,4783,0
AIYR,SIBVR,204,0
ADER,RIGL,11428,1
ADER,AQR,1825,0
ADER,RIGR,2509,1
ADER,DVC,213,0
FLPR,RIH,5859,0
ADEL,RIGL,7905,1
AVAR,RIGL,3103,0
AVAR,AVKL,3603,0
AVBL,AVKL,6817,1
AVBL,DVC,4793,1
AIZL,SIBVL,148,0
RIH,SAAVL,335,0
RIR,RMHR,30075,0
AINL,ASJR,1362,0
PVNR,RMGR,35,0
FLPL,SIBVR,4040,0
AWCR,RIBR,1841,0
DVA,PLNR,9,0
FLPL,PLNR,1576,0
RIH,SMBDR,7110,0
AVBR,AVKR,2264,0
RICL,RID,4291,0
AIYR,RIMR,847,0
HSNR,RICR,72,0
AIYL,RIML,2758,0
RIGR,SIBVL,1090,0
AVER,PVCL,3346,1
ADEL,RIGR,8857,1
AIAR,PVNL,155,0
AWCL,RIBL,3664,0
ADFL,AWCL,348,0
RIH,SMDVL,221,0
AVAL,RIGR,2726,0
AIYR,AVKR,9008,0
AVHR,SIBVR,1276,0
RMFR,SMBVR,16417,0
PVNL,PVQR,6371,0
ADER,SMDVL,1758,0
PVNL,SIBVR,3919,0
HSNR,PVR,5117,0
AVBR,AVKL,1124,0
AVFL,BDUL,1483,0
ADEL,SMBDL,274,0
RMFL,SMBDL,6761,0
AINR,ASKL,5748,0
ASEL,HSNL,701,0
PVNL,RICL,449,0
RIGR,SIBVR,848,0
ADEL,SMDVR,2540,0
ASIL,ASKL,5902,1
PVCL,RIGR,471,0
AIYR,SIAVR,4021,0
AVEL,PVCR,3407,1
ADER,SAAVL,1659,0
SIBVL,SMDDL,9625,0
AVJL,AVM,4099,0
SIBVL,SMBVR,9153,0
ADAL,SMDVR,2895,1
ASIR,ASKR,3156,0
BDUL,SIBVR,265,0
BDUL,RICL,332,0
RIH,SIBVR,1106,0
SIBVR,SMDDR,11143,0
ASEL,ASJL,3511,1
ADAR,SMDVL,4654,1
AVBR,SIAVR,327,0
AIMR,RICR,2764,0
AIYR,AVBR,1281,0
ADEL,SIBVR,1168,0
RMHR,SIBVR,7643,0
AIYL,AVBL,1139,0
AVBL,RIH,854,0
SIBVR,SMDVR,1192,0
RMFR,SIBVR,6033,0
RIGL,SIBVL,152,0
HSNR,SIBVL,2623,0
ADFR,AIAR,1880,0
PVCL,RIH,2659,0
ASJL,AWBL,6326,0
ASHL,PVQL,229,0
RIGR,SIAVL,128,0
PVCL,SIAVL,56,0
ASIL,RIBL,3177,1
ASEL,PVQL,512,0
AVAL,PVT,23,0
AVM,RIH,360,0
DVA,PLNL,1549,0
ASKL,AWCL,3849,0
ASGL,AWBL,61,0
ASIR,ASJR,3900,0
AVM,SIAVR,1381,0
AVEL,AVM,529,0
AIYR,AVM,1224,0
ADER,SIBVL,973,0
AVER,FLPR,950,1
FLPR,PVCL,10969,1
AVM,RIML,462,0
AVER,AVM,94,0
AVHR,AVM,645,0
AINR,ASJL,1423,0
RMFL,SIBVL,7225,0
PVQL,RIFL,3868,0
AIYR,AVJL,2709,0
AVM,SMBDR,339,0
AIZR,AVBR,6038,0
ADAR,PLNL,124,0
PVR,SIAVR,2681,0
FLPR,SIAVL,57,0
AVBL,PVT,3844,0
AWAL,SMBVL,226,0
ADER,RMFL,2232,0
AWCR,RIMR,3759,0
AVM,FLPR,192,0
FLPR,SMBDR,810,0
AWCL,RIML,3805,0
RIH,SIAVL,4279,0
AIZL,AVBL,2562,0
AVBR,RIBR,1101,0
RIH,SIADL,350,0
RIH,SIADR,762,0
AVDR,FLPR,27,1
AVDR,RIH,262,0
ADAL,BDUL,3295,1
AIML,RID,1710,1
AIYR,ASHR,101,0
ADER,SIADL,150,0
AVFL,SIBVR,1760,0
AIAL,RMGL,1113,1
AIAR,SMBVR,7837,0
ADAL,AVM,114,0
AVER,RIH,3536,0
ADFR,AVBR,2665,0
AIBR,SABD,784,0
AFDR,SABD,684,0
ADAL,PVNL,2790,0
AVBL,RIBL,1785,0
ADFL,AVBL,3846,0
FLPR,SIAVR,1604,0
AVDR,BDUL,1982,0
AIYR,RIFR,1406,0
ASIL,ASJL,1336,0
ASGL,AWAL,3701,1
PVCR,SIAVR,427,0
RIGR,SIADR,1321,0
AIYR,SMBVR,2881,0
AVFR,SIBVR,2261,0
ASGL,ASHL,3983,0
ASGL,SMBVL,1756,0
RMFR,RMHL,2046,0
AIYL,RIFL,2227,0
AVBL,RMEV,708,0
AIYL,AVJR,3464,0
AIZL,ASGL,7137,0
ASHR,AVM,883,0
AUAR,AVBR,520,0
PVNL,SIAVL,1584,0
AIYL,PVQL,1169,0
RMFR,SIADR,2210,0
ASGR,RICR,848,0
ASGR,SMBVR,1088,0
AVM,SMBVR,517,0
AUAL,AVBL,260,0
FLPL,RMFR,424,0
ASGL,PVQL,196,0
AVM,RIFR,20,0
AIML,RICL,310,0
FLPL,SMBVL,451,0
PVCL,SMBDR,229,0
RMFL,SIADL,1476,0
ASJR,AWBR,1325,0
AVKL,SIAVL,8114,0
AIML,RIH,3943,0
AIML,AVBR,657,0
AIML,AVJR,74,0
ASIR,RIMR,1126,0
AVBL,AWAL,1960,0
PVCL,SIAVR,1936,0
ADAL,ADER,263,0
PLNL,SIBVL,3291,0
FLPL,RIGR,4012,0
ASJR,RIBR,1771,0
FLPL,SAADR,4061,0
AVEL,FLPR,10801,1
AIYR,PVCR,806,0
PVNL,SMDVR,2380,0
AIAL,SMBVL,2008,0
RMFR,SMBDR,2429,0
AVFL,SIAVL,2531,0
RMFL,SIAVL,1377,0
ASGL,AVBL,4091,0
ASGL,RICL,894,0
AVBR,RIH,1813,0
ASGR,RIS,624,0
ASGL,RID,1609,0
ADAR,ADEL,91,0
AVAR,AVKR,5513,0
RIR,SMDDR,1340,0
ASJR,PLNL,186,0
RMFR,SIAVR,411,0
BDUL,SMDVR,12,0
FLPR,SMBVR,580,0
DVA,PVR,12299,0
AVBR,AWAR,2108,0
PVCL,RMFR,82,0
ASKR,SABD,1179,0
AVFR,SIAVL,1754,0
ASGL,RMEV,585,0
ASER,PLNL,360,0
AVL,SMDDR,3900,0
AIYL,BDUL,144,0
AWCR,SABD,299,0
AVEL,PVCL,748,0
ASGL,SIBVR,440,0
AIZR,RICR,1590,0
ASIL,RIML,437,0
RMHL,SMBVR,9704,0
ASJL,RIBL,906,0
ASIR,SABD,519,0
FLPL,SIADR,10,0
AIYR,FLPR,485,0
ASKL,RIML,28,0
RIR,RMHL,1451,0
AIMR,AIYR,9798,0
ASHL,SIBVR,2729,0
ASHR,RICR,5399,0
RMHL,SIBVL,138,0
ASJR,SABD,610,0
AIMR,RIS,922,0
ADER,AVKL,1473,0
SIAVL,SMDDL,3307,0
AVBL,FLPR,5750,1
PLNL,PVR,4,0
PVR,RMGR,2467,0
RIFR,RIS,4808,0
RIFL,SMDVR,59,0
AVFL,SMDVR,1529,0
PVQR,RIS,3702,0
ASHR,RIS,87,0
ASKR,RIBR,111,0
AIMR,PVCR,441,0
RIS,SIADR,600,0
RID,SMBVL,70,0
RID,RMEV,847,0
AIYR,PVCL,650,0
ADEL,SAADL,998,0
AIAL,AVBR,1275,0
AIAL,AVJR,136,0
RMFR,SMBVL,3507,0
RMFL,SMBVL,532,0
ASER,SABD,1680,0
PLNL,RMGR,26,0
AVER,SMBVL,1358,0
AVJL,RIS,5544,1
ASJL,RIML,38,0
AVKL,SMBVL,7746,0
ASHL,RICL,3892,0
AWBR,SABD,32,0
SIADL,SMBVL,6752,0
ADFL,RID,988,0
ADER,SAADL,755,0
PVCR,RIS,2327,0
BDUL,HSNL,361,0
AIYL,RMGL,180,0
AIMR,PVCL,630,0
AWBL,RID,666,0
PVNL,SAADL,891,0
AVL,SMBVR,13276,0
ADEL,PVNL,1130,0
ASGR,SABD,1464,0
AVBL,RIS,2148,0
AVBL,BDUR,853,0
AVKL,DVA,1984,0
AIZL,RICL,1036,0
AIYL,AVBR,414,0
PVT,SIAVR,499,0
BDUL,PVQL,297,0
SIBVL,SMDVL,286,0
RMEV,SIBVR,984,0
RIS,SMBDR,13989,0
PVCL,RIS,5411,1
AIAL,AVER,36,0
ASGR,AVBR,26,0
PLNR,SIBVR,1602,0
AIAL,RIH,948,0
ADFL,ASGL,739,0
AIMR,FLPR,279,0
AIYL,AVER,752,0
AVAL,BDUR,579,1
AVAL,AVHL,2442,0
AVAL,PVPR,2744,1
AVEL,PVT,3568,0
ADAL,PVQL,596,0
AVKL,PVPR,1713,0
AIZR,SABD,988,0
DVA,RMGR,822,0
AVAR,RIFL,4408,0
AVHR,AVKR,651,0
AVDL,HSNR,1158,0
AVEL,PVPR,669,0
BDUR,RIS,629,0
RICR,SABD,1325,0
AIAR,RMFR,50,0
PVPL,SIAVL,308,0
ADER,AVDL,416,0
PVR,SMDVL,620,1
RMEV,SIAVL,778,0
ADEL,AVKL,73,0
AVKL,FLPL,3480,0
RIS,SIAVR,1345,0
AIYR,RIS,581,0
PVNR,RIS,164,0
AVL,SIAVR,4114,0
AVEL,AVL,4363,0
PLNR,RMEV,513,0
PVPR,PVT,1311,0
AQR,PVT,1865,0
AVAR,PVQL,320,0
ADAR,AVKL,1438,0
FLPL,PVPR,675,0
PLNL,SABD,307,0
AIYL,SIAVL,2255,0
AVKL,PVR,6394,0
AIML,AVER,392,0
ADAR,HSNR,759,0
AIMR,SIAVR,3187,0
RIGR,SIAVR,253,0
SABD,SMDVL,1215,0
AQR,SAADR,1802,0
PVNL,RIS,1036,0
AIML,SIAVL,2022,0
ADER,AVKR,198,0
AIYL,AVKL,4360,0
ADAR,BDUR,122,0
AVDR,HSNL,1047,0
SABD,SIAVR,2207,0
PVPR,SAADR,40,0
AVDL,FLPR,4827,1
BDUR,FLPR,3332,0
ADEL,AVKR,3240,0
AIAR,AVL,9019,0
FLPR,HSNR,208,0
ADEL,AVFL,739,0
ADAR,FLPR,2659,1
AIAR,SIAVR,3640,0
AVHL,FLPR,5,0
ADER,SAADR,933,0
DVA,SABD,1727,1
AIAL,SIAVL,1040,0
AIAR,SMBDR,2814,0
ADAL,AVFR,1010,0
SABD,SMBVR,1068,0
FLPR,PVR,792,0
FLPR,RMGR,1720,0
AVHL,PVT,1246,0
AVFL,AVKR,2273,0
SABD,SIBVL,896,0
AVBL,AVL,2813,0
AVDL,FLPL,157,1
AVAR,HSNL,79,0
DVC,PVPR,1124,0
AVAR,RMGL,1057,0
AVFL,PVPL,1596,0
AIYL,SIADL,653,0
AVAR,AVJR,717,0
AVKL,FLPR,334,0
PVT,SMBDR,1397,0
ADEL,AVFR,516,0
AVFR,AVKR,648,0
AVHL,AVL,354,0
ADAR,PVCR,201,0
PVR,SABD,550,0
AVL,PVPR,147,1
AIMR,AVKR,1118,0
AVKL,SABD,273,0
PVR,SIADR,50,0
AVKR,BDUL,177,0
FLPL,SABD,204,0
BDUR,FLPL,258,0
AVAR,PVNL,187,0
PVCR,PVQR,96,0
FLPL,PVCL,206,0
FLPL,HSNR,6,0
ADAR,PVNR,61,0
ADAR,PVQR,44,0
BDUR,PVCL,33,0
