ADAL,ADAR,72,74,2
ADEL,ADER,68,60,8
ADFL,ADFR,34,37,3
ADLL,ADLR,48,37,11
AFDL,AFDR,20,21,1
AIAL,AIAR,43,35,8
AIBL,AIBR,84,84,0
AIML,AIMR,44,48,4
AINL,AINR,51,48,3
AIYL,AIYR,52,44,8
AIZL,AIZR,52,60,8
ALML,ALMR,35,41,6
ALNL,ALNR,34,33,1
AQR,AQR,50,50,0
ASEL,ASER,38,44,6
ASGL,ASGR,19,18,1
ASHL,ASHR,49,47,2
ASIL,ASIR,32,33,1
ASJL,ASJR,31,39,8
ASKL,ASKR,35,32,3
AUAL,AUAR,47,40,7
AVAL,AVAR,86,93,7
AVBL,AVBR,82,76,6
AVDL,AVDR,74,87,13
AVEL,AVER,92,86,6
AVFL,AVFR,49,52,3
AVHL,AVHR,71,65,6
AVKL,AVKR,54,61,7
AWAL,AWAR,28,29,1
AWBL,AWBR,35,38,3
AWCL,AWCR,44,45,1
BAGL,BAGR,68,65,3
BDUL,BDUR,39,34,5
IL1DL,IL1DR,37,39,2
IL1L,IL1R,45,44,1
IL1VL,IL1VR,34,32,2
IL2DL,IL2DR,34,35,1
IL2L,IL2R,44,42,2
IL2VL,IL2VR,32,31,1
OLLL,OLLR,60,65,5
OLQDL,OLQDR,45,43,2
OLQVL,OLQVR,45,45,0
PVCL,PVCR,53,68,15
PVQL,PVQR,30,35,5
RIAL,RIAR,77,70,7
RIBL,RIBR,64,59,5
RICL,RICR,99,90,9
RIFL,RIFR,52,53,1
RIGL,RIGR,64,63,1
RIML,RIMR,82,81,1
RIPL,RIPR,28,35,7
RIVL,RIVR,74,76,2
RMDDL,RMDDR,58,58,0
RMDL,RMDR,68,72,4
RMDVL,RMDVR,65,63,2
RMEL,RMER,64,42,22
RMFL,RMFR,68,52,16
RMGL,RMGR,69,70,1
RMHL,RMHR,67,65,2
SAADL,SAADR,58,55,3
SAAVL,SAAVR,56,57,1
SDQL,SDQR,48,62,14
SIADL,SIADR,72,64,8
SIAVL,SIAVR,63,64,1
SIBDL,SIBDR,87,83,4
SIBVL,SIBVR,87,95,8
SMBDL,SMBDR,70,75,5
SMBVL,SMBVR,68,77,9
SMDDL,SMDDR,60,61,1
URADL,URADR,19,27,8
URAVL,URAVR,32,35,3
URBL,URBR,44,47,3
URYVL,URYVR,48,46,2
