ADAL,ADAL,78,72,6
ADAR,ADAR,82,74,8
ADEL,ADEL,65,68,3
ADER,ADER,64,60,4
ADFL,ADFL,44,34,10
ADFR,ADFR,40,37,3
ADLL,ADLL,66,48,18
ADLR,ADLR,64,37,27
AFDL,AFDL,30,20,10
AFDR,AFDR,25,21,4
AIAL,AIAL,45,43,2
AIAR,AIAR,40,35,5
AIBL,AIBL,82,84,2
AIBR,AIBR,89,84,5
AIML,AIML,50,44,6
AIMR,AIMR,51,48,3
AINL,AINL,57,51,6
AINR,AINR,63,48,15
AIYL,AIYL,47,52,5
AIYR,AIYR,51,44,7
AIZL,AIZL,62,52,10
AIZR,AIZR,60,60,0
ALA,ALA,60,44,16
ALML,ALML,42,35,7
ALMR,ALMR,43,41,2
ALNL,ALNL,40,34,6
ALNR,ALNR,30,33,3
AQR,AQR,64,50,14
ASEL,ASEL,49,38,11
ASER,ASER,59,44,15
ASGL,ASGL,27,19,8
ASGR,ASGR,30,18,12
ASHL,ASHL,48,49,1
ASHR,ASHR,47,47,0
ASIL,ASIL,36,32,4
ASIR,ASIR,41,33,8
ASJL,ASJL,42,31,11
ASJR,ASJR,43,39,4
ASKL,ASKL,32,35,3
ASKR,ASKR,43,32,11
AUAL,AUAL,47,47,0
AUAR,AUAR,44,40,4
AVAL,AVAL,97,86,11
AVAR,AVAR,100,93,7
AVBL,AVBL,93,82,11
AVBR,AVBR,100,76,24
AVDL,AVDL,92,74,18
AVDR,AVDR,93,87,6
AVEL,AVEL,87,92,5
AVER,AVER,90,86,4
AVFL,AVFL,56,49,7
AVFR,AVFR,61,52,9
AVHL,AVHL,61,71,10
AVHR,AVHR,59,65,6
AVJL,AVJL,61,67,6
AVJR,AVJR,52,63,11
AVKL,AVKL,70,54,16
AVKR,AVKR,69,61,8
AVL,AVL,66,57,9
AVM,AVM,33,36,3
AWAL,AWAL,32,28,4
AWAR,AWAR,35,29,6
AWBL,AWBL,47,35,12
AWBR,AWBR,44,38,6
AWCL,AWCL,52,44,8
AWCR,AWCR,56,45,11
BAGL,BAGL,67,68,1
BAGR,BAGR,66,65,1
BDUL,BDUL,39,39,0
BDUR,BDUR,40,34,6
CEPDL,CEPDL,58,55,3
CEPDR,CEPDR,64,49,15
CEPVL,CEPVL,59,58,1
CEPVR,CEPVR,63,57,6
DVA,DVA,94,98,4
DVC,DVC,50,59,9
FLPL,FLPL,39,42,3
FLPR,FLPR,41,38,3
HSNR,HSNR,59,38,21
IL1DL,IL1DL,42,37,5
IL1DR,IL1DR,49,39,10
IL1L,IL1L,45,45,0
IL1R,IL1R,46,44,2
IL1VL,IL1VL,43,34,9
IL1VR,IL1VR,40,32,8
IL2DL,IL2DL,44,34,10
IL2DR,IL2DR,45,35,10
IL2L,IL2L,36,44,8
IL2R,IL2R,38,42,4
IL2VL,IL2VL,36,32,4
IL2VR,IL2VR,35,31,4
OLLL,OLLL,61,60,1
OLLR,OLLR,70,65,5
OLQDL,OLQDL,46,45,1
OLQDR,OLQDR,54,43,11
OLQVL,OLQVL,47,45,2
OLQVR,OLQVR,49,45,4
PLNL,PLNL,21,26,5
PLNR,PLNR,13,25,12
PVCL,PVCL,66,53,13
PVCR,PVCR,64,68,4
PVNL,PVNL,55,39,16
PVPL,PVPL,32,48,16
PVPR,PVPR,47,36,11
PVQL,PVQL,29,30,1
PVQR,PVQR,33,35,2
PVR,PVR,64,64,0
PVT,PVT,55,51,4
RIAL,RIAL,79,77,2
RIAR,RIAR,81,70,11
RIBL,RIBL,72,64,8
RIBR,RIBR,69,59,10
RICL,RICL,96,99,3
RICR,RICR,91,90,1
RID,RID,102,77,25
RIFL,RIFL,57,52,5
RIFR,RIFR,64,53,11
RIGL,RIGL,68,64,4
RIGR,RIGR,71,63,8
RIH,RIH,87,79,8
RIML,RIML,82,82,0
RIMR,RIMR,81,81,0
RIPL,RIPL,40,28,12
RIPR,RIPR,49,35,14
RIR,RIR,80,66,14
RIS,RIS,74,82,8
RIVL,RIVL,77,74,3
RIVR,RIVR,77,76,1
RMDDL,RMDDL,71,58,13
RMDDR,RMDDR,67,58,9
RMDL,RMDL,76,68,8
RMDR,RMDR,68,72,4
RMDVL,RMDVL,68,65,3
RMDVR,RMDVR,69,63,6
RMED,RMED,55,58,3
RMEL,RMEL,46,64,18
RMER,RMER,42,42,0
RMEV,RMEV,72,72,0
RMFL,RMFL,65,68,3
RMFR,RMFR,50,52,2
RMGL,RMGL,69,69,0
RMGR,RMGR,68,70,2
RMHL,RMHL,70,67,3
RMHR,RMHR,69,65,4
SAADL,SAADL,55,58,3
SAADR,SAADR,68,55,13
SAAVL,SAAVL,56,56,0
SAAVR,SAAVR,58,57,1
SABD,SABD,20,15,5
SDQL,SDQL,48,48,0
SDQR,SDQR,65,62,3
SIADL,SIADL,68,72,4
SIADR,SIADR,69,64,5
SIAVL,SIAVL,68,63,5
SIAVR,SIAVR,64,64,0
SIBDL,SIBDL,64,87,23
SIBDR,SIBDR,82,83,1
SIBVL,SIBVL,96,87,9
SIBVR,SIBVR,94,95,1
SMBDL,SMBDL,76,70,6
SMBDR,SMBDR,82,75,7
SMBVL,SMBVL,79,68,11
SMBVR,SMBVR,78,77,1
SMDDL,SMDDL,67,60,7
SMDDR,SMDDR,66,61,5
SMDVL,SMDVL,73,77,4
SMDVR,SMDVR,72,69,3
URADL,URADL,31,19,12
URADR,URADR,29,27,2
URAVL,URAVL,38,32,6
URAVR,URAVR,40,35,5
URBL,URBL,50,44,6
URBR,URBR,44,47,3
URXL,URXL,64,63,1
URXR,URXR,81,59,22
URYDL,URYDL,61,50,11
URYDR,URYDR,53,45,8
URYVL,URYVL,59,48,11
URYVR,URYVR,57,46,11
