ADAL,ADAR,78,82,4
ADEL,ADER,65,64,1
ADFL,ADFR,44,40,4
ADLL,ADLR,66,64,2
AFDL,AFDR,30,25,5
AIAL,AIAR,45,40,5
AIBL,AIBR,82,89,7
AIML,AIMR,50,51,1
AINL,AINR,57,63,6
AIYL,AIYR,47,51,4
AIZL,AIZR,62,60,2
ALML,ALMR,42,43,1
ALNL,ALNR,40,30,10
AQR,AQR,64,64,0
ASEL,ASER,49,59,10
ASGL,ASGR,27,30,3
ASHL,ASHR,48,47,1
ASIL,ASIR,36,41,5
ASJL,ASJR,42,43,1
ASKL,ASKR,32,43,11
AUAL,AUAR,47,44,3
AVAL,AVAR,97,100,3
AVBL,AVBR,93,100,7
AVDL,AVDR,92,93,1
AVEL,AVER,87,90,3
AVFL,AVFR,56,61,5
AVHL,AVHR,61,59,2
AVKL,AVKR,70,69,1
AWAL,AWAR,32,35,3
AWBL,AWBR,47,44,3
AWCL,AWCR,52,56,4
BAGL,BAGR,67,66,1
BDUL,BDUR,39,40,1
IL1DL,IL1DR,42,49,7
IL1L,IL1R,45,46,1
IL1VL,IL1VR,43,40,3
IL2DL,IL2DR,44,45,1
IL2L,IL2R,36,38,2
IL2VL,IL2VR,36,35,1
OLLL,OLLR,61,70,9
OLQDL,OLQDR,46,54,8
OLQVL,OLQVR,47,49,2
PVCL,PVCR,66,64,2
PVQL,PVQR,29,33,4
RIAL,RIAR,79,81,2
RIBL,RIBR,72,69,3
RICL,RICR,96,91,5
RIFL,RIFR,57,64,7
RIGL,RIGR,68,71,3
RIML,RIMR,82,81,1
RIPL,RIPR,40,49,9
RIVL,RIVR,77,77,0
RMDDL,RMDDR,71,67,4
RMDL,RMDR,76,68,8
RMDVL,RMDVR,68,69,1
RMEL,RMER,46,42,4
RMFL,RMFR,65,50,15
RMGL,RMGR,69,68,1
RMHL,RMHR,70,69,1
SAADL,SAADR,55,68,13
SAAVL,SAAVR,56,58,2
SDQL,SDQR,48,65,17
SIADL,SIADR,68,69,1
SIAVL,SIAVR,68,64,4
SIBDL,SIBDR,64,82,18
SIBVL,SIBVR,96,94,2
SMBDL,SMBDR,76,82,6
SMBVL,SMBVR,79,78,1
SMDDL,SMDDR,67,66,1
URADL,URADR,31,29,2
URAVL,URAVR,38,40,2
URBL,URBR,50,44,6
URYVL,URYVR,59,57,2
