SAAVL,SMDVL,2.0
AVJR,ADER,1.0
IL1DR,RMDVR,1.0
ALNR,RMGR,1.0
ALNR,ADER,2.0
SIBVL,SMBVL,2.0
SIBVL,PVCR,1.0
SIBVL,SDQR,2.0
SIBVL,ADEL,1.0
SIBVL,AVBR,4.0
SIBVL,SIAVL,2.0
IL2DR,URADR,1.0
AVEL,SMDVR,1.0
AVEL,RMGL,2.0
AVEL,AFDL,1.0
AVEL,BAGR,1.0
AIYL,AFDL,2.0
ADAL,OLQVL,4.0
ADAL,PVQL,3.0
AIBR,RICR,1.0
AIBR,SIAVL,1.0
AIBR,PVPL,2.0
RMDDL,AVER,2.0
RMDDL,RMDL,1.0
RMDDL,RIAR,1.0
RMDDL,IL1VL,1.0
RMDDL,SIBVR,2.0
URXR,AUAR,3.0
URXR,RICR,1.0
URAVR,IL1VR,4.0
SIADL,RMDDR,1.0
SIADL,AVDR,1.0
SAADR,RMDDR,1.0
SAADR,RMFL,1.0
CEPVL,URAVL,3.0
SMDVL,SMDDR,1.0
SMDVL,ALNL,1.0
AIAR,AWCR,1.0
AIAR,ADFR,5.0
AIAR,ASHR,1.0
AIAR,AIAR,3.0
AIAR,ASGR,3.0
AVFL,PVNR,1.0
AWCL,ADFL,1.0
AWCL,ASEL,1.0
AWCL,AUAL,1.0
CEPVR,AIMR,1.0
CEPVR,IL2VR,1.0
BAGL,AINR,3.0
BAGL,RIGR,2.0
BAGL,RIGL,1.0
ADLR,ASKR,1.0
ADLR,ASGR,1.0
ASJR,AIMR,1.0
AVER,SMDDR,1.0
AVER,AVKR,1.0
AVER,RMDVR,7.0
AVER,ASHR,1.0
AVER,RMDR,5.0
AVER,AVAR,2.0
AVKL,ADER,7.0
AVKL,SMBVR,2.0
AVKL,RIGR,1.0
AVKL,PVPL,4.0
SIBVR,RMHL,5.0
SIBVR,RIBL,6.0
SIBVR,PVCR,1.0
SIBVR,RIBR,3.0
SIBVR,SMBDL,4.0
SIBVR,RMDVL,1.0
ASIL,AINR,1.0
RMGR,RIFR,1.0
RMGR,RMHL,1.0
RMGR,SMBVR,3.0
RMGR,ASKR,1.0
AWCR,ASEL,2.0
AWCR,ASGR,2.0
AWCR,AFDR,3.0
AWCR,AIAL,1.0
AVJL,RIFR,1.0
RMDVR,AFDR,1.0
RMDVR,AVAR,1.0
RMDVR,SAADL,1.0
URYVL,RIGL,3.0
RMDR,AVAR,2.0
RIBR,SMDDL,4.0
RIBR,SMBDR,2.0
SAADL,SMBDL,3.0
SAADL,SDQR,1.0
SIBDR,PVCR,1.0
SIBDR,AIML,2.0
SIBDR,RIVL,1.0
IL2VL,URAVL,3.0
URADR,URYDR,1.0
RMFL,RIML,3.0
RMFL,RIGL,1.0
RMFL,RIGR,1.0
RMFL,SAAVR,1.0
AVHL,ASHR,2.0
RICR,RMHR,1.0
URAVL,IL2L,1.0
URAVL,RIPL,1.0
RMHR,OLQVR,1.0
URBL,IL1L,2.0
URBL,ADFL,1.0
FLPR,ADER,4.0
FLPR,AVDL,5.0
ASHR,AVAR,2.0
ASHR,AFDR,4.0
RMER,IL1L,1.0
RMER,IL2L,2.0
RMER,ADEL,1.0
AIAL,AWBL,1.0
AIAL,ASIR,2.0
AIAL,ASJL,1.0
AIAL,AIBL,5.0
RMHL,SMDDL,1.0
BDUL,PVNL,1.0
SMBVR,ADFR,1.0
SMBVR,AIMR,1.0
SMBVR,URBR,1.0
SMBVR,SMBDR,2.0
RIMR,AVKR,1.0
RIMR,AVAR,2.0
RMDVL,OLQVR,2.0
RMDVL,AUAL,2.0
SMDVR,ADFR,2.0
ASIR,AIYR,1.0
ASIR,ASGR,4.0
SIBDL,AVDR,1.0
SIBDL,SMBDL,1.0
SIBDL,ADEL,1.0
SIBDL,AVAR,1.0
SIBDL,SIAVL,1.0
SIBDL,SMDDL,3.0
RIBL,RIAL,1.0
IL2L,OLLL,2.0
IL2L,ADEL,2.0
IL2L,ASJL,1.0
AUAR,AIYR,1.0
HSNR,PVNR,3.0
HSNR,BDUR,1.0
ASJL,SMDDR,1.0
AVBL,SDQR,1.0
OLQVR,URBR,5.0
ADFL,RIAL,1.0
ADFL,RIPL,2.0
ADFL,ASHL,1.0
ADFL,AIZL,1.0
ASGL,SMDDR,2.0
ASGL,AWBL,1.0
ASGL,AIML,1.0
AIZL,RIGL,1.0
RIAR,RMDDR,1.0
RIAR,SMDDL,1.0
RIAR,SIAVR,1.0
RIAR,SIAVL,1.0
RIAR,SAAVR,1.0
RMDDR,ALML,2.0
RMDDR,RMGL,1.0
RMDDR,ADEL,1.0
SIAVR,RMDL,1.0
SIAVR,SDQR,1.0
AFDR,ASEL,2.0
AWAL,ADLL,1.0
ADEL,RIGR,1.0
ALNL,SMBDR,3.0
AWBR,ADFR,1.0
AWBR,RICL,4.0
AWBR,ASER,1.0
SAAVR,AVAR,1.0
SAAVR,SMDDL,4.0
AVFR,RMGL,1.0
ALML,SMBDR,1.0
ALML,RMGL,3.0
SDQR,RIVR,3.0
SDQR,ALMR,2.0
SDQR,AIBL,1.0
SDQR,RIVL,5.0
SDQL,SIADR,1.0
SDQL,FLPL,1.0
RIAL,AINR,2.0
RMEL,RIGL,2.0
AVHR,SIAVL,1.0
AIBL,SIADR,1.0
AIBL,FLPL,1.0
ADFR,AWAR,5.0
ADFR,ASGR,1.0
IL1VR,IL2VR,1.0
SMDDR,SMBDR,1.0
SMDDR,SIADR,1.0
AVAL,PVCL,1.0
AVAL,AVDL,7.0
AVAL,PVPL,1.0
PVQR,ASER,1.0
RIFL,AVDL,1.0
ALMR,AVDR,2.0
RMGL,ADLL,3.0
AVDR,ADLL,2.0
SIADR,FLPL,1.0
RIGL,PVPL,2.0
IL1L,RIPL,1.0
RIPL,RIPL,4.0
PVPL,PVPL,1.0
RIML,RMDL,1.0
RMDL,SMDDL,2.0
