SAAVL,ALNR,1129
SAAVL,URXL,69
SAAVL,RMGR,445
SAAVL,SDQR,459
SAAVL,IL1L,109
SAAVL,RICL,12
SAAVL,RIBL,1451
SAAVL,PVCR,1267
SAAVL,URYDR,376
SAAVL,AVDR,1642
SAAVL,ASIL,149
SAAVL,SIAVR,195
AVJR,OLQDL,23
AVJR,PVNL,5594
AVJR,CEPDL,177
AVJR,ADER,476
AVJR,AIML,808
AVJR,AVAR,3251
AVJR,SDQR,529
AVJR,ASJR,979
AVJR,SIBVR,208
AVJR,CEPVL,379
AVJR,HSNR,2181
IL1DR,AVER,60
IL1DR,PVNL,325
IL1DR,OLLL,570
IL1DR,RMHR,9
IL1DR,AVHR,175
IL1DR,SMDDL,19
IL1DR,HSNR,87
IL1DR,IL2R,43
ALNR,CEPDR,50
ALNR,AIBL,506
ALNR,RICL,116
ALNR,AVER,74
ALNR,AVKL,76
ALNR,ASJR,248
ALNR,RIMR,514
ALNR,AVFL,73
ALNR,AVHR,592
SIBVL,IL2R,1137
SIBVL,SMDVL,767
SIBVL,RMEL,1402
SIBVL,FLPR,1838
SIBVL,CEPVR,902
SIBVL,ADLL,3931
SIBVL,PVPL,540
SIBVL,HSNR,2801
SIBVL,OLQVR,1269
SIBVL,AVDR,1379
SIBVL,RIPR,121
IL2DR,RMEL,1138
IL2DR,BAGL,73
IL2DR,IL1R,1580
IL2DR,AVER,809
IL2DR,PVNL,239
IL2DR,AIZR,184
IL2DR,RMER,3693
IL2DR,IL2R,486
OLQDL,AVHL,281
OLQDL,AINL,614
OLQDL,SIADR,168
OLQDL,AVJL,337
OLQDL,RMEL,46
OLQDL,AWCL,22
OLQDL,AINR,423
OLQDL,AVDL,273
OLQDL,AWCR,236
OLQDL,RMFR,284
OLQDL,ASJL,366
AVEL,ADAR,393
AVEL,AVBR,95
AVEL,CEPDL,12
AVEL,URYDL,606
AVEL,SAAVR,761
AVEL,AVFR,15
AVEL,SDQL,606
AVEL,FLPL,7162
AVEL,RICR,478
AVEL,SAADL,682
AVEL,RMHL,733
AVEL,BAGL,230
AVEL,ADLL,1480
AVEL,RICL,234
AIYL,ADEL,22
AIYL,AVBR,944
AIYL,ADAL,1001
AIYL,RIGL,16
AIYL,AVHR,68
AIYL,RIMR,1179
AIYL,AFDR,792
AIYL,ASHL,344
AIYL,SMBDR,791
AIYL,AVDR,971
AIYL,ASGL,78
AIYL,PVCL,131
AIYL,SIBDR,201
AIBR,ADAR,320
AIBR,SIBDL,3796
AIBR,SIBVR,2001
AIBR,PVCL,158
AIBR,RMEL,398
AIBR,BAGL,322
AIBR,ADFR,882
AIBR,RIGR,37
AIBR,URYVL,219
AIBR,URXL,662
URYDL,AVBR,440
URYDL,SIADL,329
URYDL,ADLL,54
URYDL,ASKL,60
URYDL,AWCL,261
URYDL,PVCR,75
URYDL,AWCR,12
URYDL,RMFR,817
URYDL,ASJL,250
URYDL,OLQVR,54
RIGL,RIFL,815
RIGL,CEPDL,548
RIGL,FLPR,598
RIGL,ADFL,1409
RIGL,RMEL,3349
RIGL,RMER,532
RIGL,IL2L,22
RIGL,SIAVL,253
SIBVR,AWBR,1611
SIBVR,AVFR,6944
SIBVR,AVFL,105
SIBVR,RMEL,1441
SIBVR,ASHL,505
SIBVR,IL1R,65
SIBVR,URYVR,644
SIBVR,RIAL,380
SIBVR,RMFL,4006
SIBVR,AVHL,3452
SIBVR,PLNR,50
SIBVR,AIML,999
SIBVR,AVKR,1547
SIBVR,OLQVR,117
IL1VL,RMEL,5845
IL1VL,CEPVR,11769
IL1VL,RICL,730
IL1VL,SIADL,837
IL1VL,RMER,6958
IL1VL,URAVR,3979
IL1VL,RMFL,51
URAVR,BAGR,21
URAVR,PVCR,146
URAVR,AVBL,62
URAVR,RMDVL,1299
SIADL,IL2L,48
SIADL,RMFL,3899
SIADL,IL1L,205
SIADL,PVQR,141
SIADL,AVBR,489
SIADL,URXR,380
SIADL,SMBVR,1060
SIADL,RIMR,711
SIADL,RIBR,72
SIADL,RMEL,588
SIADL,BAGL,461
SIADL,AVAL,767
SIADL,AVFL,434
SIADL,ADFL,2006
SIADL,URXL,53
SAADR,SDQR,1196
SAADR,RMEL,2862
SAADR,RICL,106
SAADR,AVDL,230
SAADR,AIZR,39
SAADR,PVCR,30
IL2R,BAGR,3934
IL2R,URADR,2713
IL2R,AUAR,36
IL2R,RIPR,2800
IL2R,RIBR,525
ASIL,AWAL,3045
ASIL,IL2DL,359
ASIL,RMDVL,1806
SMDVL,CEPDL,1258
SMDVL,ALNL,3105
SMDVL,RMDDL,32
SMDVL,AVDR,6
SMDVL,AVKR,267
SMDVL,AUAL,116
SMDVL,RMDVR,105
SMDVL,PVCR,901
AIAR,AIBL,1404
AIAR,RMDR,75
AIAR,PVQL,378
BAGR,URBR,19120
BAGR,URYVL,579
AWCL,AWAL,68
AWCL,IL2DL,206
AWCL,CEPVR,1115
AWCL,ADFR,191
AWCL,IL2L,39
AWCL,CEPVL,1018
AWCL,RIVR,74
CEPVR,PVNL,396
CEPVR,AVBR,275
CEPVR,HSNR,184
CEPVR,SMDDR,127
CEPVR,RIVL,138
OLLR,PVQR,296
OLLR,URADR,218
OLLR,RICR,469
OLLR,AINL,1185
OLLR,RMDDL,6
OLLR,RIPR,1190
OLLR,RMHL,466
OLLR,AVDR,122
OLLR,RMFL,43
OLLR,RICL,254
OLLR,AVER,3052
OLLR,RIVR,334
OLLR,RIAR,281
OLLR,AUAR,573
BAGL,RMFL,5
BAGL,AVBL,1972
BAGL,RMEL,25976
BAGL,ASIR,304
BAGL,AIZL,61
URYVR,RMFL,100
URYVR,SMBVR,64
URYVR,AUAR,456
URYVR,IL1R,5061
ASJR,SMBDL,291
ASJR,ALMR,459
ASJR,ADLR,97
ASJR,HSNR,371
ASJR,ASHR,149
ASJR,PVQL,867
ASJR,BDUR,580
ASJR,RIFR,188
ASJR,AVDR,2709
ASJR,AVHR,512
ASJR,ASKL,973
AVER,SAAVR,1687
AVER,RMEL,121
AVER,RMFR,3169
AVER,RMFL,34
AVER,OLQDR,365
AVER,RMGL,36
AVER,HSNR,279
AVKL,AVHL,3246
AVKL,SAAVR,1403
AVKL,AVAR,3591
AVKL,OLQVL,873
AVKL,ALNL,1722
AVKL,SAADL,431
URXR,OLQDR,161
URXR,SIBDL,208
URXR,AVAR,461
URXR,AVJL,1057
URXR,AVFL,284
URXR,AWCR,23
URXR,HSNR,123
CEPVL,ADEL,1325
CEPVL,PVNL,237
CEPVL,IL1L,510
CEPVL,BDUL,411
CEPVL,PVCR,104
CEPVL,RMER,119
RMGR,PVNL,3662
RMGR,RMEL,1
RMGR,AVKR,34
RMGR,HSNR,3889
RMGR,RIAR,4
RMGR,PVCR,448
AWCR,IL2DL,286
AWCR,AFDL,93
AWCR,SAAVR,185
AWCR,ASGL,9446
AWCR,RMDVL,495
AWCR,IL1DL,192
AWCR,ADFR,459
ADLR,OLQVR,1047
RIMR,ADEL,1971
RIMR,ALMR,523
RIMR,PVCL,28
RIMR,AWBR,27
RIMR,RMEL,474
RIMR,HSNR,2262
RMDVR,URADR,464
RMDVR,AIBL,989
RMDVR,SIAVR,1065
RMDVR,RMFR,458
RMDVR,SDQR,340
RMDVR,RIML,658
RMDVR,URBL,827
RMDVR,SIBDR,220
RICR,AVBL,1647
RICR,AIBL,2428
RICR,URAVL,581
RICR,ALMR,1402
RICR,BDUL,14
RICR,RMDR,36
RICR,RMDVL,445
RICR,PVCR,2209
RICR,AVDL,2625
RICR,RIVR,1579
RICR,AVDR,7797
RMER,URADR,1985
RMER,OLQVL,4227
RMER,RMHL,199
RMER,OLLL,23491
RMER,IL1DL,2911
RMER,CEPDL,42
RMER,RIBL,13922
RMER,AVKR,329
RMER,URYVL,2526
RMDR,PVNL,144
RMDR,SAAVR,92
RMDR,AVFL,543
RMDR,HSNR,549
RMDR,SMBDL,68
RMDR,AVAL,764
RMDR,RIVL,371
RIBR,IL2VR,447
RIBR,IL1VR,445
RIBR,SMBDR,2
RIBR,AUAL,810
RIBR,IL1R,281
SAADL,ADEL,754
SAADL,RMHR,101
SAADL,AVJL,224
SAADL,AVFR,629
SAADL,SIADR,165
SAADL,RICL,165
SAADL,AVDL,1239
SAADL,PVPL,485
SAADL,AVFL,1131
SAADL,PVCR,334
AIZL,SMDDL,167
AIZL,SMBVR,1096
AIZL,RMFR,124
AIZL,RIGR,990
AIZL,PVPL,510
AIZL,ADFR,3187
IL2VL,RICL,233
IL2VL,IL2L,726
IL2VL,RMDDL,352
URADR,RMEL,6654
URADR,IL1R,10095
URADR,RMDDL,484
RMFL,RIAL,1651
RMFL,ALMR,152
RMFL,ADAR,964
RMFL,URBR,192
RMFL,ALNL,723
RMFL,PVCL,361
RMFL,SMBVR,22201
RMFL,SDQR,6788
RMFL,SMDVR,1488
RMFL,RMEL,564
RMFL,SMBDL,5948
RMFL,RICL,1512
RMFL,PVPL,74
RMFL,SIAVR,3531
RMFL,SMBDR,3733
RMFL,RIPR,10
RMFL,OLQVR,1500
RMFL,URYVL,214
RMFL,PLNL,2770
RMFL,FLPL,2820
RMFL,ADER,603
RMFL,SIAVL,3084
AVHL,AIMR,290
AVHL,SIBDL,402
AVHL,ALMR,1188
AVHL,FLPR,2148
AVHL,RIVR,517
AVHL,ADER,72
AVHL,BDUL,517
AVHL,AIBL,295
AVHL,RIGR,104
AVHL,AUAR,179
AVHL,RICL,1038
AVHL,SMBDR,385
AVHL,RIAR,491
AVHL,ASER,183
URAVL,URXL,927
URAVL,RICL,1284
RMHR,RIPR,138
RMHR,RIVR,247
RMHR,RMDVL,10568
RMHR,IL2L,516
RMHR,RIAR,117
AINL,IL2DL,538
AINL,SIADR,525
AINL,CEPDR,198
AINL,IL1DL,665
AINL,ASGR,298
URBL,RIAL,717
URBL,SMBDL,152
URBL,AVAR,2
URBL,AVJL,63
URBL,RMDVL,16687
URBL,RMEL,325
FLPR,PVQR,1683
FLPR,BDUR,2638
FLPR,SMBDL,2422
FLPR,AVJL,85
FLPR,PVNL,669
FLPR,AVKR,187
FLPR,SIAVR,904
FLPR,RIVL,109
ASHR,RIFL,3325
ASHR,AWBL,1246
ASHR,RIPR,251
ASHR,ASKL,251
ASHR,PVPL,3706
ASHR,ASGR,403
ASHR,PVQL,2311
URYVL,RMEL,370
URYVL,PVCR,949
URYVL,PVPL,706
URYVL,AVBL,42
AIAL,URXL,409
AIAL,AWAR,877
AIAL,PVNL,4
AIAL,RMHL,2004
AIAL,AUAL,352
AIAL,AWBR,47
AIAL,ASIR,494
AIAL,AVDR,2
AIAL,AVHR,2922
AIAL,BDUL,23
AIAL,SMBVR,2403
AIAL,AFDL,1193
RMHL,PVPL,510
RMHL,SDQR,847
RMHL,SIAVR,356
RMHL,OLQVR,70
RMHL,AVDR,665
PLNR,SDQR,102
BDUL,URXL,36
BDUL,RMDL,284
BDUL,HSNR,1638
BDUL,PVCR,782
BDUL,PVNL,20240
BDUL,AVAR,1352
BDUL,RIFR,1461
BDUL,AVJL,2809
BDUL,SIAVL,651
SMBVR,PVQR,56
SMBVR,ADEL,509
SMBVR,PVCL,1000
SMBVR,RIAL,126
SMBVR,ASGR,101
SMBVR,FLPL,722
RMFR,IL1L,4086
RMFR,IL2DL,167
RMFR,SDQR,7256
RMFR,RMEL,98
RMFR,RIVR,3977
RMFR,IL1DL,292
RMFR,SMDDR,297
RMFR,FLPL,275
RMFR,SMDDL,40
RMDVL,ADEL,6680
RMDVL,SIADR,806
RMDVL,RIBL,344
RMDVL,SMBDR,162
RMDVL,AVDR,238
RMDVL,URXL,499
SMDVR,AINR,45
SMDVR,RMGL,584
AVKR,AIMR,220
AVKR,RIFL,354
AVKR,FLPL,2409
AVKR,AVFL,5615
AVKR,AIZR,211
AVKR,AVBL,86
AVKR,AVDR,3113
AVKR,SDQL,3666
AVKR,SIBDR,750
AVKR,RIVL,283
ASIR,AIZR,146
ASIR,ASEL,3352
CEPDL,IL2L,73
CEPDL,AVBL,274
CEPDL,SMBDL,514
CEPDL,RIVR,121
CEPDL,RIBL,532
CEPDL,AVJL,75
CEPDL,AVDR,534
CEPDL,RIVL,141
RIBL,URXL,2468
RIBL,OLQDR,226
RIBL,RMEL,8168
RIBL,IL1DL,592
RIBL,PVCR,36
RIBL,IL2DL,338
IL2L,SIBDL,433
IL2L,AVFR,60
IL2L,SMBDL,276
IL2L,ADAL,155
IL2L,OLQVL,8802
IL2L,ASER,363
URYDR,RIPR,288
URYDR,IL1R,1090
URYDR,HSNR,777
URYDR,RIFR,808
URYDR,AVAL,616
HSNR,AVFL,4689
HSNR,AIMR,743
HSNR,PVQR,3458
HSNR,CEPDR,563
HSNR,BDUR,22330
HSNR,OLQDR,189
HSNR,ASHL,709
HSNR,PVNL,13450
HSNR,AIML,354
HSNR,ALMR,1848
HSNR,AVBR,1376
HSNR,AVDL,8
HSNR,PVPL,196
HSNR,RMDDR,36
HSNR,FLPL,544
HSNR,PVCL,1174
HSNR,AVBL,780
HSNR,RIFR,14903
HSNR,ADER,80
HSNR,AVDR,418
HSNR,AVFR,5206
HSNR,AVHR,2562
HSNR,RIFL,1860
HSNR,AVJL,3442
AUAL,IL2DL,1031
AUAL,IL1DL,228
AUAL,ADFR,6489
AUAL,AVDL,1568
AUAL,PVPL,190
AUAL,AIZR,510
AUAL,AVBL,642
AUAL,AFDR,116
ASJL,AIMR,926
ASJL,AWBL,753
ASJL,AVFL,4436
ASJL,SAAVR,585
AIZR,SIBDL,370
AIZR,PVPL,1923
AIZR,RIAL,427
AIZR,AVDL,3378
AIZR,RIML,252
AIZR,RICL,42
AIZR,AVBL,73
AIZR,RIFR,271
AVBL,PVNL,2405
AVBL,SIBDL,941
AVBL,SMBVL,496
AVBL,ASKL,45
AVBL,SDQR,15750
AVBL,URXL,129
AVBL,RICL,2087
AVBL,IL1VR,387
AVBL,PVQL,528
AVBL,RIAR,963
AVBL,RIVL,42
RIFR,OLQDR,196
RIFR,PVNL,8662
RIFR,PVCL,3214
RIFR,FLPL,1033
RIFR,SDQR,855
RIFR,SIBDR,245
OLQVR,IL2DL,83
OLQVR,IL1DL,291
OLQVR,PVCR,303
OLQVR,RMDL,54
ADFL,RMGL,311
ADFL,ADLL,999
ADFL,AVBR,103
ADFL,PVPL,232
ADFL,RIML,518
ADFL,PVCL,253
ASGL,SAAVR,76
ASGL,ADLL,1500
ASGL,AVAL,383
ASGL,ASKL,436
SIBDR,RIAL,1061
SIBDR,ADAL,845
SIBDR,SDQR,106
SIBDR,ADLL,49
URADL,PVCL,72
URADL,PVCR,78
RIAR,ADER,1200
RMDDR,IL2DL,264
RMDDR,PVNL,97
RMDDR,URBR,139
RMDDR,AVAL,476
FLPL,RIAL,4
FLPL,PVQR,722
FLPL,BDUR,1119
FLPL,SIAVR,230
FLPL,PVNL,2094
FLPL,AVJL,1908
FLPL,RIML,213
SIAVR,ADEL,33
SIAVR,AWBR,303
SIAVR,ADER,787
SIAVR,RIAL,4713
SIAVR,ADFR,3247
AIMR,PVNL,588
AIMR,URBR,597
AIMR,CEPDR,188
AIMR,SMBDL,534
AIMR,PVQL,126
ADAR,PVPR,3458
ADAR,ADEL,1130
ADAR,ASKR,1457
ADAR,RIML,519
ADAR,SMBDR,1256
AWAL,SMBDL,4
AWAL,RMGL,340
AWAL,SMBVL,1874
AWAL,ASER,134
IL2DL,AVDL,559
IL2DL,SMBDR,23
PVNL,AVFL,6215
PVNL,PVQR,10186
PVNL,CEPDR,410
PVNL,BDUR,21289
PVNL,RMGL,2003
PVNL,ALML,683
PVNL,RMDL,73
PVNL,PVCR,1820
PVNL,ALMR,2575
PVNL,AVBR,650
PVNL,RIML,833
PVNL,PVCL,1547
PVNL,AVDR,312
PVNL,AVFR,5510
PVNL,AVHR,1742
PVNL,RIFL,4517
PVNL,AVJL,2879
PVNL,SDQR,2439
PVNL,SDQL,379
SIBDL,ADEL,7
SIBDL,OLLL,198
SIBDL,RMEL,682
SIBDL,SMDDR,56
SIBDL,PVQR,170
SIBDL,PVPR,70
SIBDL,RMDL,127
AVBR,ASGR,373
AVBR,SMBVL,4541
AVBR,AWBR,217
AVBR,AIBL,2181
AVBR,AIML,1269
AVBR,OLQVL,820
AVBR,PVQL,84
OLLL,OLQDR,187
OLLL,AVFR,60
OLLL,ALML,104
OLLL,SMBDL,124
OLLL,IL1VR,928
OLLL,OLQVL,2653
OLLL,AVJL,699
OLLL,ASER,46
SMBVL,RMEL,360
SMBVL,RMDL,2193
ALNL,RMEL,106
ALNL,URXL,58
ALNL,RICL,322
ALNL,AVAL,6
ALNL,SIAVL,237
ALNL,PLNL,225
ALNL,SDQL,2558
AFDL,URXL,286
AWBR,RIFL,290
AWBR,PVPL,990
AWBR,RICL,450
AWBR,AVHR,318
SAAVR,ASKR,192
SAAVR,ADAL,1397
SAAVR,PVCR,283
SAAVR,RIGR,62
SAAVR,AVDR,269
SAAVR,ASEL,876
ADER,RMEL,1244
ADER,PLNL,123
ADER,RMDDL,1362
AVFR,AWBL,3066
AVFR,ADEL,2854
AVFR,AVJL,110
AVFR,IL1L,31
AVFR,ALML,44
AVFR,RICL,68
AVFR,PVCR,1469
AVFR,ASHL,2412
AVFR,SIAVL,2374
AVFR,ASER,38
ALML,IL1L,827
ALML,PVCR,3596
ALML,RIVL,325
SDQR,PLNL,960
SDQR,ADEL,2121
SDQR,AVHR,1876
SDQR,RIML,2235
SDQR,ADAL,1672
SDQR,RIGR,186
SDQR,AVDL,2358
SDQR,PVPL,143
SDQL,IL1L,652
SDQL,SMDDR,952
RIAL,AWBL,853
RIAL,AIYR,276
RIAL,PVCL,657
RIAL,SMBDR,386
RIAL,AVDR,230
RMEL,SMBDL,50
RMEL,AVDR,1141
RMEL,AVAL,519
RMEL,AVAR,86
RMEL,ADAL,97
RMEL,RMGL,947
RMEL,RICL,669
RMEL,PVCR,185
RMEL,OLQVL,2110
RMEL,RIML,47
RMEL,SIAVL,1994
AVHR,ASKL,3686
AVHR,AVFL,6144
AVHR,RMGL,786
AVHR,PVQL,7033
AINR,AVDR,1497
AIBL,AIYR,163
AIBL,PVPL,637
AIBL,RICL,701
AIBL,ADFR,740
AUAR,ASER,1764
IL1DL,ASKL,361
IL1DL,RIFL,34
ADFR,ASHL,563
ADFR,PVPL,249
ADFR,AVAR,353
ADFR,AWBL,1541
IL1R,RIPR,3855
IL1VR,SMDDL,70
IL2VR,PVCR,63
ASKL,AWAR,120
AVFL,ADEL,2234
AVFL,AVAR,3596
AVFL,ADAL,1624
AVFL,ASER,84
ASHL,AVAR,1854
ASHL,AWAR,303
ASHL,SIAVL,280
SMDDR,IL1L,54
SMDDR,PVCR,14
SMDDR,RIVR,348
SMDDR,SIAVL,66
PLNL,ADEL,1040
PVQL,AWAR,345
PVQL,RMDL,210
PVQL,AVAR,4911
AVAL,RMDDL,601
AVAL,SMDDL,3025
ASEL,AVAR,21
PVQR,BDUR,421
PVQR,PVCR,176
PVQR,SMDDL,66
PVQR,RIFL,370
PVQR,URBR,807
PVQR,PVCL,345
PVPR,RIFL,314
PVPR,ADEL,106
PVPR,ALMR,751
PVPR,SMBDR,791
RIFL,URXL,363
RIFL,AVAR,3441
RIFL,AWAR,631
AWBL,AWAR,719
AWBL,AIYR,557
OLQDR,AVAR,271
RMDDL,ALMR,250
RMDDL,RIVL,22
ALMR,RIPR,663
BDUR,SMBDL,37
BDUR,AVDL,557
ADEL,SMBDL,2167
ADEL,RIVR,605
ADEL,AIML,81
AIYR,PVCL,78
URBR,RIPR,840
URBR,PVCR,440
URBR,AVDR,22
RMGL,AVAR,2375
RMGL,PVCR,2079
RMGL,SMBDR,1711
PVCL,SMBDL,216
PVCL,RIML,3858
RIVR,PVCR,275
ADAL,PVCR,503
AIML,AVDR,202
SIADR,AVJL,617
AVAR,ADLL,7281
AVAR,SMBDR,1316
AVAR,SIAVL,738
IL1L,RICL,22
IL1L,ASER,767
ADLL,ASKR,485
ADLL,RIML,212
ADLL,SIAVL,330
ADLL,URXL,88
RICL,RIPL,2079
RICL,RIPR,239
RICL,PVPL,4523
PVCR,RIPL,95
PVCR,PVPL,1791
PVCR,OLQVL,602
RIPL,AVDL,30
RIPL,RIVL,100
OLQVL,PVPL,209
OLQVL,URXL,1006
OLQVL,SIAVL,16
RIGR,AVDR,109
ASKR,AVDR,1077
AVDL,RIML,668
AVDL,SMBDR,2449
RIML,AVDR,6447
SMBDR,AVDR,832
SMBDR,SIAVL,228
AVDR,SIAVL,1819
