AIMR,AIAR,1.0
AVJR,ASHL,1.0
IL2VL,IL1VL,1.0
IL2VL,URAVL,3.0
SIBVL,RIBR,6.0
SIBVL,SMBDL,2.0
OLQDL,RMDDR,1.0
AVEL,BAGR,2.0
AVEL,RMEL,3.0
AVEL,FLPL,2.0
AVEL,RMDVL,1.0
SIBDL,SMBDL,2.0
AIYL,RIML,2.0
OLLL,IL1DL,1.0
AVHL,ASHL,1.0
AIBR,SMDDL,4.0
AIBR,RIFR,1.0
URYDL,RMDDR,6.0
URYDL,RMDVL,6.0
RMDDL,RIAL,1.0
RMDDL,SAADL,3.0
RMDDL,SIAVR,1.0
AFDL,URXL,1.0
AFDL,BAGR,1.0
IL1VL,CEPVL,4.0
AWBR,RICL,1.0
ADER,AVKR,4.0
ADER,RMHL,1.0
SIADL,RIBL,2.0
AVHR,ASHL,1.0
AVHR,ASKR,1.0
ALML,BDUL,3.0
BAGR,RIGL,7.0
BAGR,AIZL,1.0
ASKL,ASHL,1.0
ASKL,AIBL,2.0
AVDR,FLPL,1.0
RIAL,SMBVL,1.0
RIAL,IL1R,3.0
RIAL,AUAL,1.0
RIAL,RMDVR,1.0
AINR,AUAR,4.0
AINR,AIAL,2.0
BDUR,PVCR,4.0
ADAL,AWBL,4.0
ADAL,PVQL,2.0
OLLR,IL1VR,3.0
OLLR,RMDVR,1.0
OLLR,RICR,1.0
BDUL,PVCR,1.0
AIBL,RIML,2.0
AIBL,BAGL,2.0
AIBL,ASHL,3.0
RIPL,IL1DL,15.0
RIPL,URADL,5.0
IL1DL,RMDVL,15.0
ADFR,ASGL,9.0
IL1R,RMHL,1.0
AVER,SMDVR,1.0
AVER,SMDDR,2.0
AVER,RIBR,2.0
AVKL,RIML,1.0
AVKL,RIGR,1.0
URYDR,AVAR,5.0
IL2VR,OLQVR,1.0
SIBVR,SMBVR,3.0
CEPVL,RICL,3.0
CEPVL,RMDL,1.0
CEPVL,RICR,3.0
AVJL,PVCR,1.0
RMDVR,OLQDR,1.0
RMDVR,SIAVL,2.0
URYVL,AVAR,7.0
AVAL,RICL,1.0
RIBR,AUAR,1.0
RIBR,RMDL,1.0
RIBR,RMFL,1.0
RIBR,SIAVR,5.0
RIBR,SMBDR,3.0
SDQL,AVAR,1.0
SAADL,SMBVL,2.0
SAADL,RIVR,2.0
URXL,URXL,3.0
URXL,RMHR,1.0
AWBL,AIAL,7.0
ADEL,AVKR,7.0
ADEL,RIMR,1.0
ADEL,RMDVL,1.0
OLQDR,SMBDL,2.0
OLQDR,OLQDR,8.0
SDQR,RIVR,17.0
SDQR,AVBL,4.0
SDQR,RIVL,11.0
AWCL,ASEL,1.0
AWCL,AIZR,2.0
AWCL,AIAL,2.0
SMDDL,RIBL,2.0
RIFR,PVCL,4.0
AIAL,ASGL,9.0
AIAL,AIZL,2.0
RIGL,PVPL,1.0
PLNR,SMBVR,2.0
RMDVL,RMDDR,1.0
AVDL,FLPL,2.0
OLQVR,RMDDR,5.0
