SAAVL,ADAR,294
SAAVL,ADER,3318
SAAVL,RMGL,193
SAAVL,SMDVR,3436
SAAVL,RIAR,160
SAAVL,AVER,1163
SAAVL,AVKL,9
SAAVL,AVDL,744
SAAVL,RICR,279
SAAVL,SIBDR,1523
AVJR,AVHL,226
AVJR,AIAL,272
AVJR,ADER,3747
AVJR,AIML,148
AVJR,AVAR,1434
AVJR,URXL,849
AVJR,ASKR,175
IL1DR,RMFL,547
IL1DR,PVNL,304
IL1DR,AWCL,243
IL1DR,AVKR,876
IL1DR,AVDR,238
IL1DR,RMEL,156
IL1DR,SMBDL,78
IL1DR,IL1VR,99
IL1DR,ASKR,256
IL1DR,AWCR,653
IL1DR,SMDDL,1663
ALNR,AINR,438
ALNR,ALMR,259
ALNR,URXR,815
SIBVL,IL2DL,307
SIBVL,ADEL,158
SIBVL,SAAVR,1249
SIBVL,CEPVR,1103
SIBVL,URXR,397
SIBVL,AVJL,2317
SIBVL,URYVL,117
SIBVL,AIZL,296
SIBVL,PVPR,700
SIBVL,ALMR,3907
SIBVL,ADLR,1111
SIBVL,AVAR,823
SIBVL,URXL,524
SIBVL,RIGR,2180
SIBVL,URYDR,1190
SIBVL,HSNR,5246
SIBVL,RIAR,181
SIBVL,RIPR,979
SIBVL,RIVL,343
IL2DR,AVBR,218
IL2DR,RMFL,422
IL2DR,RIPL,376
IL2DR,AVER,121
IL2DR,AWCR,251
IL2DR,SMDDL,294
OLQDL,URAVL,121
OLQDL,SIADR,39
OLQDL,RMGL,107
OLQDL,ASER,240
AVEL,ALML,2872
AVEL,SDQL,118
AVEL,ADFR,246
AVEL,SIBDR,5975
AVEL,RIFL,1017
AVEL,FLPR,21602
AVEL,BDUL,338
AVEL,RMFR,324
AVEL,BAGL,815
AVEL,ADLL,756
AVEL,RICL,130
AVEL,OLQVR,384
AIYL,AVBR,828
AIYL,ADAL,398
AIYL,RIGL,530
AIYL,SIADL,1306
AIYL,BDUL,288
AIYL,ASKL,421
AIYL,RMGL,360
AIYL,AVER,1504
AIYL,RIGR,1234
AIYL,HSNR,47
AIYL,PVQL,2338
AIYL,RIAR,680
AIYL,SMBDR,14
ADAL,AWAL,3626
ADAL,ALNL,314
ADAL,RMHL,19
ADAL,AIML,258
ADAL,RIMR,333
ADAL,SDQR,681
ADAL,CEPDL,54
ADAL,AVFL,4295
ADAL,PVNR,370
CEPDL,AINL,312
CEPDL,AFDL,454
CEPDL,AVFL,56
URYDL,RMFL,242
URYDL,RMHR,46
URYDL,AINL,620
URYDL,ASER,197
URYDL,ADLL,86
URYDL,RMEL,1390
URYDL,AVKR,182
URYDL,BAGL,522
URYDL,AIBR,773
URYDL,RIPL,3510
URYDL,RIML,173
URYDL,URBL,459
URYDL,AUAL,148
URYDL,SMDDL,1154
URYDL,RMER,91
RMDDL,ADEL,52
RMDDL,IL2DL,139
RMDDL,ALNL,1443
RMDDL,URXR,93
RMDDL,RIPR,106
RMDDL,AVAL,717
RMDDL,RIMR,447
RMDDL,BDUR,53
RMDDL,AIBR,1211
RMDDL,SMDDR,1474
RMDDL,SMBVL,53
RMDDL,PVQL,248
SIBVR,PVNL,7838
SIBVR,AVFR,4522
SIBVR,AVHR,2552
SIBVR,AVFL,3520
SIBVR,IL1R,501
SIBVR,AVER,845
SIBVR,ASHL,5458
SIBVR,AIYR,408
SIBVR,BDUL,530
SIBVR,FLPL,8080
SIBVR,AVKR,5560
SIBVR,RIBL,629
SIBVR,AVJL,2831
SIBVR,ASGL,880
SIBVR,RIPR,66
IL1VL,SMBDL,890
IL1VL,URXL,552
IL1VL,RICL,578
IL1VL,RIBL,23
IL1VL,PVCR,196
IL1VL,ADEL,676
IL1VL,RMHL,253
IL1VL,URAVR,1315
IL1VL,IL2VR,202
IL1VL,OLLR,84
URAVR,PVPR,89
URAVR,RMFL,3
URAVR,RICL,293
URAVR,RIGR,136
URAVR,URXR,2023
URAVR,ADLR,287
URAVR,SAADR,179
URAVR,RIAR,262
URAVR,SMBVR,77
URAVR,SIBDR,509
IL2R,ALMR,192
IL2R,ASKR,264
IL2R,HSNR,106
IL2R,ADAR,60
IL2R,SAADL,160
IL2R,RMDVL,709
IL2R,ASER,14
SIADL,ADAR,540
SIADL,RMGL,991
SIADL,SAAVR,321
SIADL,AVFR,190
SIADL,AVAL,560
SIADL,ASKR,175
SIADL,RMDVR,1866
SIADL,RICR,1763
SIADL,URXL,1139
SIADL,ADER,300
SAADR,PVPR,80
SAADR,AVHL,139
SAADR,RMHR,12912
SAADR,AINL,256
SAADR,FLPL,8122
SAADR,ALNL,5574
SAADR,IL2VR,509
SAADR,ALML,2157
SAADR,SMDVR,192
SAADR,RIBL,205
SAADR,IL1VR,301
SAADR,AVDL,103
SAADR,AIZR,99
SAADR,SMDDL,558
SAADR,AIZL,274
ASKL,AWBL,3314
ASKL,ADLR,1988
ASKL,AVFR,4397
ASKL,AVAL,1443
ASKL,RMDL,8
ASKL,AWCR,242
ASKL,ASER,961
CEPVL,RIMR,252
CEPVL,RMEL,566
CEPVL,IL1VR,4446
CEPVL,AWCR,630
CEPVL,PVQL,436
CEPVL,AUAL,587
SMDVL,RMFL,1228
SMDVL,PVCL,369
SMDVL,AWCR,65
SMDVL,SDQR,645
SMDVL,RMGR,1306
SMDVL,AWCL,1023
SMDVL,URXR,172
SMDVL,URBL,56
AIAR,CEPVR,4384
AIAR,AWAL,142
AIAR,PVNL,310
AIAR,RMFR,100
AIAR,SMBDR,5628
AIAR,RIMR,444
AIAR,PVNR,1618
BAGR,IL2VL,2223
BAGR,URAVL,1827
BAGR,AWCL,18
BAGR,AIYR,1084
BAGR,PVCL,451
BAGR,SMBDR,64
BAGR,AVBL,2145
CEPDR,SIBDL,31
CEPDR,RMFL,430
CEPDR,ASIR,146
CEPDR,AWCL,31
CEPDR,AVER,382
CEPDR,RMDDR,528
CEPDR,SMBDR,3090
CEPDR,RMER,42
CEPDR,SAADL,229
CEPVR,RMFL,4642
CEPVR,AVBL,78
CEPVR,AVFR,272
CEPVR,AVJL,65
CEPVR,RIAL,104
CEPVR,ASKR,850
CEPVR,SMDDR,118
CEPVR,HSNL,60
CEPVR,SMBDR,213
CEPVR,SIBDR,1810
OLLR,ADAR,4
OLLR,ALMR,246
OLLR,RMHL,207
OLLR,RMFL,66
OLLR,AVAL,1292
OLLR,ASKR,389
OLLR,AIBL,1057
OLLR,IL1DL,968
BAGL,URBL,271
BAGL,URXR,80
BAGL,RIPR,880
BAGL,AWBR,53
BAGL,ADFR,5087
BAGL,ADFL,12
ADLR,AIBL,214
ADLR,AIAL,509
ADLR,RMHR,270
ADLR,URBR,5798
ADLR,ASIR,2029
ADLR,PVCR,1059
ADLR,IL1VR,190
ADLR,AWCR,15714
ADLR,AVBL,520
ADLR,SIBDR,829
RIPL,PVCL,109
RIPL,ASHL,2234
RIPL,RMDVL,32
AVER,RMFR,444
AVER,AVFL,247
AVER,AINR,4
AVER,SIBDR,92
AVER,PVQR,1347
AVER,RMHR,1089
AVER,FLPR,1900
AVER,AIAL,72
AVER,AIML,784
AVER,AUAL,265
AVER,SMBVL,2716
AVER,AVDR,615
AVER,RIVL,1477
AVKL,ADAR,2876
AVKL,AVBR,2248
AVKL,FLPR,668
AVKL,SMBVR,586
AVKL,PVPL,5224
AVKL,RMDVL,2330
AVKL,SMDVR,103
AVKL,RMEL,80
AVKL,URYVR,317
AVKL,OLQVR,274
AVKL,SIBDR,866
AVKL,FLPL,6960
AVKL,SAADL,905
AVKL,AIZL,113
URXR,OLQDR,785
URXR,PVCL,191
URXR,AWCL,24
URXR,RMHR,1065
URXR,RIPR,7999
URXR,AWBR,920
URXR,ASKR,185
URXR,ADER,3846
URXR,ASIR,310
URXR,RMDVL,1749
URXR,ASGR,189
URXR,RMDL,1085
URXR,AVFL,1635
URXR,RMDVR,1278
URXR,SMDDL,2014
URXR,RIFR,1032
URXR,RMDR,6946
URXR,SMBDR,296
URXR,SIBDR,225
ASIL,AIML,132
ASIL,ADEL,269
ASIL,AIZL,518
ASIL,AFDR,164
RMGR,AWAR,52
RMGR,PVNL,12282
RMGR,AVBR,1728
RMGR,FLPR,3440
RMGR,BDUR,1666
RMGR,PLNL,52
AWCR,AWAR,908
AWCR,OLQDR,279
AWCR,RMFL,1361
AWCR,SAAVR,866
AWCR,URYDR,255
AWCR,ADLL,1703
AWCR,PVQL,1
AWCR,ADFL,72
URYVR,RMEL,340
URYVR,AWAR,93
URYVR,SMDDR,51
URYVR,RMDL,154
RIMR,AWAR,16
RIMR,SDQR,887
RIMR,BDUR,162
RIMR,RIVL,133
AVHR,RIAL,247
AVHR,PVNL,1425
AVHR,RIGL,2693
AVHR,AIML,251
AVHR,AVKR,1302
AVHR,AIBL,185
AVHR,ASJR,133
AVHR,ASKR,305
AVHR,AVFL,3933
AVHR,ASEL,235
RMDVR,URADR,372
RMDVR,ADAR,158
RMDVR,ALNL,914
RMDVR,SMBVR,2750
RMDVR,AVJL,129
RMDVR,SDQR,239
RMDVR,ASEL,284
RMDVR,RICL,1858
RMDVR,PVCR,283
RMDVR,AVDL,998
RMDVR,SMDDR,993
RMDVR,RIBR,966
RMDVR,SIBDR,5707
RICR,SAAVR,633
RICR,ALML,748
RICR,AIBL,659
RICR,AIBR,7936
RICR,IL2L,446
RICR,URYDR,53
RICR,HSNR,144
URYVL,RIFL,39
URYVL,IL1L,3643
URYVL,AINR,147
URYVL,RIML,1861
URYVL,ASHL,845
URYVL,AIZL,129
RMDR,AVFL,1518
RMDR,SMBDL,23
RMDR,OLQDR,446
RIBR,ASKR,222
RIBR,ASEL,46
RIBR,RICL,82
SAADL,PVNL,1782
SAADL,AVBR,179
SAADL,RICL,82
SAADL,SMBDR,1013
RIFR,AWBL,790
RIFR,OLQDR,329
RIFR,SIBDR,242
RIFR,ASGR,1204
RIFR,AIBL,892
RIFR,ASJR,548
RIFR,PVCR,1332
RIFR,URYDR,170
RIFR,SMBDR,986
RIFR,RIPR,628
RIFR,OLQVR,203
RIFR,AIZL,244
SIBDR,PVPR,256
SIBDR,RMDVL,6734
SIBDR,AIYR,1564
SIBDR,AIBR,3989
SIBDR,AVKR,608
SIBDR,IL2VR,443
SIBDR,SAAVR,1534
SIBDR,RMHL,716
SIBDR,AVFR,447
SIBDR,SDQL,5027
SIBDR,IL1VR,730
SIBDR,AIML,612
SIBDR,HSNL,35
SIBDR,PLNL,12646
SIBDR,OLQVR,4005
SIBDR,RIPR,481
IL2VL,SMBDL,366
IL2VL,PVCR,54
IL2VL,PVCL,6
IL2VL,AVBR,359
URADR,RMDDR,97
URADR,PVNL,287
URADR,AVBR,70
RMFL,OLQDR,640
RMFL,AIYR,373
RMFL,IL2VR,252
RMFL,AINL,1000
RMFL,ASEL,5266
RMFL,SDQR,6525
RMFL,URYDR,823
RMFL,IL1VR,332
RMFL,AIZR,537
RMFL,RMER,84
RMFL,RIAR,195
RMFL,ASIR,50
RMFL,ASER,177
RMFL,ADER,4464
AVHL,RICL,608
AVHL,AIYR,13
AVHL,ALNL,172
AVHL,FLPR,10
AVHL,SIADR,867
AVHL,AWAR,273
AVHL,HSNR,715
AVHL,HSNL,927
AVHL,URADL,323
URAVL,SMBDL,700
URAVL,RICL,423
URAVL,PVCR,77
URAVL,PVCL,276
RMHR,ALML,22
RMHR,RMDVL,12
RMHR,AIBR,71
RMHR,AVDL,1033
RMHR,IL2L,361
RMHR,PLNL,653
AINL,SMDVR,856
AINL,SMDDR,44
URBL,RMEL,1865
URBL,RIPR,238
URBL,AVFR,13
URBL,AINR,981
URBL,IL1DL,263
URBL,AVAL,11
URBL,ASER,51
FLPR,RIAL,230
FLPR,AIMR,558
FLPR,BDUR,6664
FLPR,AVBR,524
FLPR,AIYR,970
FLPR,HSNR,416
FLPR,RMHL,1622
FLPR,SIAVL,114
FLPR,SMBDR,1620
FLPR,RIVL,140
ASHR,AWBL,866
ASHR,AWAL,206
ASHR,RIFL,450
ASHR,URBR,1307
ASHR,AIAL,15
AIAL,PVQR,327
AIAL,AVBR,2550
AIAL,AIBR,1066
AIAL,AVFR,1394
AIAL,RMGL,2226
AIAL,ASIR,667
AIAL,AVFL,4371
AIAL,AIZR,23
RMHL,ADEL,466
RMHL,SMBVR,19408
RMHL,RMFR,4092
RMHL,SDQR,9630
RMHL,RIGL,98
RMHL,PVCR,94
PLNR,FLPL,3152
PLNR,SMDDL,91
BDUL,SMDVR,24
BDUL,AVFL,2966
BDUL,PVQL,594
BDUL,RICL,664
BDUL,RMDL,881
BDUL,AVKR,354
SMBVR,AIBR,475
SMBVR,IL2VR,325
SMBVR,IL1VR,74
SMBVR,ASKR,1739
SMBVR,PVCR,2377
RMFR,ADAR,2413
RMFR,ALNL,86
RMFR,PVCL,164
RMFR,AVBL,854
RMFR,SMBVL,7014
RMDVL,SDQR,5166
RMDVL,RIML,140
RMDVL,AWCL,2668
RMDVL,ALNL,36
RMDVL,SMDDR,2861
RMDVL,AIBR,391
RMDVL,SMBDR,168
SMDVR,RIFL,118
SMDVR,AVFL,3058
SMDVR,PVNL,4760
SMDVR,AIBR,635
SMDVR,SDQR,3950
SMDVR,AVDL,1648
AVKR,AIMR,2236
AVKR,OLQDR,914
AVKR,AVFL,4546
AVKR,ALNL,139
AVKR,RMGL,334
AVKR,AVFR,1296
AVKR,RIBL,935
AVKR,RIAR,4
AVKR,IL2DL,82
ASIR,ADAR,228
ASIR,RIVR,610
ASIR,AUAR,1342
ASKR,AVBR,64
ASKR,SIBDL,120
ASKR,URYDR,6
ASKR,PVNR,1836
ASKR,ASJL,1674
ASKR,ADAR,240
ASKR,AVDR,65
ASKR,RIAR,82
AIBR,AWAL,228
AIBR,AVDR,1799
AIBR,PVQR,95
SIBDL,AIZL,400
SIBDL,PVPR,780
SIBDL,ALMR,11101
SIBDL,AVFR,297
SIBDL,ALNL,53
SIBDL,SIAVR,886
RIBL,AVDR,1889
RIBL,SIADR,1034
RIBL,RMDL,325
RIBL,URADL,127
IL2L,AVFR,7
IL2L,ASER,1074
IL2L,SIAVL,124
AUAR,AIMR,61
AUAR,PVPR,158
AUAR,RIVR,658
AUAR,RIGL,77
AUAR,AVDR,198
AUAR,ASGR,534
HSNR,PVNL,43483
HSNR,ALMR,658
HSNR,SAAVR,297
HSNR,PVCL,1047
HSNR,IL1R,360
HSNR,ADFL,1359
HSNR,FLPL,12
AUAL,AIYR,220
AUAL,AWBR,197
AUAL,AIBL,606
AUAL,AIZR,222
AUAL,URADL,282
AUAL,ASHL,470
AUAL,AFDR,40
ASJL,AIMR,616
ASJL,PVQR,1482
ASJL,RIML,76
ASJL,SMDDR,506
ASJL,SMBVL,3665
ASJL,AVAL,421
AIZR,PVPR,382
AIZR,AWBL,526
AIZR,AVDR,2421
AIZR,AVDL,214
AIZR,ADFL,38
AVBL,BDUR,1706
AVBL,SIADR,422
AVBL,SMBDL,720
AVBL,RIAR,161
SMBVL,AVBR,5031
SMBVL,ALNL,695
SMBVL,AVFR,6029
SMBVL,ALML,3073
SMBVL,SDQR,180
SMBVL,AVAL,88
SMBVL,AVFL,5854
OLQVR,AWAR,287
OLQVR,AVBR,97
OLQVR,PLNL,2030
ADFL,PVPR,339
ADFL,AWCL,696
ADFL,AIBL,888
ADFL,ASGL,1478
ADFL,SIAVL,997
ASGL,PVQL,392
AIZL,PVPR,585
AIZL,AIML,196
AIZL,AVAR,583
AIZL,ADLL,91
AIZL,HSNL,1361
URADL,URXL,1423
URADL,AINR,267
RIAR,ASEL,1648
RMDDR,PVNL,88
RMDDR,AVFR,370
RMDDR,SDQR,960
RMDDR,URYDR,124
RMDDR,RIPR,279
FLPL,RIAL,902
FLPL,PVPR,1350
FLPL,BDUR,516
FLPL,RICL,6622
FLPL,RIGR,8024
FLPL,RIML,3730
FLPL,SDQR,4288
FLPL,SIADR,20
SIAVR,AVBR,654
SIAVR,PVCL,3872
SIAVR,AVJL,403
SIAVR,IL1R,292
SIAVR,RIGR,506
SIAVR,AVDL,4721
AIMR,PVCL,1260
AIMR,ADER,130
AIMR,AVAR,288
AIMR,PVCR,882
AIMR,PVNR,729
AIMR,ASER,232
ADAR,PLNL,248
ADAR,PVCL,872
ADAR,SDQR,386
ADAR,SIADR,2608
ADAR,ASGR,77
ADAR,HSNL,152
AWAL,AIYR,363
AWAL,ASER,69
IL2DL,AFDL,301
IL2DL,AVDL,97
PVNL,PVQR,12742
PVNL,ADER,576
PVNL,AVAR,374
PVNL,SDQR,5749
PVNL,RMDL,582
PVNL,RICL,898
PVNL,SIAVL,3168
ADEL,AVFR,1032
ADEL,AINR,789
ADEL,IL1DL,255
ADEL,AVFL,1478
ADEL,SMBDL,548
ADEL,SIAVL,519
ADEL,ASER,371
AVBR,RIFL,2605
AVBR,ALML,3
AVBR,PVQR,97
AVBR,OLQDR,36
AVBR,AIML,1314
AVBR,SMBDL,743
OLLL,RIAL,107
OLLL,RIPR,135
OLLL,AVJL,92
OLLL,AFDL,373
ALNL,RIAL,483
ALNL,SAAVR,895
ALNL,AVAL,188
ALNL,AVFR,6
AFDL,URXL,1278
AFDL,ASHL,101
AFDL,AIYR,469
AFDL,RIAL,97
AFDL,RIVL,537
AWBR,ALMR,515
AWBR,AVJL,104
AWBR,AVFL,1869
AWBR,RICL,290
SAAVR,PVQR,113
SAAVR,SDQR,6511
SAAVR,RMGL,398
SAAVR,IL1R,646
SAAVR,AVDL,1176
SAAVR,SIAVL,2206
ADER,SMBDL,4281
ADER,AVDL,832
AVFR,RIML,783
AVFR,ALMR,2
AVFR,SMBDL,424
AVFR,PVCL,677
AVFR,SIADR,266
AVFR,ADLL,2076
AVFR,PVCR,179
AVFR,SMDDR,176
AVFR,SIAVL,3508
AVFR,ASER,1558
ALML,RICL,234
ALML,PVCR,4785
ALML,AVAR,183
SDQR,RIFL,25
SDQR,ADLL,913
SDQR,RMDL,115
SDQR,RIVR,16499
SDQR,SIAVL,8619
SDQL,RMDL,540
RIAL,RICL,4
RMEL,IL1VR,689
RMEL,RMDL,820
BDUR,OLQDR,340
BDUR,RIFL,346
BDUR,AVAL,1158
AINR,AIYR,118
AINR,AVJL,410
AINR,OLQVL,412
AINR,RIGR,224
AINR,AVDL,1574
AINR,ADLL,712
AINR,AVDR,118
AWAR,RIGR,1552
AWAR,AWBL,410
URYDR,AWCL,216
URYDR,AVJL,391
URYDR,SMBDR,1563
IL1DL,RIPR,524
IL1DL,ASER,686
ADFR,PVPR,14232
ADFR,PVCR,327
ADFR,AVAR,337
IL1VR,AVAL,658
ASGR,HSNL,1268
AVFL,AWBL,2700
AVFL,AVAR,5145
AVFL,AVDL,767
AVFL,PVPL,3192
AVFL,SIAVL,5062
ASHL,AVAR,354
ASHL,OLQVL,457
PLNL,RMDL,45
PLNL,ASER,720
PLNL,ASJR,372
PLNL,AVAL,1179
PVQL,AVAR,640
PVQL,ASER,118
AVAL,RIGL,41
ASEL,RIVR,605
PVNR,PVQR,14710
PVNR,URXL,449
PVNR,ASJR,312
PVNR,RMDL,803
PVQR,PVCR,192
PVQR,PVCL,993
PVQR,AVDR,49
PVPR,AVDR,454
PVPR,RICL,15
PVPR,AVJL,3088
PVPR,SMBDR,930
RIFL,AVAR,8816
AWBL,AIYR,391
AWBL,AWCL,768
AWBL,PVCR,204
OLQDR,ASJR,512
OLQDR,RMDL,91
OLQDR,SMDDL,4589
AWCL,IL1L,210
AWCL,RIVL,553
ALMR,SMDDL,1075
AIYR,RIVR,44
AIYR,PVCR,1612
AIYR,SMBDR,8982
AIYR,PVCL,1300
URBR,AVJL,2157
URBR,RIVR,745
URBR,RMDL,2229
RMGL,AVAR,2114
RMGL,SMBDR,828
PVCL,RIPR,1157
PVCL,RIML,3154
PVCL,RIGR,942
PVCL,SMBDR,458
RIGL,ADLL,214
AIML,ADLL,101
SIADR,SMDDL,4519
AVAR,ADLL,444
AVAR,RMDL,259
AVAR,HSNL,158
AVJL,RIPR,92
AVJL,ASJR,354
AVJL,HSNL,3085
IL1L,RIPR,765
SMBDL,ASJR,525
ADLL,RIML,2870
ADLL,SIAVL,503
ADLL,ASER,18367
RICL,PVCR,5754
PVCR,ASJR,9
PVCR,SMBDR,74
OLQVL,SIAVL,41
RIGR,SIAVL,256
AVDL,HSNL,166
AVDL,RIPR,206
PVPL,SIAVL,616
HSNL,URXL,1150
SMBDR,AVDR,1970
AVDR,RIVL,2329
