SAAVL,RMFR,11.0
SAAVL,OLLR,1.0
SAAVL,SMDVL,1.0
AVJR,RID,1.0
AVJR,AVDR,2.0
AVJR,AVAL,1.0
AVJR,FLPR,2.0
AVJR,ALML,3.0
AVJR,AVJL,1.0
AVJR,AVM,1.0
IL1DR,URYDR,2.0
IL1DR,OLLR,1.0
IL1DR,IL1DR,1.0
IL1DR,IL1R,2.0
ALNR,RIML,5.0
ALNR,ADER,1.0
ALNR,AVAL,6.0
ALNR,SMDDR,1.0
ALNR,SMDVL,1.0
SIBVL,SMBDR,1.0
SIBVL,PVPL,1.0
IL2DR,CEPDR,2.0
IL2DR,RICR,2.0
IL2DR,RIPL,1.0
IL2DR,RICL,1.0
OLQDL,CEPDL,3.0
OLQDL,URYDL,3.0
OLQDL,RMED,1.0
OLQDL,RMDDL,1.0
AVEL,ALML,1.0
AIYL,AWCR,3.0
AIYL,HSNR,1.0
AIYL,AWCL,5.0
AIYL,RIR,1.0
AIYL,RIH,1.0
AIYL,AIBL,3.0
AIBR,RIAL,3.0
AIBR,DVA,1.0
AIBR,AQR,1.0
AIBR,AVEL,4.0
AIBR,SIBDL,1.0
AIBR,AIYR,1.0
AIBR,ADLR,1.0
AIBR,AUAL,1.0
AIBR,RICR,1.0
AIBR,AIAR,1.0
AIBR,AWCR,1.0
AIBR,SIBDR,1.0
URYDL,SMDDL,2.0
URYDL,AIZL,1.0
URYDL,OLLL,3.0
RMDDL,RIAL,1.0
RMDDL,RMHL,1.0
RMDDL,IL1R,9.0
RMDDL,AVER,1.0
RMDDL,IL1DR,2.0
RMDDL,RMEV,2.0
RMDDL,CEPVL,2.0
SIBVR,RID,1.0
SIBVR,AVDR,1.0
IL1VL,RMHL,1.0
IL1VL,URYVL,4.0
IL1VL,AVL,1.0
IL1VL,IL1VL,5.0
URAVR,URYVR,1.0
URAVR,ADAR,1.0
URAVR,PVT,3.0
URAVR,RIH,1.0
URAVR,IL2VR,3.0
SIADL,ALNR,4.0
SIADL,AVFR,1.0
SIADL,RMDL,4.0
SAADR,RMGL,1.0
SAADR,RMFR,1.0
SAADR,SMBDR,2.0
SAADR,AIBL,1.0
SAADR,AVAL,1.0
SAADR,PLNR,1.0
SAADR,SMBVR,1.0
SAADR,SMDVL,5.0
IL2R,RMGR,1.0
IL2R,URBR,3.0
IL2R,OLLR,5.0
IL2R,URADR,2.0
CEPVL,URXL,2.0
CEPVL,SMDVR,1.0
CEPVL,RMGL,2.0
CEPVL,RMDVR,8.0
CEPVL,RIBL,3.0
CEPVL,RMHR,5.0
SMDVL,ALNL,2.0
SMDVL,PVR,1.0
SMDVL,RMEV,1.0
SMDVL,IL2L,1.0
SMDVL,RIBR,1.0
SMDVL,SIADR,1.0
SMDVL,RIVL,6.0
AIAR,ASIR,2.0
AIAR,AWAR,4.0
AIAR,AIAR,1.0
RIMR,RIS,2.0
RIMR,ADAR,15.0
RIMR,AVJL,6.0
RIMR,SMDVL,2.0
BAGR,OLQVL,2.0
BAGR,AIYL,3.0
BAGR,RIBR,1.0
BAGR,SMDVL,1.0
BAGR,AQR,3.0
AWCL,RIAL,6.0
AWCL,AFDL,2.0
AWCL,AVAL,1.0
AWCL,AIZL,1.0
AWCL,SMDVL,1.0
AWCL,ASGR,1.0
RMGL,RIFL,1.0
RMGL,SIBVL,4.0
RMGL,CEPDL,1.0
RMGL,ADLL,1.0
RMGL,RMHR,4.0
RMGL,SIBVR,3.0
RMGL,RID,2.0
RMGL,AIBR,2.0
RMGL,SMDDR,2.0
RMGL,SMDDL,1.0
RMGL,RMHL,1.0
RMGL,SIADL,2.0
RMGL,AVAL,3.0
RMGL,SAADL,1.0
RMGL,AVFR,1.0
CEPVR,RIAL,1.0
CEPVR,ADLR,3.0
CEPVR,SMDDR,2.0
CEPVR,RIVL,2.0
CEPVR,CEPDR,1.0
CEPVR,IL2VR,3.0
CEPVR,ASGR,2.0
OLLR,SMDVR,4.0
OLLR,RMDL,9.0
OLLR,RIS,2.0
OLLR,OLQDR,1.0
OLLR,IL1DR,1.0
OLLR,IL2R,1.0
OLLR,RMED,1.0
BAGL,AIZR,2.0
BAGL,AUAR,2.0
BAGL,RIVR,2.0
BAGL,RIPR,1.0
BAGL,CEPVR,2.0
BAGL,AIBL,2.0
BAGL,URAVR,1.0
BAGL,RID,3.0
BAGL,RIGL,3.0
BAGL,ADFR,1.0
BAGL,URXR,1.0
BAGL,AINL,1.0
BAGL,AVEL,2.0
URYVR,RMDL,2.0
URYVR,SMBDR,1.0
URYVR,AVL,5.0
URYVR,AVAL,2.0
URYVR,SIBDR,4.0
AVER,OLLL,1.0
AVER,CEPDL,1.0
AVER,URXR,1.0
AVER,RIMR,1.0
AVER,AIZR,1.0
AVKL,RMFL,2.0
AVKL,SAADL,1.0
AVKL,AVBL,2.0
AVKL,AVER,2.0
AVKL,AVEL,4.0
AVKL,SIAVR,1.0
AVKL,SIBDR,2.0
AVKL,RIVL,5.0
URXR,ADLR,3.0
URXR,ALMR,1.0
URXR,URBR,8.0
URXR,RMDDL,2.0
URXR,RIPR,10.0
URXR,AWBR,2.0
URXR,AVBL,2.0
URXR,RIFR,3.0
URXR,SIADL,2.0
URXR,RMDR,8.0
URXR,SMBVR,7.0
URXR,SIAVR,4.0
ASIL,RIAL,3.0
ASIL,RMFL,1.0
ASIL,SAAVL,2.0
ASIL,AWAR,2.0
ASIL,CEPVR,1.0
ASIL,AIYR,2.0
ASIL,RIBL,1.0
ASIL,ADFL,1.0
ASIL,ASKL,4.0
ASIL,AIYL,3.0
ASIL,AIZL,1.0
RMGR,RIR,1.0
RMGR,ALNR,3.0
RMGR,ALMR,1.0
RMGR,RIGR,2.0
RMGR,AVBR,3.0
RMGR,AVDL,2.0
RMGR,SAAVR,1.0
RMGR,AVJL,4.0
RMGR,ADER,2.0
RMGR,OLLR,1.0
RMGR,IL2R,2.0
RMGR,SAADL,3.0
AWCR,RIAL,3.0
AWCR,ASHR,1.0
AWCR,ADFR,1.0
AWCR,IL2L,2.0
AWCR,RIVL,3.0
AWCR,ASIL,2.0
AWCR,ASER,5.0
AWCR,AIYL,12.0
AWCR,ASGR,3.0
ADLR,CEPVR,1.0
ADLR,SIBVL,1.0
ADLR,ADLR,3.0
ADLR,RICL,1.0
ADLR,URXR,7.0
ADLR,URBR,6.0
ADLR,RICR,5.0
ADLR,AVBL,3.0
ADLR,RIFR,2.0
ADLR,OLLR,1.0
ADLR,PVCL,3.0
IL2VR,RMED,2.0
IL2VR,ADLR,1.0
IL2VR,AVAL,1.0
IL2VR,SIADR,1.0
IL2VR,URXR,1.0
RMDVR,SMBDR,1.0
RMDVR,IL1DR,1.0
RMDVR,RMDVR,2.0
RMDVR,URAVL,8.0
RMDVR,RIAR,1.0
RMDVR,AVAR,1.0
RMDVR,SIBVR,1.0
RICR,SMDVR,3.0
RICR,RMGL,1.0
RICR,AVKR,1.0
RICR,AIBL,2.0
RICR,CEPDL,1.0
RICR,URBR,2.0
RICR,AIBR,2.0
RICR,AIZL,6.0
URYVL,OLLL,9.0
URYVL,AVJR,1.0
URYVL,RIH,2.0
URYVL,SIBVL,1.0
URYVL,RID,3.0
URYVL,RIS,1.0
URYVL,OLQVL,9.0
URYVL,URXL,2.0
URYVL,AVDR,2.0
RMDR,SMDDR,1.0
RMDR,RMGL,1.0
RMDR,OLLR,2.0
RMDR,AVKR,1.0
RMDR,SIAVL,1.0
RIBR,SMDVR,2.0
RIBR,RMDVR,1.0
RIBR,RMED,1.0
RIBR,RIH,2.0
RIBR,URYVR,2.0
RIBR,AIZR,2.0
RIBR,SMDDL,2.0
RIBR,OLLR,1.0
RIBR,AINL,1.0
SAADL,RIGL,1.0
SAADL,RMDVR,1.0
SAADL,SIBVR,1.0
AIZL,URYDL,3.0
AIZL,AVKR,4.0
AIZL,AFDL,1.0
AIZL,RICR,11.0
AIZL,RIGL,4.0
AIZL,AWCR,2.0
AIZL,SMDVL,3.0
IL2VL,BAGR,1.0
IL2VL,IL2L,1.0
IL2VL,DVC,1.0
URADR,URYDR,1.0
RMFL,RMHL,2.0
RMFL,PVT,3.0
RMFL,BAGL,1.0
RMFL,SMDVL,1.0
RMFL,RIS,1.0
RMFL,RIBR,1.0
RMFL,SAAVR,1.0
RMFL,RIMR,2.0
AVHL,BDUR,1.0
AVHL,ASHR,1.0
AVHL,RIMR,1.0
AVHL,RIFR,1.0
AVHL,ADFR,5.0
URAVL,AVER,1.0
URAVL,RIBL,1.0
URAVL,DVC,1.0
URAVL,CEPVL,1.0
RMHR,RMHL,3.0
RMHR,AIBR,3.0
RMHR,RMDR,1.0
RMHR,RMGL,8.0
RMHR,CEPVL,1.0
RMHR,RMER,4.0
RMHR,SMDDL,3.0
AINL,SAAVL,3.0
AINL,RMFL,1.0
AINL,RIBL,2.0
AINL,ASIL,11.0
AINL,RMDVL,3.0
URBL,URYDL,1.0
URBL,URBL,1.0
URBL,RMDDR,2.0
URBL,RMHR,5.0
FLPR,AVJR,2.0
FLPR,ADAL,1.0
FLPR,ADAR,1.0
FLPR,PVCL,2.0
FLPR,AVER,10.0
FLPR,AVEL,38.0
FLPR,FLPL,14.0
FLPR,AVBR,17.0
ASHR,RMGR,6.0
ASHR,PVPR,1.0
ASHR,AWBL,1.0
ASHR,ASHR,2.0
ASHR,PVCL,3.0
ASHR,AWAR,1.0
ASHR,HSNL,4.0
ASHR,AVER,7.0
ASHR,SMBVR,7.0
RMER,RMHR,3.0
RMER,RMER,5.0
AIAL,RMGL,2.0
AIAL,ASHL,1.0
AIAL,RIR,2.0
AIAL,PVQL,1.0
AIAL,ASJL,4.0
AIAL,ADFL,2.0
AIAL,AIML,6.0
AIAL,ASER,10.0
RMHL,RID,1.0
RMHL,RICL,1.0
RMHL,IL1R,2.0
RMHL,SAAVL,1.0
RMHL,RMDDL,2.0
RMHL,AVAR,1.0
RMHL,URXR,1.0
RMHL,RICR,1.0
PLNR,SAAVL,1.0
PLNR,RMDVL,1.0
BDUL,ADAL,3.0
BDUL,AVHL,2.0
BDUL,RIFL,2.0
SMBVR,RMGR,3.0
SMBVR,ADLR,2.0
SMBVR,RMDL,2.0
SMBVR,CEPVR,8.0
SMBVR,RMDR,3.0
SMBVR,RIAR,1.0
RMFR,RMDR,1.0
RMFR,RIH,1.0
RMDVL,RMDR,2.0
RMDVL,IL2VR,1.0
RMDVL,AVER,2.0
RMDVL,RMDVR,1.0
RMDVL,URYVR,1.0
RMDVL,SIBDR,1.0
SMDVR,RIML,1.0
SMDVR,AIBR,1.0
SMDVR,AVER,1.0
SMDVR,RMED,9.0
SMDVR,AVAR,1.0
AVKR,SMDVR,1.0
AVKR,SMDDR,3.0
AVKR,RMDL,1.0
AVKR,RMGL,2.0
AVKR,RMFL,2.0
AVKR,SMBDL,5.0
AVKR,RIGL,1.0
AVKR,SIADL,5.0
AVKR,AVKL,5.0
AVKR,RMHR,1.0
ASIR,CEPVR,1.0
ASIR,ASHR,3.0
ASIR,AWAR,1.0
ASIR,ADLR,1.0
ASIR,AIAL,1.0
ASIR,ASER,3.0
ASKR,ADLR,3.0
ASKR,CEPVR,2.0
ASKR,AWAR,2.0
ASKR,AIAL,1.0
ASKR,RIFR,1.0
ASKR,HSNL,2.0
ASKR,ASGR,1.0
ASKR,ALA,1.0
ASKR,ASER,1.0
CEPDL,CEPDR,1.0
CEPDL,RIS,3.0
CEPDL,RIPL,8.0
CEPDL,IL2DL,1.0
CEPDL,AINL,2.0
CEPDL,RMDDL,2.0
CEPDL,ALML,2.0
CEPDL,SIADR,4.0
CEPDL,AFDL,2.0
CEPDL,SIBDR,2.0
RIBL,RIML,1.0
RIBL,URYDL,3.0
RIBL,RMDR,1.0
RIBL,CEPVL,5.0
RIBL,DVC,1.0
RIBL,AVDR,4.0
IL2L,RICL,1.0
AUAR,AINR,1.0
AUAR,AINL,1.0
HSNR,RIML,1.0
HSNR,BDUR,2.0
HSNR,AVHL,2.0
HSNR,AIBL,2.0
HSNR,RMDDR,1.0
HSNR,AIAL,3.0
HSNR,AVHR,2.0
HSNR,RMGR,1.0
HSNR,AVJL,3.0
HSNR,PVNR,1.0
AUAL,AIBR,1.0
AUAL,DVA,2.0
AUAL,ADFL,1.0
AUAL,AVDR,2.0
ASJL,CEPDL,1.0
ASJL,HSNR,1.0
ASJL,ASKR,2.0
ASJL,ALA,3.0
AIZR,AWCR,2.0
AIZR,SMDDR,4.0
AIZR,AWAR,1.0
AIZR,SIADR,1.0
AVBL,DVA,2.0
AVBL,AVAR,5.0
AVBL,PVCR,2.0
AVBL,AVBR,2.0
AVBL,SDQL,1.0
RIFR,AVFL,1.0
RIFR,ADLR,1.0
RIFR,HSNR,3.0
RIFR,AVJR,1.0
RIFR,CEPVR,2.0
RIFR,ASHR,6.0
RIFR,URXR,3.0
RIFR,RIPR,2.0
RIFR,RIAR,1.0
RIFR,AWBR,2.0
RIFR,HSNL,2.0
RIFR,PVCR,1.0
RIFR,PVCL,1.0
RIFR,AIZL,1.0
RIFR,RIFL,1.0
OLQVR,RMER,2.0
OLQVR,IL1VR,2.0
OLQVR,RIPR,18.0
OLQVR,RIH,18.0
ADFL,AWCR,2.0
ADFL,AIBR,1.0
ADFL,ADLL,1.0
ADFL,AIBL,2.0
ADFL,AIAL,2.0
ADFL,RIBL,4.0
ADFL,RIGR,1.0
ADFL,SMDVL,1.0
ADFL,RIVL,1.0
ASGL,AINR,3.0
ASGL,ASKL,3.0
URADL,RIH,3.0
RIAR,AUAR,2.0
RIAR,ADFR,2.0
RIAR,IL1R,2.0
RIAR,CEPVL,1.0
RIAR,SMBDR,2.0
RIAR,CEPVR,1.0
RIAR,RIAR,3.0
RIAR,SMBVR,2.0
RMDDR,RMDDL,1.0
FLPL,ADER,5.0
FLPL,AIBR,4.0
FLPL,RIS,1.0
FLPL,AIBL,5.0
SIAVR,RMDL,1.0
AFDR,AFDL,1.0
AIMR,AIMR,1.0
AIMR,CEPVR,1.0
AIMR,OLQDR,1.0
AIMR,ADFR,2.0
AIMR,ALA,2.0
AIMR,HSNR,3.0
AIMR,HSNL,3.0
AIMR,RMDR,1.0
AIMR,BDUR,2.0
AIMR,AVAR,1.0
AIMR,PVNR,1.0
ADAR,URYDR,2.0
ADAR,RIVR,5.0
ADAR,ASHR,2.0
ADAR,RIFR,1.0
ADAR,AVEL,1.0
AWAL,ASHL,2.0
AWAL,ADAL,2.0
IL2DL,AUAL,2.0
IL2DL,RIH,2.0
IL2DL,RIBL,1.0
IL2DL,RMHL,1.0
IL2DL,IL2DL,2.0
IL2DL,AVBR,2.0
PVNL,BDUL,7.0
PVNL,PVNR,4.0
PVNL,AVJR,5.0
ADEL,RIFL,1.0
ADEL,RIVR,3.0
ADEL,AVHL,1.0
ADEL,ADEL,2.0
ADEL,RMHR,2.0
ADEL,SMBDR,1.0
ADEL,RIH,4.0
ADEL,BDUL,1.0
ADEL,SMBVL,2.0
ADEL,RMHL,1.0
ADEL,RMER,4.0
ADEL,AVL,1.0
ADEL,SAADR,1.0
ADEL,ALML,1.0
ADEL,SIADR,1.0
ADEL,SIBDR,2.0
ADEL,RIVL,2.0
AVBR,AIBR,1.0
AVBR,AVAR,1.0
AVBR,AVJL,2.0
AVBR,AVDL,1.0
OLLL,URYDL,2.0
OLLL,URYVL,1.0
SMBVL,AVFL,1.0
SMBVL,RMDVR,1.0
SMBVL,AVJR,1.0
SMBVL,AIML,1.0
SMBVL,AVBR,1.0
SMBVL,PVPL,1.0
ALNL,RIAL,1.0
ALNL,RMDDR,1.0
ALNL,RMGL,1.0
ALNL,RMHL,1.0
ALNL,SMDVL,1.0
ALNL,SIADR,1.0
AFDL,AWBL,4.0
AFDL,AINR,3.0
AFDL,AFDL,1.0
AFDL,AIBL,1.0
AWBR,URYVR,1.0
AWBR,RIR,7.0
AWBR,OLQVR,1.0
AWBR,AIMR,1.0
AWBR,RIFR,1.0
AWBR,ASGR,1.0
AWBR,HSNL,2.0
SAAVR,SAAVR,1.0
SAAVR,ASIR,1.0
SAAVR,ALNR,1.0
SAAVR,RMEV,1.0
SAAVR,RIPL,12.0
SAAVR,IL1DL,12.0
SAAVR,RIAR,1.0
SAAVR,AVBL,1.0
ADER,SMDVR,1.0
ADER,AVJR,1.0
ADER,ALNR,1.0
ADER,URXR,2.0
ADER,RMDL,1.0
ADER,ASIR,1.0
AVFR,RMGL,1.0
AVFR,RMDDL,1.0
AVFR,ASHR,1.0
AVFR,PVQL,1.0
AVFR,AIAL,1.0
AVFR,AIML,1.0
AVFR,AVBL,6.0
AVFR,AVJL,2.0
ALML,RIFL,2.0
ALML,RMGL,3.0
ALML,ALML,1.0
ALML,RICR,3.0
ALML,RICL,2.0
ALML,AVDR,3.0
ALML,PVCR,4.0
ALML,AVEL,3.0
ALML,AIML,1.0
ALML,SMBDR,2.0
ALML,SDQL,2.0
SDQR,RICR,3.0
SDQR,ADLL,1.0
SDQR,RMHL,15.0
SDQR,ALML,1.0
SDQR,RMHR,7.0
SDQR,SDQL,4.0
SDQL,RMFL,3.0
SDQL,RIS,8.0
SDQL,PVCL,1.0
SDQL,SIBVL,1.0
SDQL,SAADR,2.0
SDQL,AVEL,1.0
SDQL,ALML,1.0
SDQL,AVAL,10.0
SDQL,FLPL,3.0
SDQL,AVDL,3.0
SDQL,RIPR,1.0
RIAL,URXL,2.0
RIAL,RIR,3.0
RIAL,CEPDL,1.0
RIAL,AQR,4.0
RIAL,RIMR,2.0
RIAL,RIML,2.0
RIAL,SMBDR,7.0
RIAL,BAGR,2.0
RIAL,AIZL,1.0
RMEL,OLLR,1.0
RMEL,RIPR,1.0
RMEL,RMEV,1.0
AVHR,ADLR,3.0
AVHR,DVA,1.0
AVHR,AQR,1.0
AVHR,RIGL,1.0
AVHR,ASKR,1.0
AINR,URXL,2.0
AINR,CEPDL,2.0
AINR,AWCL,2.0
AINR,AINR,1.0
AINR,AIBL,2.0
AINR,AUAR,2.0
AINR,AFDR,3.0
AINR,ASEL,1.0
AINR,URXR,2.0
AINR,AINL,1.0
AWAR,AUAR,1.0
AWAR,RIGR,6.0
AWAR,RIR,2.0
AWAR,RIFR,6.0
AWAR,ADFR,12.0
AWAR,AIAR,3.0
AWAR,ASIL,2.0
URYDR,SMDVR,3.0
URYDR,AWCL,1.0
URYDR,RMED,7.0
URYDR,CEPDR,3.0
URYDR,AVBL,1.0
URYDR,URXR,1.0
IL1DL,RMEL,1.0
ADFR,AVHL,1.0
ADFR,PVPR,1.0
ADFR,AWCR,1.0
ADFR,BAGL,6.0
ADFR,AWAR,1.0
ADFR,URYVR,2.0
ADFR,ADFR,1.0
ADFR,AIYR,2.0
ADFR,ASHR,10.0
ADFR,RIH,2.0
ADFR,OLQVR,1.0
IL1R,RMDDL,8.0
IL1R,RMHL,3.0
IL1R,AVER,5.0
IL1R,RMDR,4.0
IL1R,URXR,1.0
IL1VR,IL2VR,2.0
IL1VR,OLLR,1.0
ASKL,ASER,4.0
ASKL,ASJL,1.0
ASGR,AIYR,1.0
ASGR,ASER,3.0
AVFL,SMBVL,1.0
AVFL,RIFR,1.0
AVFL,RIFL,1.0
AVFL,AIML,1.0
AVFL,PVQL,1.0
AVFL,AVJL,1.0
ASHL,URXL,2.0
ASHL,AVFL,2.0
ASHL,RIML,7.0
ASHL,RIR,4.0
ASHL,RIPL,4.0
ASHL,ASKL,1.0
ASHL,AVAR,1.0
ASHL,AIZL,3.0
SMDDR,ALNL,1.0
SMDDR,ALNR,2.0
SMDDR,ASJL,1.0
SMDDR,AIZR,2.0
SMDDR,RIBL,1.0
SMDDR,ASGL,1.0
PVQL,HSNL,4.0
PVQL,HSNR,8.0
PVQL,ASJL,4.0
AVAL,RIAL,3.0
AVAL,AVDR,1.0
ASEL,RIR,1.0
ASEL,AWBL,1.0
ASEL,OLLR,1.0
ASEL,ADFR,1.0
ASEL,ASJL,1.0
ASEL,RIAR,2.0
ASEL,IL2R,1.0
ASEL,AIZL,1.0
PVNR,URXL,2.0
PVNR,URBL,2.0
PVNR,ALML,2.0
PVNR,CEPDL,2.0
PVNR,PVNR,1.0
PVQR,RIFR,4.0
PVQR,AIMR,3.0
PVQR,AIAL,1.0
PVQR,AVFR,1.0
PVQR,ASJL,1.0
PVQR,ASER,2.0
PVQR,AVBR,1.0
PVPR,ASHR,2.0
PVPR,AVJL,2.0
PVPR,ADFR,2.0
PVPR,RIMR,1.0
PVPR,RIAR,2.0
PVPR,URXR,1.0
RIFL,AVHR,1.0
RIFL,ALML,5.0
AWBL,AIBR,1.0
AWBL,AWCL,1.0
AWBL,SMBDL,2.0
AWBL,AIAL,4.0
AWBL,SMBVL,3.0
AWBL,RIGL,2.0
AWBL,AVHR,2.0
AWBL,AWAL,2.0
OLQDR,IL1DR,1.0
OLQDR,RICR,2.0
CEPDR,CEPDR,6.0
CEPDR,IL1R,1.0
CEPDR,SIBVR,1.0
CEPDR,BDUR,5.0
CEPDR,URXR,2.0
CEPDR,RIFR,2.0
CEPDR,RMDR,1.0
ALMR,SIADL,1.0
ALMR,URBR,1.0
ALMR,SMDDL,1.0
BDUR,HSNR,6.0
BDUR,CEPVR,1.0
BDUR,AVHL,3.0
BDUR,AVBR,1.0
BDUR,AVAL,3.0
BDUR,SDQL,2.0
AIYR,BAGR,1.0
AIYR,RIVR,1.0
AIYR,AWBR,1.0
AIYR,ADFR,1.0
AIYR,AINL,1.0
AIYR,ASGR,2.0
AIYR,AIYL,12.0
AIYR,ASER,4.0
URBR,CEPVR,4.0
URBR,OLQDR,2.0
URBR,SIBVR,1.0
URBR,AVDL,1.0
URBR,RMGR,8.0
URBR,ADLR,5.0
URBR,RMDL,1.0
URBR,IL1DR,2.0
URBR,ADER,1.0
URBR,RMDR,1.0
URBR,SMBVR,1.0
URBR,IL2R,3.0
URBR,SIBDR,1.0
PVCL,ADLR,2.0
PVCL,AVJR,2.0
PVCL,ASHR,2.0
PVCL,PVCL,1.0
PVCL,RIS,2.0
PVCL,SIBDL,2.0
PVCL,SMBVR,3.0
PVCL,AVJL,3.0
RIVR,RMDDL,1.0
RIVR,SMBVL,1.0
RIVR,RMHR,2.0
ADAL,ADAL,11.0
ADAL,RICR,1.0
ADAL,ADLL,2.0
ADAL,RICL,3.0
ADAL,AVEL,3.0
ADAL,URAVL,1.0
ADAL,AVAR,7.0
ADAL,AIAL,3.0
ADAL,PVPL,1.0
AVDR,ALA,1.0
AIML,CEPDL,3.0
AIML,PVQL,1.0
AIML,SMBVL,4.0
AIML,RID,3.0
AIML,AVHR,1.0
AIML,ALML,1.0
SIADR,AVAL,1.0
SIADR,CEPDL,1.0
SIADR,IL1VR,1.0
SIADR,ALML,1.0
AVAR,SMDVR,1.0
AVAR,AVBL,2.0
AVAR,SAAVR,6.0
AVJL,RIFR,1.0
AVJL,RIS,1.0
AVJL,PVNR,4.0
AVJL,ASHR,1.0
AVJL,AVHL,2.0
AVJL,AINL,1.0
RIGL,ADFL,1.0
RIGL,RIH,2.0
RIGL,AIZR,1.0
RIGL,ADLL,2.0
RIGL,AVER,1.0
RIGL,RMGL,6.0
RIGL,PVPL,2.0
IL1L,URBL,1.0
IL1L,RMGL,1.0
IL1L,URAVL,4.0
IL1L,ADEL,3.0
IL1L,IL2L,1.0
SMBDL,SMBVL,2.0
SMBDL,AIZL,1.0
SMBDL,RIH,3.0
SMBDL,SMDDL,3.0
AIBL,RIFL,1.0
AIBL,AIBL,2.0
AIBL,AVEL,1.0
AIBL,SIBVR,2.0
AIBL,ASHL,1.0
AIBL,ASHR,5.0
AIBL,AIZR,7.0
AIBL,SAAVR,1.0
AIBL,FLPL,1.0
AIBL,SIAVR,2.0
ADLL,RIAL,1.0
ADLL,AWBL,3.0
ADLL,AWAL,1.0
ADLL,ALA,5.0
ADLL,RIR,1.0
ADLL,RIGL,1.0
ADLL,ASGL,2.0
ADLL,AVAR,5.0
ADLL,ASER,12.0
RICL,SAAVL,2.0
RICL,ADAR,7.0
RICL,SMBDR,1.0
RICL,ADLR,2.0
RICL,OLQVL,1.0
RICL,URBR,2.0
RICL,CEPVL,2.0
PVCR,PVPR,1.0
PVCR,FLPL,2.0
PVCR,AVHL,1.0
PVCR,AQR,2.0
PVCR,AVER,6.0
PVCR,AVAR,4.0
RIPL,OLQDR,2.0
RIPL,RIPL,1.0
OLQVL,IL2L,1.0
OLQVL,AVAL,1.0
OLQVL,SIAVL,9.0
OLQVL,AVDR,1.0
RIGR,URYVR,2.0
RIGR,AVKR,5.0
RIGR,PVT,5.0
RIGR,DVC,2.0
RIGR,AVDL,1.0
RIGR,RIAR,3.0
RIGR,AFDR,1.0
AVDL,AVJL,1.0
PVPL,RIR,1.0
PVPL,ADAL,1.0
PVPL,AVDR,4.0
RIML,RIAL,5.0
RIML,AIBL,1.0
RIML,SAADR,4.0
RIML,AVER,7.0
RIML,RIML,11.0
RIML,SAADL,1.0
RIML,RICR,1.0
RIML,AVAL,5.0
RMDL,SMDDR,1.0
RMDL,RMHL,3.0
RMDL,AVKR,1.0
RMDL,OLLR,3.0
RMDL,IL1L,1.0
RMDL,URXR,1.0
RMDL,RMFR,1.0
RMDL,RIBR,1.0
RMDL,SMBVR,2.0
RMDL,ADER,3.0
RMDL,SIBVR,3.0
RMDL,RMDVL,2.0
RMDL,RIVL,1.0
HSNL,AVFL,12.0
HSNL,AIMR,2.0
HSNL,AWBL,5.0
HSNL,AWAR,3.0
HSNL,ASHL,3.0
HSNL,ASJR,2.0
HSNL,ADLL,1.0
HSNL,HSNL,1.0
HSNL,ASKR,2.0
HSNL,ADLR,1.0
HSNL,RIR,3.0
HSNL,AIAL,12.0
HSNL,RMGR,1.0
HSNL,ASKL,3.0
HSNL,AVJL,3.0
SMBDR,AVAL,1.0
SMBDR,SMBDL,3.0
SMBDR,RIVL,1.0
SMDDL,RMEV,1.0
SMDDL,AVER,1.0
SMDDL,RMDR,1.0
SMDDL,SAAVR,1.0
SMDDL,RIMR,1.0
URXL,URXL,3.0
URXL,AVJR,6.0
URXL,IL1DL,2.0
URXL,IL2L,1.0
URXL,ASIL,1.0
URXL,RID,1.0
URXL,ASHL,1.0
URXL,HSNR,1.0
URXL,BAGR,2.0
URXL,AIZL,1.0
URXL,AVDR,1.0
ASER,ASHR,2.0
ASER,AWAR,1.0
ASER,ADLR,1.0
ASER,AIAL,8.0
ASER,ADLL,4.0
ASER,AFDR,3.0
ASER,ASKL,1.0
ASER,AIZL,1.0
RIPR,OLQDR,3.0
RIPR,AVBR,2.0
RIPR,URAVR,1.0
SIAVL,IL2L,1.0
SIAVL,ADEL,1.0
