AVJR,PVR,2.0
AVJR,AVDR,2.0
AVJR,AVFR,1.0
AVJR,PVPL,6.0
IL1DR,PVR,2.0
IL1DR,IL2DR,1.0
IL1DR,RMDDL,14.0
ALNR,SMDVL,2.0
ALNR,SMDDL,1.0
SIBVL,RICR,1.0
SIBVL,AVBL,1.0
IL2DR,IL1R,2.0
IL2DR,AVER,1.0
IL2DR,RMED,1.0
IL2DR,RMHR,1.0
IL2DR,URXR,1.0
IL2DR,RMEL,1.0
AVEL,RIGL,1.0
AVEL,RIBL,1.0
AVEL,AIBR,1.0
AIYL,AWCR,1.0
AIYL,AWBL,7.0
AIYL,SMBDL,2.0
AIYL,RIR,4.0
AIYL,AIBL,2.0
AIYL,ADLR,4.0
AIBR,AWCR,1.0
AIBR,RMFL,1.0
AIBR,SIADL,1.0
AIBR,AVAL,3.0
AIBR,BAGR,1.0
AIBR,AVDR,1.0
URYDL,OLLL,1.0
SMDVR,PLNL,2.0
SMDVR,CEPVL,6.0
SMDVR,SIAVL,1.0
RMDDL,IL1R,7.0
RMDDL,SMBDL,1.0
IL1VL,PVR,4.0
IL1VL,RMER,3.0
IL1VL,IL1VL,4.0
URAVR,RMER,1.0
URAVR,IL2R,2.0
URAVR,IL1VR,16.0
URAVR,RMEV,11.0
URAVR,RMDVL,4.0
SAADR,RMGR,1.0
SAADR,AVAL,3.0
SAADR,RMGL,3.0
IL2R,RMDVR,1.0
IL2R,RMED,5.0
IL2R,RMEV,1.0
IL2R,URAVR,5.0
CEPVL,SMDVR,5.0
CEPVL,URBL,3.0
CEPVL,RMHL,5.0
CEPVL,URXL,3.0
CEPVL,URYVL,1.0
SMDVL,SAADR,2.0
AIAR,ASEL,3.0
AIAR,AIYR,3.0
AIAR,ASHR,5.0
AIAR,ADAR,2.0
AIAR,ASKR,1.0
AIAR,ASGR,2.0
RIMR,RMGL,4.0
RIMR,SIADL,1.0
RIMR,AVAL,3.0
RIMR,RIBL,4.0
RIMR,RMFR,1.0
RIMR,RIML,2.0
RIMR,AVEL,7.0
BAGR,AQR,1.0
AWCL,BAGR,1.0
AWCL,RIAR,2.0
RMGL,URXL,1.0
RMGL,SIADR,1.0
RMGL,RICR,1.0
RMGL,AIML,1.0
RMGL,ASKL,3.0
CEPVR,RMGR,1.0
CEPVR,AVER,1.0
CEPVR,ALMR,1.0
CEPVR,RIBR,5.0
OLLR,RMER,1.0
OLLR,IL1VR,1.0
BAGL,AWCL,3.0
URYVR,AVBL,5.0
URYVR,OLLR,1.0
URYVR,RMEV,1.0
URYVR,SIBVR,5.0
URYVR,SIBDR,5.0
ASJR,AVER,1.0
ASJR,AIAR,2.0
AVER,AIBR,1.0
AVER,AIZL,1.0
AVKL,SAAVR,3.0
AVKL,SMDDL,2.0
AVKL,SMBDR,3.0
AVKL,DVC,2.0
AVKL,AVER,3.0
AVKL,SIADR,3.0
AVKL,PVT,1.0
URXR,SMBDL,2.0
RMGR,AVFL,1.0
RMGR,AVJL,2.0
RMGR,RICR,2.0
RMGR,SIBVL,1.0
RMGR,SAADL,1.0
RMGR,AVFR,1.0
RMGR,SMBVR,2.0
RMGR,SIBVR,2.0
RMGR,AVBR,2.0
AWCR,ADLR,3.0
AWCR,ASEL,1.0
AWCR,ASKR,1.0
ADLR,RIAL,5.0
ADLR,PVQR,6.0
ADLR,AWCL,3.0
ADLR,AVJR,4.0
ADLR,AIYR,2.0
ADLR,AWAR,1.0
ADLR,AVHL,3.0
ADLR,AIBL,10.0
ADLR,AIYL,17.0
ADLR,AFDL,1.0
ADLR,AWBR,2.0
ADLR,RIFR,1.0
ADLR,ASEL,2.0
ADLR,AVAR,11.0
IL2VR,CEPVR,2.0
IL2VR,RIH,2.0
IL2VR,OLQVR,4.0
IL2VR,RMED,11.0
IL2VR,RIAR,4.0
IL2VR,URXR,4.0
RMDVR,CEPDR,1.0
RMDVR,RMDVR,2.0
RMDVR,RMDVL,3.0
RMDR,RMDDR,3.0
RMDR,ADEL,2.0
RMDR,RMDDL,2.0
RIBR,SMDDR,1.0
RIBR,SMDDL,1.0
RIBR,RIBR,2.0
RIBR,RIMR,2.0
RIBR,AVDL,2.0
SAADL,SMBVL,1.0
SAADL,RMDDL,1.0
SAADL,PLNL,1.0
SAADL,ALMR,1.0
SAADL,SIADR,1.0
AIZL,RMFR,11.0
AIZL,SMBDR,5.0
AIZL,SIBDL,2.0
AIZL,AIZL,4.0
URADR,IL1DR,2.0
URADR,IL1R,1.0
URADR,RMDDL,1.0
RMFL,RMGR,4.0
RMFL,RMDL,1.0
AVHL,SIBDL,2.0
AVHL,ASHR,1.0
AVHL,SIAVR,4.0
AVHL,SMDVL,2.0
AVHL,AVDL,1.0
AVHL,AWBR,6.0
RICR,AIBL,4.0
RICR,AVDR,3.0
RICR,PVCR,3.0
RICR,CEPVL,2.0
RICR,RIVL,4.0
URAVL,OLQVL,1.0
URAVL,RIH,1.0
RMHR,URXL,2.0
RMHR,AVKL,7.0
AINL,AIBL,2.0
AINL,ASEL,2.0
URBL,OLLL,1.0
URBL,RICL,2.0
URBL,ADAL,2.0
URBL,SMBVL,2.0
URBL,CEPVL,2.0
URBL,RMEL,1.0
URBL,RMDVL,4.0
FLPR,SMBDL,3.0
FLPR,ADAR,1.0
FLPR,AVHL,4.0
FLPR,AVM,9.0
FLPR,AVBL,23.0
FLPR,RIGL,2.0
FLPR,PVCR,10.0
ASHR,RMGR,1.0
ASHR,AWBR,1.0
ASHR,AVJR,1.0
ASHR,SIBDL,1.0
ASHR,AVDR,1.0
ASHR,AVJL,1.0
URYVL,URYVL,12.0
AIAL,ADLL,1.0
AIAL,AWCR,10.0
AIAL,ASIL,6.0
RMHL,AVKL,2.0
RMHL,RMDL,1.0
RMHL,RMFL,14.0
PLNR,SMDVL,1.0
BDUL,RIML,4.0
BDUL,HSNR,2.0
BDUL,AVEL,2.0
BDUL,PVNL,5.0
BDUL,ADEL,2.0
BDUL,SMDDL,3.0
RMFR,IL1L,3.0
RMDVL,URYDL,1.0
RMDVL,RMDL,5.0
RMDVL,RMGL,2.0
RMDVL,CEPVR,3.0
RMDVL,SIAVR,1.0
RMDVL,IL1L,1.0
RMDVL,RMDR,1.0
RMDVL,RMHR,1.0
RMDVL,RMFR,6.0
URXL,ASHL,1.0
URXL,AVHR,3.0
URXL,RMGL,10.0
URXL,ADAL,3.0
AVKR,SMDVR,2.0
AVKR,AIBR,3.0
AVKR,RMDL,1.0
AVKR,RMGL,2.0
AVKR,FLPL,2.0
AVKR,SMBDR,1.0
AVKR,SMDDL,2.0
AVKR,RMDR,5.0
AVKR,RIGR,1.0
AVKR,AVL,1.0
ASIR,ADLR,4.0
ASIR,AIAL,2.0
ASIR,ASKR,2.0
ASIR,AINL,4.0
CEPDL,URBL,1.0
CEPDL,RMGL,1.0
CEPDL,RIGL,1.0
CEPDL,SMBDR,5.0
CEPDL,IL2DL,1.0
CEPDL,ADEL,2.0
CEPDL,IL1L,3.0
CEPDL,SIBDR,1.0
RIBL,URYDL,1.0
RIBL,PVT,3.0
RIBL,RIH,2.0
RIBL,AVBR,1.0
RIBL,AIZL,2.0
IL2L,OLLL,6.0
IL2L,OLQVL,8.0
URYDR,IL1DR,1.0
HSNR,RIFR,1.0
HSNR,BDUR,6.0
HSNR,PVNL,1.0
HSNR,BDUL,1.0
AUAL,URXL,12.0
AUAL,RIH,1.0
AUAL,RIBR,1.0
AIZR,BAGL,1.0
AIZR,AWAR,1.0
AIZR,AWBR,2.0
AIZR,AVER,1.0
AIZR,RIBR,1.0
RIFR,ADER,1.0
RIFR,HSNR,1.0
RIFR,PVPR,18.0
RIFR,RIAR,2.0
RIFR,PVCL,1.0
RIFR,AVDL,1.0
OLQVR,RICL,2.0
OLQVR,ADLR,1.0
OLQVR,SMBVR,3.0
OLQVR,SIBDR,26.0
ADFL,AIYL,3.0
ADFL,SIBVL,1.0
SIBDR,RIAL,1.0
SIBDR,SMBDR,2.0
SIBDR,RICR,2.0
SIBDR,RIVL,1.0
URADL,CEPDL,2.0
URADL,RMDVL,6.0
RIAR,CEPDL,1.0
RIAR,RIR,1.0
RIAR,CEPVR,1.0
RIAR,BAGL,1.0
RIAR,AIBL,2.0
RIAR,RICL,2.0
RIAR,RMEV,1.0
RIAR,SIADL,2.0
RIAR,RIBR,3.0
RIAR,AVAR,2.0
RMDDR,RMEV,2.0
FLPL,AIBR,1.0
FLPL,AVKR,6.0
FLPL,ADAR,3.0
FLPL,RMFL,2.0
FLPL,ADER,3.0
FLPL,AVEL,21.0
AIMR,AIYR,3.0
AIMR,AVDR,4.0
AIMR,URXR,3.0
ADAR,ASHR,2.0
ADAR,RIFR,2.0
ADAR,ADER,1.0
ADAR,ADAR,1.0
ADAR,SMDVL,1.0
IL2DL,RIBL,2.0
IL2DL,AUAL,2.0
IL2DL,RMDVL,3.0
PVNL,ALMR,1.0
PVNL,PVCR,1.0
PVNL,BDUR,3.0
PVNL,AVM,2.0
ADEL,AVHL,1.0
ADEL,BDUL,4.0
ADEL,RMDR,3.0
ADEL,SIADR,2.0
ADEL,FLPL,3.0
ADEL,SIBDR,2.0
AVBR,AVDR,1.0
AVBR,AVJR,1.0
OLLL,IL2L,2.0
OLLL,RMER,6.0
OLLL,RMED,1.0
SMBVL,RIAL,1.0
SMBVL,SMBVL,1.0
SMBVL,AIZL,1.0
SMBVL,DVA,2.0
SMBVL,SIAVL,5.0
AWBR,RIR,2.0
AWBR,SMBDR,1.0
AWBR,ASER,1.0
SAAVR,AVAL,1.0
SAAVR,RMDR,1.0
SAAVR,SAADL,2.0
ADER,CEPDR,3.0
ADER,ADAR,6.0
ADER,ALNR,1.0
ADER,RMDDL,2.0
ADER,SMDDL,1.0
ADER,SMBVR,2.0
ADER,RMHL,5.0
ADER,SIAVR,2.0
ADER,SDQR,1.0
AVFR,RMGR,1.0
AVFR,RMGL,2.0
AVFR,HSNR,1.0
AVFR,ADEL,2.0
AVFR,AVBL,1.0
ALML,PVR,6.0
ALML,RIFL,4.0
ALML,AVJR,2.0
ALML,RICR,1.0
ALML,AVBL,1.0
ALML,PVCR,1.0
SDQR,RIML,3.0
SDQR,SDQL,6.0
SDQR,DVA,24.0
SDQR,RIAR,6.0
SDQR,AIBL,6.0
SDQR,AVBR,3.0
SDQR,AVBL,34.0
SDQL,AIBL,3.0
SDQL,AVAL,3.0
SDQL,FLPL,7.0
RIAL,IL1L,1.0
RIAL,AINR,2.0
RIAL,SMBDR,2.0
RIAL,SIAVL,7.0
RIAL,SMBVR,2.0
RIAL,SIAVR,14.0
RIAL,AIZL,2.0
RIAL,RIVL,1.0
RMEL,IL2VL,1.0
AVHR,RIML,1.0
AVHR,PVPR,2.0
AVHR,AVJR,3.0
AVHR,DVA,1.0
AVHR,PVQL,1.0
AVHR,AWBR,2.0
AVHR,AVM,2.0
AVHR,RICL,1.0
AVHR,AVFR,1.0
AINR,RIML,2.0
AINR,ADLR,3.0
AINR,CEPVL,3.0
AIBL,RIGR,2.0
AIBL,ALNR,3.0
AIBL,AIBL,2.0
AIBL,RICL,10.0
AIBL,AVAL,1.0
AIBL,SIBDL,1.0
AIBL,AIAL,2.0
AIBL,AVBR,10.0
AUAR,BAGL,1.0
AUAR,AVDL,3.0
ADFR,AVHL,1.0
ADFR,AWBR,1.0
ADFR,ASEL,2.0
ADFR,URXR,2.0
ADFR,AIZL,1.0
IL1R,URADR,1.0
IL1R,RMHL,4.0
IL1R,RMDDL,2.0
IL1VR,URYVR,1.0
IL1VR,CEPVR,1.0
ASKL,SIADR,3.0
ASKL,AVJL,3.0
AVFL,BDUR,1.0
AVFL,AVHR,2.0
AVFL,ASKL,2.0
AVFL,AIAL,1.0
ASHL,RIML,18.0
ASHL,RIR,1.0
ASHL,PVCL,4.0
ASHL,AVM,1.0
ASHL,ASEL,2.0
ASHL,AVAR,8.0
PLNL,RMFL,2.0
PVQL,AWAL,1.0
PVQL,AVAL,3.0
PVQL,AVHR,7.0
PVQL,AVBL,2.0
ASEL,AWCR,7.0
ASEL,ASHL,2.0
ASEL,RIFL,2.0
ASEL,AIYR,10.0
ASEL,AIBR,8.0
ASEL,SAAVR,3.0
ASEL,ADLL,2.0
ASEL,AIAR,1.0
ASEL,RIAR,3.0
ASEL,AFDR,1.0
PVQR,CEPVR,1.0
PVQR,ALA,4.0
PVPR,AQR,14.0
PVPR,RIFR,2.0
PVPR,AVHR,3.0
PVPR,ADEL,4.0
PVPR,SMBVR,1.0
RIFL,PVNL,11.0
RIFL,AVHR,1.0
RIFL,AVFR,1.0
RIFL,ADAL,4.0
RIFL,AVJL,5.0
RIFL,ASHL,2.0
AWBL,RIAL,6.0
AWBL,RIBL,6.0
AWBL,AVHR,1.0
CEPDR,RIPR,6.0
CEPDR,RMFL,4.0
CEPDR,RMHR,2.0
CEPDR,RMDL,3.0
ALMR,PVNL,1.0
ALMR,HSNR,1.0
ALMR,OLLR,1.0
BDUR,RMGR,3.0
BDUR,HSNR,4.0
BDUR,PVNL,1.0
BDUR,AVBR,1.0
AIYR,RIAL,3.0
AIYR,AWAR,5.0
AIYR,RIH,1.0
AIYR,BAGL,3.0
URBR,RMHL,11.0
URBR,AVER,1.0
URBR,SMBDL,2.0
PVCL,SIAVR,2.0
PVCL,SIBVL,10.0
PVCL,PVCR,2.0
PVCL,AVDL,2.0
PVCL,SIBVR,4.0
PVCL,SIAVL,10.0
RIVR,RIVR,1.0
RIVR,RMEV,1.0
RIVR,SDQR,1.0
ADAL,PVR,1.0
ADAL,RICR,2.0
ADAL,ADLL,5.0
ADAL,RICL,1.0
ADAL,AVAR,2.0
ADAL,AVJL,3.0
AIML,AVFL,2.0
AIML,AVEL,3.0
AIML,SIBVR,1.0
AVJL,AIYR,5.0
AVJL,AQR,3.0
AVJL,PVCL,4.0
AVJL,RIMR,2.0
RIGL,RIAL,1.0
RIGL,URYDL,1.0
RIGL,AVER,11.0
RIGL,AVKL,3.0
RIGL,OLQVL,3.0
RIGL,DVC,1.0
IL1L,RMFR,5.0
SMBDL,SMDDL,2.0
AWAR,RIFR,4.0
AWAR,ADLR,3.0
AWAR,ASHR,1.0
AWAR,ASER,1.0
ADLL,ADAL,1.0
ADLL,AVHL,6.0
ADLL,RID,1.0
ADLL,AVAR,12.0
ADLL,PVPL,2.0
RICL,SAAVL,1.0
RICL,RIML,1.0
RICL,ADAL,2.0
RICL,SIBVR,3.0
RICL,AIBL,1.0
RICL,RICR,1.0
RICL,AVKR,3.0
RICL,RIMR,9.0
PVCR,RID,12.0
PVCR,AVAL,2.0
PVCR,FLPR,2.0
PVCR,AVAR,3.0
RIPL,RMEL,3.0
RIPL,RIPL,5.0
OLQVL,SAADL,2.0
OLQVL,IL2L,6.0
RIGR,AIBL,3.0
RIGR,RMHL,10.0
RIGR,PLNR,3.0
RIGR,RMFR,1.0
RIGR,AIZL,1.0
ASKR,AWCR,1.0
ASKR,ASHR,4.0
PVPL,RIML,1.0
PVPL,RIS,1.0
PVPL,AIZR,1.0
PVPL,ADLL,3.0
PVPL,RIGL,5.0
PVPL,AVDR,4.0
PVPL,PVCR,2.0
RIML,ADAL,9.0
RIML,SAADL,1.0
RIML,PVCL,3.0
RIML,AVEL,1.0
RIML,RMFR,5.0
RMDL,RMGR,1.0
RMDL,RIML,2.0
RMDL,RMGL,1.0
RMDL,RIS,2.0
RMDL,RMER,3.0
RMDL,AVKL,2.0
RMDL,RMHR,1.0
SMBDR,URYDR,1.0
SMBDR,ALNL,1.0
SMBDR,SIBDL,1.0
SMBDR,AVAR,1.0
SMBDR,SAAVR,1.0
SMDDL,ALNR,1.0
ASER,AWCR,12.0
ASER,AFDR,5.0
RIPR,OLQVR,2.0
RIVL,RIAL,2.0
RIVL,RIVR,6.0
RIVL,SMDDR,5.0
RIVL,SDQR,1.0
