ADAL,I1,72
ADAR,I1,74
ADEL,Sp2,68
ADER,Sp2,60
ADFL,Sp2,34
ADFR,Sp2,37
ADLL,Sp2,48
ADLR,Sp2,37
AFDL,Sp2,20
AFDR,Sp2,21
AIAL,I1,43
AIAR,I1,35
AIBL,I1,84
AIBR,I1,84
AIML,I1,44
AIMR,I1,48
AINL,I1,51
AINR,I1,48
AIYL,I1,52
AIYR,I1,44
AIZL,I1,52
AIZR,I1,60
ALA,I1,44
ALML,Sp2,35
ALMR,Sp2,41
ALNL,Sp2,34
ALNR,Sp2,33
AQR,Sp2,50
ASEL,Sp2,38
ASER,Sp2,44
ASGL,Sp1,19
ASGR,Sp1,18
ASHL,Sp2,49
ASHR,Sp2,47
ASIL,Sp2,32
ASIR,Sp2,33
ASJL,Sp2,31
ASJR,Sp2,39
ASKL,Sp2,35
ASKR,Sp2,32
AUAL,I1,47
AUAR,I1,40
AVAL,I1,86
AVAR,I1,93
AVBL,I1,82
AVBR,I1,76
AVDL,I1,74
AVDR,I1,87
AVEL,I2,92
AVER,I2,86
AVFL,I1,49
AVFR,I1,52
AVHL,I1,71
AVHR,I1,65
AVJL,I1,67
AVJR,I1,63
AVKL,I2,54
AVKR,I2,61
AVL,I2,57
AVM,Sp1,36
AWAL,Sp2,28
AWAR,Sp2,29
AWBL,Sp2,35
AWBR,Sp2,38
AWCL,Sp2,44
AWCR,Sp2,45
BAGL,Sa,68
BAGR,Sa,65
BDUL,I1 ,39
BDUR,I1,34
CEPDL,Sa,55
CEPDR,Sa,49
CEPVL,Sa,58
CEPVR,Sa,57
DVA,Sp2,98
DVC,I2,59
FLPL,Sa,42
FLPR,Sa,38
HSNR,XMN,38
IL1DL,Sa,37
IL1DR,Sa,39
IL1L,Sa,45
IL1R,Sa,44
IL1VL,Sa,34
IL1VR,Sa,32
IL2DL,Sa,34
IL2DR,Sa,35
IL2L,Sa,44
IL2R,Sa,42
IL2VL,Sa,32
IL2VR,Sa,31
OLLL,Sa,60
OLLR,Sa,65
OLQDL,Sa,45
OLQDR,Sa,43
OLQVL,Sa,45
OLQVR,Sa,45
PLNL,Sp2,26
PLNR,Sp2,25
PVCL,I1,53
PVCR,I1,68
PVNL,I1,39
PVPL,I1,48
PVPR,I1,36
PVQL,I1,30
PVQR,I1,35
PVR,I1,64
PVT,I2,51
RIAL,I2,77
RIAR,I2,70
RIBL,I2,64
RIBR,I2,59
RICL,I1,99
RICR,I1,90
RID,I1,77
RIFL,I1,52
RIFR,I1,53
RIGL,I1,64
RIGR,I1,63
RIH,I2,79
RIML,I2,82
RIMR,I2,81
RIPL,I2,28
RIPR,I2,35
RIR,I1,66
RIS,I2,82
RIVL,HMNp,74
RIVR,HMNp,76
RMDDL,HMNp,58
RMDDR,HMNp,58
RMDL,HMNp,68
RMDR,HMNp,72
RMDVL,HMNp,65
RMDVR,HMNp,63
RMED,HMNa,58
RMEL,HMNa,64
RMER,HMNa,42
RMEV,HMNa,72
RMFL,I2,68
RMFR,I2,52
RMGL,I1,69
RMGR,I1,70
RMHL,HMNp,67
RMHR,HMNp,65
SAADL,I2,58
SAADR,I2,55
SAAVL,I2,56
SAAVR,I2,57
SABD,SMN,15
SDQL,Sp1,48
SDQR,Sp1,62
SIADL,SMN,72
SIADR,SMN,64
SIAVL,SMN,63
SIAVR,SMN,64
SIBDL,SMN,87
SIBDR,SMN,83
SIBVL,SMN,87
SIBVR,SMN,95
SMBDL,SMN,70
SMBDR,SMN,75
SMBVL,SMN,68
SMBVR,SMN,77
SMDDL,SMN,60
SMDDR,SMN,61
SMDVL,SMN,77
SMDVR,SMN,69
URADL,HMNa,19
URADR,HMNa,27
URAVL,HMNa,32
URAVR,HMNa,35
URBL,I2,44
URBR,I2,47
URXL,Sa,63
URXR,Sa,59
URYDL,Sa,50
URYDR,Sa,45
URYVL,Sa,48
URYVR,Sa,46
