ADAL,I1,78
ADAR,I1,82
ADEL,Sp2,65
ADER,Sp2,64
ADFL,Sp2,44
ADFR,Sp2,40
ADLL,Sp2,66
ADLR,Sp2,64
AFDL,Sp2,30
AFDR,Sp2,25
AIAL,I1,45
AIAR,I1,40
AIBL,I1,82
AIBR,I1,89
AIML,I1,50
AIMR,I1,51
AINL,I1,57
AINR,I1,63
AIYL,I1,47
AIYR,I1,51
AIZL,I1,62
AIZR,I1,60
ALA,I1,60
ALML,Sp2,42
ALMR,Sp2,43
ALNL,Sp2,40
ALNR,Sp2,30
AQR,Sp2,64
ASEL,Sp2,49
ASER,Sp2,59
ASGL,Sp1,27
ASGR,Sp1,30
ASHL,Sp2,48
ASHR,Sp2,47
ASIL,Sp2,36
ASIR,Sp2,41
ASJL,Sp2,42
ASJR,Sp2,43
ASKL,Sp2,32
ASKR,Sp2,43
AUAL,I1,47
AUAR,I1,44
AVAL,I1,97
AVAR,I1,100
AVBL,I1,93
AVBR,I1,100
AVDL,I1,92
AVDR,I1,93
AVEL,I2,87
AVER,I2,90
AVFL,I1,56
AVFR,I1,61
AVHL,I1,61
AVHR,I1,59
AVJL,I1,61
AVJR,I1,52
AVKL,I2,70
AVKR,I2,69
AVL,I2,66
AVM,Sp1,33
AWAL,Sp2,32
AWAR,Sp2,35
AWBL,Sp2,47
AWBR,Sp2,44
AWCL,Sp2,52
AWCR,Sp2,56
BAGL,Sa,67
BAGR,Sa,66
BDUL,I1 ,39
BDUR,I1,40
CEPDL,Sa,58
CEPDR,Sa,64
CEPVL,Sa,59
CEPVR,Sa,63
DVA,Sp2,94
DVC,I2,50
FLPL,Sa,39
FLPR,Sa,41
HSNL,XMN,54
HSNR,XMN,59
IL1DL,Sa,42
IL1DR,Sa,49
IL1L,Sa,45
IL1R,Sa,46
IL1VL,Sa,43
IL1VR,Sa,40
IL2DL,Sa,44
IL2DR,Sa,45
IL2L,Sa,36
IL2R,Sa,38
IL2VL,Sa,36
IL2VR,Sa,35
OLLL,Sa,61
OLLR,Sa,70
OLQDL,Sa,46
OLQDR,Sa,54
OLQVL,Sa,47
OLQVR,Sa,49
PLNL,Sp2,21
PLNR,Sp2,13
PVCL,I1,66
PVCR,I1,64
PVNL,I1,55
PVNR,I1,45
PVPL,I1,32
PVPR,I1,47
PVQL,I1,29
PVQR,I1,33
PVR,I1,64
PVT,I2,55
RIAL,I2,79
RIAR,I2,81
RIBL,I2,72
RIBR,I2,69
RICL,I1,96
RICR,I1,91
RID,I1,102
RIFL,I1,57
RIFR,I1,64
RIGL,I1,68
RIGR,I1,71
RIH,I2,87
RIML,I2,82
RIMR,I2,81
RIPL,I2,40
RIPR,I2,49
RIR,I1,80
RIS,I2,74
RIVL,HMNp,77
RIVR,HMNp,77
RMDDL,HMNp,71
RMDDR,HMNp,67
RMDL,HMNp,76
RMDR,HMNp,68
RMDVL,HMNp,68
RMDVR,HMNp,69
RMED,HMNa,55
RMEL,HMNa,46
RMER,HMNa,42
RMEV,HMNa,72
RMFL,I2,65
RMFR,I2,50
RMGL,I1,69
RMGR,I1,68
RMHL,HMNp,70
RMHR,HMNp,69
SAADL,I2,55
SAADR,I2,68
SAAVL,I2,56
SAAVR,I2,58
SABD,SMN,20
SDQL,Sp1,48
SDQR,Sp1,65
SIADL,SMN,68
SIADR,SMN,69
SIAVL,SMN,68
SIAVR,SMN,64
SIBDL,SMN,64
SIBDR,SMN,82
SIBVL,SMN,96
SIBVR,SMN,94
SMBDL,SMN,76
SMBDR,SMN,82
SMBVL,SMN,79
SMBVR,SMN,78
SMDDL,SMN,67
SMDDR,SMN,66
SMDVL,SMN,73
SMDVR,SMN,72
URADL,HMNa,31
URADR,HMNa,29
URAVL,HMNa,38
URAVR,HMNa,40
URBL,I2,50
URBR,I2,44
URXL,Sa,64
URXR,Sa,81
URYDL,Sa,61
URYDR,Sa,53
URYVL,Sa,59
URYVR,Sa,57
