pre,AVHL,SIAVR,0.1111111111111111
pre,AVHL,ADFR,0.05333333333333334
pre,AVHL,AWBR,0.05555555555555555
pre,AVHL,ASHR,0.015873015873015872
pre,AVHL,SIBDL,1.0
pre,AVHL,AVDL,0.0053475935828877
post,AVDL,AVHL,0.0053475935828877
pre,AVHL,SMBVR,0.17391304347826086
pre,AVHL,PVPR,0.0033444816053511705
pre,AVHL,SMDVL,0.0625
post,SMDVL,AVHL,0.0625
pre,AVHL,RIR,0.039603960396039604
pre,AVHL,URXR,0.2
pre,AIBL,DVC,0.011363636363636364
pre,AIBL,ALNR,0.6
pre,AIBL,RIBR,0.36666666666666664
pre,AIBL,AVBR,0.5882352941176471
pre,AIBL,AVBL,0.2786885245901639
post,AVBL,AIBL,0.2786885245901639
pre,AIBL,SIBDL,0.1
pre,AIBL,SMDVR,0.08333333333333333
pre,AIBL,AVAL,0.008620689655172414
post,AVAL,AIBL,0.008620689655172414
pre,AIBL,RIML,0.1
post,RIML,AIBL,0.1
pre,AIBL,AVER,0.0967741935483871
pre,AIBL,AIZR,0.015873015873015872
pre,AIBL,ADAR,0.06666666666666667
pre,AIBL,AVEL,0.10743801652892562
post,AVEL,AIBL,0.10743801652892562
pre,AIBL,AIAL,0.008620689655172414
post,AIAL,AIBL,0.008620689655172414
pre,AIBL,SAADL,0.2777777777777778
post,SAADL,AIBL,0.2777777777777778
pre,AIBL,SMDDR,0.2153846153846154
pre,AIBL,RIGR,0.025
pre,AIBL,RICL,1.25
post,RICL,AIBL,1.25
pre,AIBL,RIMR,0.2712765957446808
post,SAAVL,SMBDR,0.09375
pre,RMHL,RMFL,0.08
post,RMFL,RMHL,0.08
pre,RMHL,RIGR,0.125
pre,RMHL,AVKL,0.1
post,AVKL,RMHL,0.1
pre,RMHL,RMDL,0.011235955056179775
post,RMDL,RMHL,0.011235955056179775
pre,RMHL,RMDR,0.15
post,RMEL,URAVR,0.08695652173913043
post,RMDVL,URAVR,0.4444444444444444
post,AIBL,SDQL,0.10714285714285714
post,AVAL,SDQL,0.23076923076923078
pre,SAAVL,AVAL,0.14705882352941177
post,AVAL,SAAVL,0.14705882352941177
pre,SAAVL,RIML,0.1323529411764706
post,RIML,SAAVL,0.1323529411764706
pre,SAAVL,RIMR,0.14035087719298245
pre,SAAVL,RMFR,0.061068702290076333
pre,SAAVL,SMDDR,0.056338028169014086
pre,ASIL,AIAL,0.14444444444444443
post,AIAL,ASIL,0.14444444444444443
pre,ASIL,AIYL,0.05405405405405406
post,AIYL,ASIL,0.05405405405405406
pre,ASIL,ASGL,0.06451612903225806
post,ASGL,ASIL,0.06451612903225806
pre,ASIL,AIBL,0.17391304347826086
post,AIBL,ASIL,0.17391304347826086
pre,ASIL,AWCL,0.04602510460251046
post,AWCL,ASIL,0.04602510460251046
pre,ASIL,AWCR,0.007407407407407408
post,RMEL,IL2DR,0.08333333333333333
pre,URYVL,SMDVR,1.2173913043478262
pre,URYVL,AVER,0.7580645161290323
pre,URYVL,RIBL,0.4266666666666667
post,RIBL,URYVL,0.4266666666666667
pre,URYVL,RMDVR,0.7090909090909091
pre,URYVL,RMDDL,0.6235294117647059
post,RMDDL,URYVL,0.6235294117647059
pre,URYVL,IL1VL,0.007936507936507936
post,IL1VL,URYVL,0.007936507936507936
post,RIGL,DVC,0.08196721311475409
post,AIBL,DVC,0.11363636363636363
post,AVKL,DVC,0.00819672131147541
post,RMFL,DVC,0.14705882352941177
post,AVAL,DVC,0.2647058823529412
post,AVEL,DVC,0.21428571428571427
post,RIBL,DVC,0.9444444444444444
post,RIVL,DVC,0.043478260869565216
post,IL1L,RMFR,0.23076923076923078
post,AVKL,RMFR,0.024096385542168676
post,RMDL,RMFR,0.16071428571428573
post,RIML,BDUL,0.06557377049180328
post,AVEL,BDUL,0.2
post,ADEL,BDUL,0.022222222222222223
post,ALML,BDUL,0.05357142857142857
pre,ASJL,PVQL,0.1091703056768559
post,PVQL,ASJL,0.1091703056768559
pre,ASJL,ASKL,0.0546448087431694
post,ASKL,ASJL,0.0546448087431694
pre,ADFL,RIGL,1.3333333333333333
post,RIGL,ADFL,1.3333333333333333
pre,ADFL,AIZL,0.0718954248366013
post,AIZL,ADFL,0.0718954248366013
pre,ADFL,SIBVL,0.03333333333333333
pre,ADFL,AIYL,0.12
post,AIYL,ADFL,0.12
pre,ADFL,RIR,0.03571428571428571
pre,ADFL,SMBDL,0.14814814814814814
post,SMBDL,ADFL,0.14814814814814814
pre,ADFL,RIAL,0.37894736842105264
post,RIAL,ADFL,0.37894736842105264
pre,ADFL,AUAL,0.06140350877192982
post,AUAL,ADFL,0.06140350877192982
pre,ADFL,SMBVL,0.14285714285714285
post,SMBVL,ADFL,0.14285714285714285
post,RMEL,RMER,0.00390625
pre,URXL,RIGL,1.2857142857142858
post,RIGL,URXL,1.2857142857142858
pre,URXL,RICR,0.2727272727272727
pre,URXL,AUAL,0.32098765432098764
post,AUAL,URXL,0.32098765432098764
pre,URXL,RMGL,0.13333333333333333
pre,URXL,ASHL,0.02631578947368421
pre,URXL,AVEL,0.5454545454545454
post,AVEL,URXL,0.5454545454545454
pre,URXL,ADAL,0.05263157894736842
pre,URXL,RICL,0.1724137931034483
post,RICL,URXL,0.1724137931034483
pre,URXL,AVHR,0.1
pre,URXL,RIR,0.05813953488372093
pre,URXL,RIAL,0.32894736842105265
post,RIAL,URXL,0.32894736842105265
post,AIAL,ASEL,0.05063291139240506
post,AIBL,ASEL,0.10695187165775401
post,AIYL,ASEL,0.11382113821138211
post,RIFL,ASEL,0.16666666666666666
post,AVEL,URYDR,0.08333333333333333
post,RMDDL,URYDR,0.6
post,SMDDL,URYDR,0.6923076923076923
post,IL1VL,RMDVR,0.04
post,RMDVL,RMDVR,0.04838709677419355
post,RMDDL,RMDVR,0.19343065693430658
post,SMBVL,RMDVR,0.03333333333333333
pre,IL1DL,RIPL,0.2736842105263158
post,RIPL,IL1DL,0.2736842105263158
pre,IL1DL,RMDVL,0.2835820895522388
post,RMDVL,IL1DL,0.2835820895522388
post,BAGL,AIYR,0.036585365853658534
post,RIAL,AIYR,1.0
post,RMDDL,OLQDR,0.23684210526315788
post,RICL,OLQDR,0.38095238095238093
post,AVAL,SAADR,0.06976744186046512
post,RIML,SAADR,0.045454545454545456
post,OLLL,SAADR,0.1111111111111111
post,SMDVL,SAADR,0.018867924528301886
pre,SMDVL,SMDDR,0.07623318385650224
pre,SMDVL,RIAR,0.27884615384615385
pre,SMDVL,RIAL,0.14960629921259844
post,RIAL,SMDVL,0.14960629921259844
pre,SMDVL,SAADR,0.03773584905660377
post,AVAL,PVCR,0.03076923076923077
post,AVEL,PVCR,0.15384615384615385
post,AVBL,PVCR,0.1
post,AVDL,PVCR,0.054945054945054944
post,AVJL,PVCR,0.006535947712418301
post,SMDVL,RIS,0.045454545454545456
post,AVKL,RIS,0.049019607843137254
post,RIML,RIS,0.18518518518518517
post,AVEL,RIS,0.33766233766233766
post,OLLL,RIS,0.3333333333333333
post,RIBL,RIS,0.04878048780487805
post,RMDL,RIS,0.10377358490566038
pre,RIAL,AIZL,0.015151515151515152
post,AIZL,RIAL,0.015151515151515152
pre,RIAL,SIAVR,0.4666666666666667
pre,RIAL,IL1L,0.0625
post,IL1L,RIAL,0.0625
pre,RIAL,SMDVL,0.1968503937007874
post,SMDVL,RIAL,0.1968503937007874
pre,RIAL,SMBDR,0.16666666666666666
pre,RIAL,RMDDR,0.5
pre,RIAL,RIVR,0.15584415584415584
pre,RIAL,SDQL,0.037037037037037035
pre,RIAL,SMDDR,0.275
pre,RIAL,RIAR,0.07729468599033816
pre,RIAL,SMDDL,0.47115384615384615
post,SMDDL,RIAL,0.47115384615384615
pre,RIAL,RMDL,0.3764705882352941
post,RMDL,RIAL,0.3764705882352941
pre,RIAL,AUAL,0.01834862385321101
post,AUAL,RIAL,0.01834862385321101
pre,RIAL,SIADL,0.5714285714285714
pre,RIAL,AINR,0.16666666666666666
pre,RIAL,RMDR,0.4
pre,RIAL,SMDVR,0.3884297520661157
pre,RIAL,RMDVL,0.3393939393939394
post,RMDVL,RIAL,0.3393939393939394
pre,RIAL,SIAVL,0.109375
pre,RIAL,SMBVR,0.5
pre,RIAL,RMDDL,0.31901840490797545
post,RMDDL,RIAL,0.31901840490797545
pre,RIAL,RIVL,0.015873015873015872
post,RIVL,RIAL,0.015873015873015872
pre,RIAL,RMDVR,0.48201438848920863
post,RMEL,IL2VR,0.6153846153846154
post,RMFL,SAAVR,0.022727272727272728
post,AVAL,SAAVR,0.03125
post,RIML,SAAVR,0.11834319526627218
post,SAADL,SAAVR,0.04878048780487805
post,SMDDL,SAAVR,0.057803468208092484
post,RMDVL,OLQVR,0.9285714285714286
post,RICL,OLQVR,0.13333333333333333
pre,OLLL,RMDR,0.25
pre,OLLL,IL1L,0.014925373134328358
post,IL1L,OLLL,0.014925373134328358
pre,OLLL,RIBL,0.6101694915254238
post,RIBL,OLLL,0.6101694915254238
pre,OLLL,RMDVL,0.05128205128205128
post,RMDVL,OLLL,0.05128205128205128
pre,OLLL,IL2L,0.00980392156862745
post,IL2L,OLLL,0.00980392156862745
pre,OLLL,SMDVR,0.3877551020408163
pre,OLLL,RMER,0.08
pre,OLLL,CEPVL,0.037037037037037035
pre,OLLL,RMED,0.030303030303030304
pre,OLLL,SMDDR,0.26666666666666666
pre,OLLL,CEPDL,0.038461538461538464
post,CEPDL,OLLL,0.038461538461538464
pre,OLLL,RMDDL,0.18055555555555555
post,RMDDL,OLLL,0.18055555555555555
pre,OLLL,AVER,0.3897058823529412
pre,SMDDL,SMDVR,0.07389162561576355
pre,SMDDL,RIML,0.009345794392523364
post,RIML,SMDDL,0.009345794392523364
pre,SMDDL,CEPDR,0.09523809523809523
pre,SMDDL,SAAVR,0.005780346820809248
pre,SMDDL,RIAR,0.5416666666666666
pre,SMDDL,ALNR,0.006993006993006993
pre,SMDDL,RIAL,0.028846153846153848
post,RIAL,SMDDL,0.028846153846153848
post,RMEL,RIPL,0.3333333333333333
post,AVBL,ASHR,0.125
post,AVJL,ASHR,0.14285714285714285
post,AVDL,ASHR,0.2777777777777778
post,RIGL,PVT,0.05263157894736842
post,AVKL,PVT,0.0392156862745098
post,RMFL,PVT,0.046511627906976744
post,AVBL,SIBVL,1.0
post,RIGL,ADER,0.26582278481012656
post,AVAL,ADER,0.13829787234042554
post,RMHL,ADER,0.125
post,ADEL,ADER,0.02577319587628866
post,RMDDL,ADER,0.18181818181818182
post,SMDDL,ADER,0.030303030303030304
post,SAADL,PLNL,0.1076923076923077
post,RMFL,PLNL,0.1
post,SMBVL,PLNL,0.02422145328719723
pre,PVPL,RIGL,0.08196721311475409
post,RIGL,PVPL,0.08196721311475409
pre,PVPL,PVCL,0.046296296296296294
post,PVCL,PVPL,0.046296296296296294
pre,PVPL,AVBL,0.1527777777777778
post,AVBL,PVPL,0.1527777777777778
pre,PVPL,AVAR,0.10714285714285714
pre,PVPL,PVCR,0.14285714285714285
pre,PVPL,RIS,0.06666666666666667
pre,PVPL,AVAL,0.2
post,AVAL,PVPL,0.2
pre,PVPL,RIML,0.037037037037037035
post,RIML,PVPL,0.037037037037037035
pre,PVPL,AIZR,0.125
pre,PVPL,ASHL,0.25
pre,PVPL,AVBR,0.07894736842105263
pre,PVPL,ADLL,0.21428571428571427
pre,PVPL,AVHR,0.022388059701492536
pre,PVPL,AVJR,0.03333333333333333
pre,PVPL,AVDR,0.04597701149425287
pre,AWBL,AIZL,0.04032258064516129
post,AIZL,AWBL,0.04032258064516129
pre,AWBL,AIYL,0.08108108108108109
post,AIYL,AWBL,0.08108108108108109
pre,AWBL,AIAL,0.03225806451612903
post,AIAL,AWBL,0.03225806451612903
pre,AWBL,RIBL,0.13953488372093023
post,RIBL,AWBL,0.13953488372093023
pre,AWBL,RIAL,0.6
post,RIAL,AWBL,0.6
pre,AWBL,AVHR,0.03125
pre,AWBL,ADFL,0.1073170731707317
post,ADFL,AWBL,0.1073170731707317
pre,AWBL,SMBVL,0.08080808080808081
post,SMBVL,AWBL,0.08080808080808081
post,RIGL,FLPR,0.4
post,AVBL,FLPR,1.0
post,AVAL,FLPR,0.6666666666666666
post,AVEL,FLPR,0.5555555555555556
post,AVDL,FLPR,0.2545454545454545
post,SMBDL,FLPR,0.21428571428571427
post,ASEL,AIAR,0.13043478260869565
post,RIGL,BAGR,0.07142857142857142
post,AVAL,BAGR,0.18181818181818182
post,AVEL,BAGR,0.2222222222222222
post,AIYL,BAGR,0.03389830508474576
post,AFDL,BAGR,0.06666666666666667
post,RIBL,BAGR,0.08602150537634409
post,RIAL,BAGR,0.4772727272727273
pre,PVCL,AVBL,0.05660377358490566
post,AVBL,PVCL,0.05660377358490566
pre,PVCL,SIBVR,0.047619047619047616
pre,PVCL,PVCR,0.03389830508474576
pre,PVCL,AVDL,0.07142857142857142
post,AVDL,PVCL,0.07142857142857142
pre,PVCL,SIBVL,0.15384615384615385
pre,PVCL,SIAVR,0.045454545454545456
pre,PVCL,AVBR,0.1
pre,PVCL,SIAVL,0.9090909090909091
pre,PVCL,AVEL,0.05128205128205128
post,AVEL,PVCL,0.05128205128205128
pre,PVCL,AVJR,0.02459016393442623
pre,PVCL,AVER,0.46153846153846156
pre,PVCL,AVDR,0.041237113402061855
post,BDUL,HSNR,0.05555555555555555
post,AVJL,BDUR,0.04854368932038835
post,AIYL,AFDL,0.23618090452261306
pre,BAGL,AVER,0.23529411764705882
pre,BAGL,AFDR,0.06382978723404255
pre,BAGL,AIYR,0.07317073170731707
pre,BAGL,AVAR,0.09375
pre,BAGL,RIAR,0.41025641025641024
pre,BAGL,RIGR,0.058823529411764705
pre,BAGL,AWCL,0.06976744186046512
post,AWCL,BAGL,0.06976744186046512
pre,BAGL,RIBR,0.17333333333333334
pre,CEPDL,RIGL,0.1111111111111111
post,RIGL,CEPDL,0.1111111111111111
pre,CEPDL,IL1DL,0.34375
post,IL1DL,CEPDL,0.34375
pre,CEPDL,OLQDL,0.4230769230769231
post,OLQDL,CEPDL,0.4230769230769231
pre,CEPDL,IL1L,0.5
post,IL1L,CEPDL,0.5
pre,CEPDL,URBL,0.01694915254237288
pre,CEPDL,ADEL,0.18181818181818182
post,ADEL,CEPDL,0.18181818181818182
pre,CEPDL,URADL,0.021505376344086023
post,URADL,CEPDL,0.021505376344086023
pre,CEPDL,SMBDR,0.15625
pre,CEPDL,RICR,0.4
pre,CEPDL,URXL,0.03225806451612903
post,URXL,CEPDL,0.03225806451612903
pre,CEPDL,SIADR,0.125
pre,CEPDL,RMDVL,0.05102040816326531
post,RMDVL,CEPDL,0.05102040816326531
pre,CEPDL,OLLL,0.23076923076923078
post,OLLL,CEPDL,0.23076923076923078
pre,CEPDL,URYDL,0.03896103896103896
pre,CEPDL,RMGL,0.02
pre,CEPDL,RMHR,0.6666666666666666
pre,CEPDL,RICL,0.6111111111111112
post,RICL,CEPDL,0.6111111111111112
pre,CEPDL,AVER,0.1111111111111111
pre,CEPDL,IL2DL,0.012195121951219513
pre,FLPL,ADER,0.061224489795918366
pre,FLPL,AVBL,0.6727272727272727
post,AVBL,FLPL,0.6727272727272727
pre,FLPL,DVA,0.09375
pre,FLPL,AVAR,0.484375
pre,FLPL,AIBL,0.12903225806451613
post,AIBL,FLPL,0.12903225806451613
pre,FLPL,AVKR,0.35294117647058826
pre,FLPL,AIBR,0.041666666666666664
pre,FLPL,RMFL,0.09090909090909091
post,RMFL,FLPL,0.09090909090909091
pre,FLPL,AVAL,0.49019607843137253
post,AVAL,FLPL,0.49019607843137253
pre,FLPL,AVEL,0.6
post,AVEL,FLPL,0.6
pre,FLPL,ADAR,0.07142857142857142
pre,FLPL,ADEL,0.75
post,ADEL,FLPL,0.75
pre,FLPL,AVDL,0.44
post,AVDL,FLPL,0.44
pre,FLPL,FLPR,0.04
pre,FLPL,AVER,0.8571428571428571
pre,FLPL,AVDR,0.14285714285714285
post,PVCL,AQR,0.03937007874015748
post,AVBL,AQR,0.05063291139240506
post,RIAL,AQR,0.5555555555555556
post,AVAL,AQR,0.040697674418604654
post,BAGL,AQR,0.06060606060606061
post,RIAL,DVA,0.4
post,AVAL,DVA,0.18518518518518517
post,AUAL,DVA,0.35294117647058826
post,AVEL,DVA,0.4074074074074074
post,AVDL,DVA,0.0196078431372549
pre,AINL,BAGR,0.1111111111111111
pre,AINL,AFDR,0.023121387283236993
pre,AINL,RIBR,0.022727272727272728
pre,AINL,AUAR,0.01694915254237288
pre,AINL,ASEL,0.03636363636363636
post,ASEL,AINL,0.03636363636363636
pre,AINL,AIBL,0.07142857142857142
post,AIBL,AINL,0.07142857142857142
pre,AINL,RIBL,0.08333333333333333
post,RIBL,AINL,0.08333333333333333
pre,AINL,BAGL,0.037037037037037035
post,BAGL,AINL,0.037037037037037035
post,IL1VL,PVR,0.21052631578947367
post,RIPL,PVR,0.3
post,IL1DL,PVR,0.12903225806451613
post,RICL,PVR,1.0
post,AVBL,PVR,0.5
post,URADL,PVR,0.42857142857142855
post,AVJL,PVR,0.5
pre,SAADL,SMDVR,0.07446808510638298
pre,SAADL,AVAL,0.6896551724137931
post,AVAL,SAADL,0.6896551724137931
pre,SAADL,RIML,0.042735042735042736
post,RIML,SAADL,0.042735042735042736
pre,SAADL,SIADR,0.3333333333333333
pre,SAADL,RIMR,0.1267605633802817
pre,SAADL,ALMR,0.07142857142857142
pre,SAADL,SMBVL,0.007936507936507936
post,SMBVL,SAADL,0.007936507936507936
pre,SAADL,PLNL,0.015384615384615385
pre,SAADL,RMDDL,0.011111111111111112
post,RMDDL,SAADL,0.011111111111111112
pre,SAADL,OLLR,0.12
pre,ALML,PVCL,0.35294117647058826
post,PVCL,ALML,0.35294117647058826
pre,ALML,AVBL,0.04
post,AVBL,ALML,0.04
pre,ALML,BDUL,0.375
post,BDUL,ALML,0.375
pre,ALML,PVCR,0.05555555555555555
pre,ALML,RICR,0.041666666666666664
pre,ALML,PVR,0.09230769230769231
pre,ALML,CEPVL,0.2692307692307692
pre,ALML,ADEL,0.07936507936507936
post,ADEL,ALML,0.07936507936507936
pre,ALML,AVDL,0.03125
post,AVDL,ALML,0.03125
pre,ALML,CEPDL,0.3888888888888889
post,CEPDL,ALML,0.3888888888888889
pre,ALML,AVJR,0.08333333333333333
pre,ALML,RIFL,0.14285714285714285
post,RIFL,ALML,0.14285714285714285
post,RIGL,RIR,0.09090909090909091
post,AIZL,RIR,0.22
post,RIAL,RIR,0.2916666666666667
post,ADFL,RIR,0.05357142857142857
post,URXL,RIR,0.13953488372093023
post,ASEL,RIR,0.25
post,BAGL,RIR,0.0967741935483871
post,RIML,RIFL,0.2647058823529412
post,AVBL,RIFL,0.39325842696629215
post,AVJL,RIFL,0.29411764705882354
post,SMDVL,RMEV,0.1320754716981132
post,AVBL,PVPR,0.017241379310344827
post,AVJL,PVPR,0.034482758620689655
post,ADEL,PVPR,1.3333333333333333
post,AVAL,PVPR,0.2
post,AIAL,ASKR,0.18181818181818182
post,RIGL,AVEL,0.25
post,RIBL,AVEL,0.04
pre,RICL,RICR,0.005235602094240838
pre,RICL,SMDDL,0.16666666666666666
post,SMDDL,RICL,0.16666666666666666
pre,RICL,SIBVR,0.014778325123152709
pre,RICL,AVAR,0.5
pre,RICL,SMDVL,0.23529411764705882
post,SMDVL,RICL,0.23529411764705882
pre,RICL,AIBL,0.125
post,AIBL,RICL,0.125
pre,RICL,AVKR,0.23076923076923078
pre,RICL,SMDVR,0.631578947368421
pre,RICL,AVAL,0.22077922077922077
post,AVAL,RICL,0.22077922077922077
pre,RICL,RIML,0.25
post,RIML,RICL,0.25
pre,RICL,ADAL,0.029850746268656716
pre,RICL,ADAR,0.011764705882352941
pre,RICL,SAAVL,1.0
post,SAAVL,RICL,1.0
pre,RICL,SMDDR,0.08333333333333333
pre,RICL,SMBDL,0.07142857142857142
post,SMBDL,RICL,0.07142857142857142
pre,RICL,RIMR,0.15517241379310345
post,AVAL,ALA,0.13043478260869565
post,AVEL,ALA,0.14285714285714285
post,AIZL,RIGR,0.06666666666666667
post,AIBL,RIGR,0.0375
post,AVKL,RIGR,0.35294117647058826
post,BAGL,RIGR,0.29411764705882354
post,RMHL,RIGR,0.625
post,SMDVL,RIBR,0.1875
post,AIBL,RIBR,0.03333333333333333
post,BAGL,RIBR,0.17333333333333334
post,AVEL,RIBR,0.042105263157894736
post,AVDL,RIBR,0.15384615384615385
post,SMDDL,RIBR,0.041666666666666664
pre,URBL,RMEL,0.16666666666666666
post,RMEL,URBL,0.16666666666666666
pre,URBL,URXL,0.3114754098360656
post,URXL,URBL,0.3114754098360656
pre,URBL,CEPVL,0.05405405405405406
pre,URBL,IL1L,0.012048192771084338
post,IL1L,URBL,0.012048192771084338
pre,URBL,RMDVL,0.07547169811320754
post,RMDVL,URBL,0.07547169811320754
pre,URBL,OLLL,0.006211180124223602
post,OLLL,URBL,0.006211180124223602
pre,URBL,ADAL,0.08695652173913043
pre,URBL,CEPDL,0.06779661016949153
post,CEPDL,URBL,0.06779661016949153
pre,URBL,RICL,0.03225806451612903
post,RICL,URBL,0.03225806451612903
pre,URBL,RICR,0.02040816326530612
pre,URBL,SMBVL,0.07142857142857142
post,SMBVL,URBL,0.07142857142857142
post,AIAL,ADLL,0.15
post,AIBL,ADLL,0.10377358490566038
post,AWCL,ADLL,0.050505050505050504
post,ASKL,ADLL,0.05263157894736842
post,AVDL,ADLL,1.2
post,ASEL,ADLL,0.033707865168539325
pre,AWCL,BAGR,0.03225806451612903
pre,AWCL,ASIL,0.04184100418410042
pre,AWCL,AIYR,0.11363636363636363
pre,AWCL,AIAL,0.06097560975609756
post,AIAL,AWCL,0.06097560975609756
pre,AWCL,AIBL,0.08620689655172414
post,AIBL,AWCL,0.08620689655172414
pre,AWCL,AIBR,0.25
pre,AWCL,AIAR,0.09836065573770492
pre,AWCL,AWCR,0.1087866108786611
pre,AWCL,AIZR,0.023255813953488372
pre,AWCL,AIYL,0.14563106796116504
post,AIYL,AWCL,0.14563106796116504
pre,AWCL,ASEL,0.012987012987012988
post,ASEL,AWCL,0.012987012987012988
pre,AWCL,RIAR,0.16666666666666666
post,AIZL,AWCR,0.06060606060606061
post,AIAL,AWCR,0.21153846153846154
post,AIBL,AWCR,0.12
post,AWCL,AWCR,0.05439330543933055
post,ASEL,AWCR,0.017543859649122806
post,AIYL,AWCR,0.2222222222222222
post,RIVL,SIBDR,0.019230769230769232
post,RIAL,SIBDR,0.09090909090909091
post,AVEL,URYVR,0.3333333333333333
post,RMDVL,URYVR,0.2857142857142857
post,SMDVL,URYVR,0.9
post,AVBL,URYVR,1.0
pre,ALNL,SAAVL,0.19672131147540983
post,SAAVL,ALNL,0.19672131147540983
pre,ALNL,RIVR,0.23809523809523808
pre,ALNL,SMBDR,0.06493506493506493
post,RIGL,AVAR,0.12903225806451613
post,ADEL,AVAR,0.047619047619047616
post,AIAL,ASIR,0.3333333333333333
post,AWCL,ASIR,0.007194244604316547
post,RIGL,RMHR,0.4117647058823529
post,URXL,RMHR,0.2857142857142857
post,AVKL,RMHR,0.5384615384615384
post,RMDL,RMHR,0.02666666666666667
pre,AIZL,RMFR,3.6666666666666665
pre,AIZL,AIAL,0.12359550561797752
post,AIAL,AIZL,0.12359550561797752
pre,AIZL,SIBDL,0.13333333333333333
pre,AIZL,AIBL,0.2631578947368421
post,AIBL,AIZL,0.2631578947368421
pre,AIZL,AIBR,0.39473684210526316
pre,AIZL,RIAL,0.2878787878787879
post,RIAL,AIZL,0.2878787878787879
pre,AIZL,SMBDR,0.10638297872340426
pre,AIZL,RIML,0.49333333333333335
post,RIML,AIZL,0.49333333333333335
pre,AIZL,AVER,0.28888888888888886
pre,AIZL,AIYL,0.006369426751592357
post,AIYL,AIZL,0.006369426751592357
pre,AIZL,ASEL,0.13793103448275862
post,ASEL,AIZL,0.13793103448275862
pre,AIZL,SMBDL,0.15384615384615385
post,SMBDL,AIZL,0.15384615384615385
pre,AIZL,SMBVL,0.19411764705882353
post,SMBVL,AIZL,0.19411764705882353
pre,IL1L,RMEL,0.02459016393442623
post,RMEL,IL1L,0.02459016393442623
pre,IL1L,RMFR,0.38461538461538464
pre,IL1L,RMDVL,0.4166666666666667
post,RMDVL,IL1L,0.4166666666666667
pre,IL1L,RMDR,0.09375
pre,IL1L,RMDDL,0.5652173913043478
post,RMDDL,IL1L,0.5652173913043478
pre,IL1L,RMDVR,0.1111111111111111
pre,IL1L,RMDL,0.17857142857142858
post,RMDL,IL1L,0.17857142857142858
post,AVDL,AUAR,0.3333333333333333
post,BAGL,AUAR,0.06666666666666667
pre,ADEL,RIGL,0.5
post,RIGL,ADEL,0.5
pre,ADEL,FLPL,0.25
pre,ADEL,AVHL,0.03225806451612903
pre,ADEL,RMDR,0.13043478260869565
pre,ADEL,AVAL,0.10416666666666667
post,AVAL,ADEL,0.10416666666666667
pre,ADEL,AVAR,0.03571428571428571
pre,ADEL,ADER,0.05154639175257732
pre,ADEL,ALML,0.015873015873015872
post,ALML,ADEL,0.015873015873015872
pre,ADEL,BDUL,0.044444444444444446
post,BDUL,ADEL,0.044444444444444446
pre,ADEL,SIBDR,0.0625
pre,ADEL,PVR,0.25
pre,ADEL,SIADR,0.05
pre,ADEL,AVEL,0.2
post,AVEL,ADEL,0.2
pre,ADEL,OLLL,0.17142857142857143
post,OLLL,ADEL,0.17142857142857143
pre,ADEL,AVDL,0.17647058823529413
post,AVDL,ADEL,0.17647058823529413
pre,ADEL,RIGR,0.32978723404255317
pre,ADEL,RIVL,0.05714285714285714
post,RIVL,ADEL,0.05714285714285714
pre,ADEL,RMDL,0.6
post,RMDL,ADEL,0.6
post,RMHL,URBR,0.14285714285714285
post,RICL,URBR,0.018867924528301886
post,SMBDL,URBR,0.044444444444444446
pre,AVFL,AVFR,0.0049504950495049506
pre,AVFL,BDUR,0.05
pre,AVFL,AVBL,0.08888888888888889
post,AVBL,AVFL,0.08888888888888889
pre,AVFL,PVQL,0.00411522633744856
post,PVQL,AVFL,0.00411522633744856
pre,AVFL,ASKL,0.025974025974025976
post,ASKL,AVFL,0.025974025974025976
pre,AVFL,AIAL,0.025
post,AIAL,AVFL,0.025
pre,AVFL,AVHR,0.02666666666666667
pre,AVFL,RIFL,0.009523809523809525
post,RIFL,AVFL,0.009523809523809525
pre,IL2L,RMEL,0.0111731843575419
post,RMEL,IL2L,0.0111731843575419
pre,IL2L,OLQDL,0.6666666666666666
post,OLQDL,IL2L,0.6666666666666666
pre,IL2L,RMDR,0.9047619047619048
pre,IL2L,IL1L,0.06372549019607843
post,IL1L,IL2L,0.06372549019607843
pre,IL2L,OLLL,0.029411764705882353
post,OLLL,IL2L,0.029411764705882353
pre,IL2L,OLQVL,0.3076923076923077
pre,IL2L,RIH,0.4074074074074074
post,SMDDL,RICR,0.10204081632653061
post,SMDVL,RICR,0.19047619047619047
post,AIBL,RICR,0.4
post,AVAL,RICR,0.5
post,RIVL,RICR,0.09302325581395349
post,AVBL,RIMR,0.5757575757575758
post,SMDVL,RIMR,0.037037037037037035
post,AIBL,RIMR,0.10106382978723404
post,RMDL,RIMR,0.20408163265306123
post,AVAL,RIMR,0.022388059701492536
post,RIML,RIMR,0.058823529411764705
post,AVEL,RIMR,0.11290322580645161
post,SAAVL,RIMR,0.008771929824561403
post,SAADL,RIMR,0.035211267605633804
post,SMDDL,RIMR,0.0273972602739726
post,RIBL,RIMR,0.2857142857142857
post,AVBL,ADAR,0.04838709677419355
post,SMDVL,ADAR,0.02564102564102564
post,AIBL,ADAR,0.2222222222222222
post,AVEL,ADAR,0.7692307692307693
post,AVJL,ADAR,0.17391304347826086
post,AVBL,AVFR,0.02564102564102564
post,ADEL,AVFR,0.08
post,SMDVL,SMDDR,0.07623318385650224
post,SAAVL,SMDDR,0.02112676056338028
post,CEPDL,SMDDR,0.08823529411764706
post,RIAL,SMDDR,0.1
post,RIPL,URADL,0.20512820512820512
post,CEPDL,URADL,0.021505376344086023
post,SAADL,RIVR,0.14965986394557823
post,RMDDL,RIVR,0.13333333333333333
post,RIAL,RIVR,0.05194805194805195
pre,AUAL,AVAL,0.16666666666666666
post,AVAL,AUAL,0.16666666666666666
pre,AUAL,AVEL,0.058823529411764705
post,AVEL,AUAL,0.058823529411764705
pre,AUAL,RIH,0.037037037037037035
pre,AUAL,URXL,0.14814814814814814
post,URXL,AUAL,0.14814814814814814
pre,AUAL,RIBL,0.13690476190476192
post,RIBL,AUAL,0.13690476190476192
pre,AUAL,RIAL,0.22935779816513763
post,RIAL,AUAL,0.22935779816513763
pre,AUAL,RIBR,0.07142857142857142
post,IL2L,RMDR,0.14285714285714285
post,RMDVL,RMDR,0.04672897196261682
post,IL1L,RMDR,0.09375
post,ADEL,RMDR,0.08695652173913043
post,RMDDL,RMDR,0.0625
post,RIAL,RMDR,0.23529411764705882
post,RMDL,RMDR,0.06521739130434782
post,AVJL,RMGR,0.08
post,RMFL,RMGR,0.009523809523809525
post,SAADL,RMGR,0.03333333333333333
post,RMDL,RMGR,0.20481927710843373
post,AVAL,SDQR,0.2692307692307692
post,RIML,SDQR,0.1875
post,AIBL,SDQR,0.13333333333333333
post,AVBL,SDQR,0.5964912280701754
pre,AIYL,AIZL,0.5159235668789809
post,AIZL,AIYL,0.5159235668789809
pre,AIYL,AWBL,0.0945945945945946
pre,AIYL,RIBL,0.6881720430107527
post,RIBL,AIYL,0.6881720430107527
pre,AIYL,AFDL,0.010050251256281407
post,AFDL,AIYL,0.010050251256281407
pre,AIYL,RIR,0.13793103448275862
pre,AIYL,AIBL,0.0425531914893617
post,AIBL,AIYL,0.0425531914893617
pre,AIYL,SMBDL,0.08333333333333333
post,SMBDL,AIYL,0.08333333333333333
pre,AIYL,ASEL,0.008130081300813009
post,ASEL,AIYL,0.008130081300813009
pre,AIYL,RIAL,0.9166666666666666
post,RIAL,AIYL,0.9166666666666666
pre,AIYL,AWCR,0.027777777777777776
pre,RMDVL,RMFR,0.2222222222222222
pre,RMDVL,SIAVR,0.009900990099009901
pre,RMDVL,RMDR,0.009345794392523364
pre,RMDVL,CEPVR,0.14285714285714285
pre,RMDVL,RMDDR,0.19093851132686085
pre,RMDVL,IL1VR,0.14583333333333334
pre,RMDVL,RMGL,0.0273972602739726
pre,RMDVL,IL1L,0.020833333333333332
post,IL1L,RMDVL,0.020833333333333332
pre,RMDVL,RMED,0.029411764705882353
pre,RMDVL,OLLL,0.02564102564102564
post,OLLL,RMDVL,0.02564102564102564
pre,RMDVL,URYDL,0.043478260869565216
pre,RMDVL,SMBVR,0.03508771929824561
pre,RMDVL,RMHR,0.02127659574468085
pre,RMDVL,RMDL,0.056818181818181816
post,RMDL,RMDVL,0.056818181818181816
post,SMDVL,OLLR,0.3076923076923077
post,AVEL,OLLR,0.453781512605042
post,SMDDL,OLLR,0.15384615384615385
post,RMDL,OLLR,0.5789473684210527
post,RMFL,CEPVR,0.18181818181818182
post,RMHL,CEPVR,0.125
post,AVEL,CEPVR,0.4186046511627907
post,RICL,CEPVR,0.4782608695652174
pre,PVQL,ASJL,0.026200873362445413
post,ASJL,PVQL,0.026200873362445413
pre,PVQL,AVAL,0.3
post,AVAL,PVQL,0.3
pre,PVQL,AWAL,0.01694915254237288
pre,PVQL,AVFL,0.012345679012345678
pre,PVQL,AIAL,0.25
post,AIAL,PVQL,0.25
pre,PVQL,ASKL,0.06635071090047394
post,ASKL,PVQL,0.06635071090047394
pre,PVQL,AIML,0.14285714285714285
post,AIML,PVQL,0.14285714285714285
pre,PVQL,AVBL,0.25
post,AVBL,PVQL,0.25
pre,PVQL,AVHR,0.0958904109589041
pre,PVQL,ASEL,0.0425531914893617
post,ASEL,PVQL,0.0425531914893617
post,RMDVL,IL1R,0.15
post,RMHL,IL1R,0.17391304347826086
post,RMDDL,IL1R,0.06666666666666667
post,RMDL,IL1R,0.19047619047619047
post,AVBL,RIFR,3.0
post,PVCL,RIFR,0.03571428571428571
post,AVDL,RIFR,0.25
post,AVJL,RIFR,0.08695652173913043
post,RIVL,AVKL,0.06818181818181818
post,RIML,AVKL,0.11764705882352941
post,AVEL,AVKL,0.023148148148148147
post,SMDDL,AVKL,0.10526315789473684
post,RMDDL,IL1DR,0.5185185185185185
pre,AVAL,RIGR,0.07575757575757576
pre,AVAL,ADER,0.02127659574468085
pre,RMGL,RICR,0.043478260869565216
pre,RMGL,AVEL,0.0196078431372549
post,AVEL,RMGL,0.0196078431372549
pre,RMGL,RMFR,0.008403361344537815
pre,RMGL,RMDR,0.15789473684210525
pre,RMGL,RMDVL,0.2191780821917808
post,RMDVL,RMGL,0.2191780821917808
pre,RMGL,ASKL,0.3333333333333333
post,ASKL,RMGL,0.3333333333333333
pre,RMGL,URXL,0.013333333333333334
post,URXL,RMGL,0.013333333333333334
pre,RMGL,SIADR,0.06666666666666667
pre,RMGL,AIML,0.008620689655172414
post,AIML,RMGL,0.008620689655172414
pre,RMGL,RMDL,0.06349206349206349
post,RMDL,RMGL,0.06349206349206349
post,RMDL,RIAR,0.43243243243243246
post,SMDVL,RIAR,0.3269230769230769
post,AIBL,RIAR,0.04
post,RIAL,RIAR,0.12077294685990338
post,CEPDL,RIAR,0.058823529411764705
post,SMDDL,RIAR,0.5833333333333334
post,RICL,RIAR,0.2857142857142857
post,BAGL,RIAR,0.02564102564102564
post,RMDVL,RIAR,0.6435643564356436
post,RMDDL,RIAR,0.5918367346938775
post,RIVL,RIAR,0.14634146341463414
pre,AVJL,RIMR,0.08695652173913043
pre,AVJL,PVCL,0.10256410256410256
post,PVCL,AVJL,0.10256410256410256
pre,AVJL,AIYR,0.07575757575757576
pre,AVJL,AVBL,0.13043478260869565
post,AVBL,AVJL,0.13043478260869565
pre,AVJL,AVBR,0.031413612565445025
pre,AVJL,PVCR,0.0457516339869281
pre,AVJL,AQR,0.5
pre,AVJL,RIS,0.06329113924050633
pre,OLQVL,RICL,0.3333333333333333
post,RICL,OLQVL,0.3333333333333333
pre,OLQVL,RMDVR,0.5526315789473685
pre,OLQVL,RIH,0.011764705882352941
pre,OLQVL,IL2L,0.23076923076923078
post,IL2L,OLQVL,0.23076923076923078
post,SAAVL,PLNR,0.044444444444444446
post,SMDVL,PLNR,0.014084507042253521
pre,IL1VL,RIPL,0.5212765957446809
post,RIPL,IL1VL,0.5212765957446809
pre,IL1VL,PVR,0.21052631578947367
pre,IL1VL,RMER,0.08823529411764706
pre,IL1VL,URAVL,0.017857142857142856
post,URAVL,IL1VL,0.017857142857142856
pre,IL1VL,RMDDL,0.49504950495049505
post,RMDDL,IL1VL,0.49504950495049505
post,AIZL,ADFR,0.07692307692307693
post,ASEL,ADFR,0.15384615384615385
post,RIML,AINR,0.2222222222222222
post,AFDL,AINR,0.043209876543209874
post,RIBL,AINR,0.08888888888888889
post,AUAL,AINR,0.0125
post,BAGL,AINR,0.3
post,AWCL,ADLR,0.75
post,AVDL,ADLR,0.45
post,RIFL,AIAL,0.32051282051282054
post,AIBL,AIAL,0.17672413793103448
post,ASEL,AIAL,0.0379746835443038
post,AWCL,AIAL,0.024390243902439025
post,SMDDL,SMDVR,0.12807881773399016
post,RIAL,SMDVR,0.2066115702479339
post,RMFL,CEPDR,0.1111111111111111
post,RMHL,CEPDR,0.1320754716981132
post,AVEL,CEPDR,0.38095238095238093
post,RICL,CEPDR,0.5
post,RMDL,CEPDR,0.42857142857142855
pre,URYDL,RMDDR,0.375
pre,URYDL,OLLL,0.08333333333333333
post,OLLL,URYDL,0.08333333333333333
pre,URYDL,AVER,0.5
pre,URYDL,RMDVL,0.391304347826087
post,RMDVL,URYDL,0.391304347826087
pre,URYDL,SMDDR,0.9375
pre,RIBL,BAGR,0.10752688172043011
pre,RIBL,AIZL,0.020618556701030927
post,AIZL,RIBL,0.020618556701030927
pre,RIBL,AVER,0.043478260869565216
pre,RIBL,PVT,0.21428571428571427
pre,RIBL,RIS,0.006097560975609756
pre,RIBL,RIAL,0.0898876404494382
post,RIAL,RIBL,0.0898876404494382
pre,RIBL,AIBR,0.021739130434782608
pre,RIBL,SMDVR,0.038461538461538464
pre,RIBL,AVAL,0.15384615384615385
post,AVAL,RIBL,0.15384615384615385
pre,RIBL,AVEL,0.16
post,AVEL,RIBL,0.16
pre,RIBL,RIH,0.03076923076923077
pre,RIBL,AVBR,0.05263157894736842
pre,RIBL,URYDL,0.014925373134328358
pre,RIBL,AUAL,0.017857142857142856
post,AUAL,RIBL,0.017857142857142856
post,SMDDL,RMED,0.2653061224489796
post,RMDVL,RMED,0.029411764705882353
pre,AIML,AIAL,0.053811659192825115
post,AIAL,AIML,0.053811659192825115
pre,AIML,AVEL,0.16666666666666666
post,AVEL,AIML,0.16666666666666666
pre,AIML,SIBVR,0.1
pre,AIML,ASGL,0.03592814371257485
post,ASGL,AIML,0.03592814371257485
pre,AIML,ASJL,0.005263157894736842
post,ASJL,AIML,0.005263157894736842
pre,AIML,ASKL,0.06382978723404255
post,ASKL,AIML,0.06382978723404255
pre,AIML,AIBL,0.6
post,AIBL,AIML,0.6
pre,AIML,AVFL,0.04878048780487805
pre,AIML,ADFL,0.08
post,ADFL,AIML,0.08
post,IL1DL,RMDDR,0.16
post,RMDVL,RMDDR,0.1423948220064725
post,PVCL,AVM,0.18666666666666668
post,AVBL,AVM,0.2571428571428571
post,BDUL,AVM,0.05747126436781609
post,AVDL,AVM,0.06201550387596899
post,AVJL,AVM,0.018867924528301886
pre,ASHL,AVBL,0.06428571428571428
post,AVBL,ASHL,0.06428571428571428
pre,ASHL,PVCL,0.5
post,PVCL,ASHL,0.5
pre,ASHL,ASHR,0.05
pre,ASHL,AIAL,0.2903225806451613
post,AIAL,ASHL,0.2903225806451613
pre,ASHL,AVAR,0.6666666666666666
pre,ASHL,RIR,0.045454545454545456
pre,ASHL,AIBL,0.09615384615384616
post,AIBL,ASHL,0.09615384615384616
pre,ASHL,AVM,1.0
pre,ASHL,AVAL,0.22727272727272727
post,AVAL,ASHL,0.22727272727272727
pre,ASHL,RIML,0.3333333333333333
post,RIML,ASHL,0.3333333333333333
pre,ASHL,AVEL,0.15384615384615385
post,AVEL,ASHL,0.15384615384615385
pre,ASHL,RIAL,1.0555555555555556
post,RIAL,ASHL,1.0555555555555556
pre,ASHL,ADFL,0.20652173913043478
post,ADFL,ASHL,0.20652173913043478
pre,ASHL,ASKL,0.04081632653061224
post,ASKL,ASHL,0.04081632653061224
pre,ASHL,ADAL,0.03260869565217391
pre,ASHL,ASEL,0.024096385542168676
post,ASEL,ASHL,0.024096385542168676
pre,ASHL,ADLL,0.014925373134328358
pre,ASHL,AVBR,2.0
pre,ASHL,RIFL,0.024
post,RIFL,ASHL,0.024
pre,ASHL,AVDR,0.3448275862068966
post,SMBDL,URXR,0.08695652173913043
post,RICL,URXR,0.08333333333333333
pre,SMBDL,SAAVR,0.07692307692307693
pre,SMBDL,SMDDL,0.1
post,SMDDL,SMBDL,0.1
pre,SMBDL,RMED,1.2307692307692308
post,PVQL,AVHR,0.0136986301369863
post,ADFL,AVHR,0.0784313725490196
post,RIML,AVHR,0.08333333333333333
post,URXL,AVHR,0.2
post,RICL,AVHR,0.02127659574468085
post,SMBVL,AVHR,0.07692307692307693
pre,RMDL,RMDR,0.043478260869565216
pre,RMDL,IL1R,0.19047619047619047
pre,RMDL,RMGR,0.012048192771084338
pre,RMDL,RMER,0.23076923076923078
pre,RMDL,AVKL,0.058823529411764705
post,AVKL,RMDL,0.058823529411764705
pre,RMDL,RIS,0.018867924528301886
pre,RMDL,RIAL,0.15294117647058825
post,RIAL,RMDL,0.15294117647058825
pre,RMDL,RMFL,0.14814814814814814
post,RMFL,RMDL,0.14814814814814814
pre,RMDL,RMHL,0.07865168539325842
post,RMHL,RMDL,0.07865168539325842
pre,RMDL,RIML,0.05714285714285714
post,RIML,RMDL,0.05714285714285714
pre,RMDL,RMGL,0.015873015873015872
pre,RMDL,RIAR,0.13513513513513514
pre,RMDL,RMHR,0.013333333333333334
pre,RMDL,RMDVR,0.03529411764705882
pre,RMDL,IL2R,0.14285714285714285
pre,IL2DL,RIPL,0.05063291139240506
post,RIPL,IL2DL,0.05063291139240506
pre,IL2DL,RMDVL,0.2
post,RMDVL,IL2DL,0.2
pre,IL2DL,IL1DL,0.004694835680751174
post,IL1DL,IL2DL,0.004694835680751174
pre,IL2DL,RIBL,0.5
post,RIBL,IL2DL,0.5
pre,IL2DL,URADL,0.0189873417721519
post,URADL,IL2DL,0.0189873417721519
pre,IL2DL,AUAL,0.18181818181818182
post,AUAL,IL2DL,0.18181818181818182
pre,AWAL,AIZL,0.1875
post,AIZL,AWAL,0.1875
pre,AWAL,AWBL,0.034220532319391636
pre,AWAL,AIYL,0.02654867256637168
post,AIYL,AWAL,0.02654867256637168
pre,AWAL,ADFL,0.04
post,ADFL,AWAL,0.04
pre,AWAL,AFDL,0.11666666666666667
post,AFDL,AWAL,0.11666666666666667
post,RIPL,URAVL,0.19148936170212766
post,RMDL,IL2R,0.5714285714285714
pre,ADAL,RIPL,0.38095238095238093
post,RIPL,ADAL,0.38095238095238093
pre,ADAL,AVBL,0.2875
post,AVBL,ADAL,0.2875
pre,ADAL,AVAR,0.010471204188481676
pre,ADAL,RIML,0.20512820512820512
post,RIML,ADAL,0.20512820512820512
pre,ADAL,AIBR,0.30434782608695654
pre,ADAL,RICR,0.03076923076923077
pre,ADAL,AVAL,0.037037037037037035
post,AVAL,ADAL,0.037037037037037035
pre,ADAL,PVR,0.125
pre,ADAL,AVBR,0.20967741935483872
pre,ADAL,RICL,0.014925373134328358
post,RICL,ADAL,0.014925373134328358
pre,ADAL,ADLL,0.10869565217391304
pre,ADAL,AVJL,0.42857142857142855
post,AVJL,ADAL,0.42857142857142855
pre,ADAL,AVJR,0.24324324324324326
pre,CEPVL,IL1VL,0.044444444444444446
post,IL1VL,CEPVL,0.044444444444444446
pre,CEPVL,URYVL,0.015384615384615385
pre,CEPVL,URAVL,0.03076923076923077
post,URAVL,CEPVL,0.03076923076923077
pre,CEPVL,URBL,0.08108108108108109
pre,CEPVL,RICR,0.4117647058823529
pre,CEPVL,RMHL,0.17857142857142858
post,RMHL,CEPVL,0.17857142857142858
pre,CEPVL,RIPL,0.4
post,RIPL,CEPVL,0.4
pre,CEPVL,AVER,0.37142857142857144
pre,CEPVL,OLLL,0.12345679012345678
post,OLLL,CEPVL,0.12345679012345678
pre,CEPVL,URXL,0.42857142857142855
post,URXL,CEPVL,0.42857142857142855
pre,CEPVL,RMFR,0.14285714285714285
pre,CEPVL,RMDDL,0.031578947368421054
post,RMDDL,CEPVL,0.031578947368421054
pre,CEPVL,RMHR,0.041666666666666664
pre,CEPVL,RICL,0.3333333333333333
post,RICL,CEPVL,0.3333333333333333
pre,CEPVL,OLQVL,0.12903225806451613
pre,CEPVL,SMDVR,0.0641025641025641
post,SMDVL,ALNR,0.14285714285714285
post,SMDDL,ALNR,0.006993006993006993
post,SMBDL,ALNR,0.029411764705882353
post,RIVL,ALNR,0.09090909090909091
post,RMDDL,URADR,0.14285714285714285
pre,RIGL,BAGR,0.14285714285714285
pre,RIGL,AIZL,0.11940298507462686
post,AIZL,RIGL,0.11940298507462686
pre,RIGL,DVC,0.004098360655737705
pre,RIGL,AVKR,0.07692307692307693
pre,RIGL,RIR,0.2727272727272727
pre,RIGL,AVKL,0.019230769230769232
post,AVKL,RIGL,0.019230769230769232
pre,RIGL,RIAL,0.09090909090909091
post,RIAL,RIGL,0.09090909090909091
pre,RIGL,RMGL,0.12
pre,RIGL,OLQVL,0.2
pre,RIGL,AVEL,0.75
post,AVEL,RIGL,0.75
pre,RIGL,URYDL,0.0625
pre,RIGL,RIBL,0.42857142857142855
post,RIBL,RIGL,0.42857142857142855
pre,RIGL,AVER,0.1746031746031746
pre,OLQDL,RICR,0.25
pre,OLQDL,RMDDR,0.19444444444444445
pre,OLQDL,SIBVL,0.16666666666666666
pre,OLQDL,IL2L,0.3333333333333333
post,IL2L,OLQDL,0.3333333333333333
pre,RMDDL,IL1R,0.23333333333333334
pre,RMDDL,SMBDL,0.021739130434782608
post,SMBDL,RMDDL,0.021739130434782608
pre,RMDDL,RMDVR,0.17518248175182483
pre,RMDDL,IL1DR,0.037037037037037035
post,AIZL,AIBR,0.039473684210526314
post,SMDVL,AIBR,0.1
post,RMFL,AIBR,0.02631578947368421
post,AVAL,AIBR,0.3333333333333333
post,RIML,AIBR,0.33727810650887574
post,AVEL,AIBR,0.1111111111111111
post,RIBL,AIBR,0.6086956521739131
post,SMDDL,AIBR,0.2857142857142857
pre,RMFL,RMHL,0.04
post,RMHL,RMFL,0.04
pre,RMFL,RMDR,0.24193548387096775
pre,RMFL,AVKR,0.12359550561797752
pre,RMFL,RMGR,0.0380952380952381
pre,RMFL,AIBL,0.08333333333333333
post,AIBL,RMFL,0.08333333333333333
pre,RMFL,AVKL,0.037037037037037035
post,AVKL,RMFL,0.037037037037037035
pre,RMFL,RMDL,0.037037037037037035
post,RMDL,RMFL,0.037037037037037035
post,AIZL,AVER,0.022222222222222223
post,AIZL,RIH,0.46774193548387094
post,SMDVL,RIH,0.06666666666666667
post,RIAL,RIH,0.44339622641509435
post,IL2L,RIH,0.07407407407407407
post,AUAL,RIH,0.037037037037037035
post,RIPL,RIH,0.5833333333333334
post,BAGL,RIH,0.06666666666666667
post,RIBL,RIH,0.27692307692307694
pre,ASGL,AIML,0.023952095808383235
post,AIML,ASGL,0.023952095808383235
pre,ASGL,AIBL,0.2807017543859649
post,AIBL,ASGL,0.2807017543859649
pre,ASGL,AIAL,0.28205128205128205
post,AIAL,ASGL,0.28205128205128205
post,PVCL,AVJR,0.03278688524590164
post,AVBL,AVJR,0.02512562814070352
pre,SMBVL,AIZL,0.0058823529411764705
post,AIZL,SMBVL,0.0058823529411764705
pre,SMBVL,SAADL,0.15079365079365079
post,SAADL,SMBVL,0.15079365079365079
pre,SMBVL,RMEV,0.45454545454545453
pre,SMBVL,DVA,0.07407407407407407
pre,SMBVL,PLNL,0.01384083044982699
pre,SMBVL,RIAL,0.016129032258064516
post,RIAL,SMBVL,0.016129032258064516
pre,SMBVL,SIAVL,0.02358490566037736
post,RIGL,AVKR,0.05128205128205128
post,AVKL,AVKR,0.017825311942959002
post,RIML,AVKR,0.08928571428571429
post,RMDL,AVKR,0.02040816326530612
post,SAADL,AVKR,0.038461538461538464
post,SMDDL,AVKR,0.07142857142857142
pre,RIML,RIGL,0.07407407407407407
post,RIGL,RIML,0.07407407407407407
pre,RIML,PVCL,0.13636363636363635
post,PVCL,RIML,0.13636363636363635
pre,RIML,RMDR,0.49056603773584906
pre,RIML,AVBL,0.13186813186813187
post,AVBL,RIML,0.13186813186813187
pre,RIML,SMDVL,0.043478260869565216
post,SMDVL,RIML,0.043478260869565216
pre,RIML,SAADR,0.01818181818181818
pre,RIML,AIBR,0.11242603550295859
pre,RIML,SMDVR,0.05714285714285714
pre,RIML,SAADL,0.008547008547008548
post,SAADL,RIML,0.008547008547008548
pre,RIML,ADAL,0.07692307692307693
pre,RIML,SAAVR,0.05917159763313609
pre,RIML,AVEL,0.034482758620689655
post,AVEL,RIML,0.034482758620689655
pre,RIML,AVBR,0.41935483870967744
pre,RIML,SAAVL,0.08823529411764706
post,SAAVL,RIML,0.08823529411764706
pre,RIML,RMFR,0.08771929824561403
pre,RIML,RIBL,0.14705882352941177
post,RIBL,RIML,0.14705882352941177
pre,RIML,SMDDL,0.14953271028037382
post,SMDDL,RIML,0.14953271028037382
pre,RIML,SMDDR,0.09803921568627451
pre,RIML,RMDL,0.4
post,RMDL,RIML,0.4
post,AIBL,AIZR,0.5396825396825397
post,BAGL,AIZR,0.045454545454545456
post,AVEL,AIZR,0.2558139534883721
pre,ASKL,SIADR,1.5
pre,ASKL,ASJL,0.02185792349726776
post,ASJL,ASKL,0.02185792349726776
pre,ASKL,ADLL,0.031578947368421054
pre,ASKL,AIML,0.1276595744680851
post,AIML,ASKL,0.1276595744680851
pre,ASKL,AIBL,0.05172413793103448
post,AIBL,ASKL,0.05172413793103448
pre,ASKL,AVJL,1.0
post,AVJL,ASKL,1.0
pre,ASKL,ASEL,0.031746031746031744
post,ASEL,ASKL,0.031746031746031744
pre,ASKL,AIAL,0.19444444444444445
post,AIAL,ASKL,0.19444444444444445
pre,ASKL,AIAR,0.42857142857142855
pre,RIVL,RMDDR,0.047619047619047616
pre,RIVL,SDQR,0.014084507042253521
pre,RIVL,RMDVL,0.03125
post,RMDVL,RIVL,0.03125
pre,RIVL,SIAVR,0.07692307692307693
pre,RIVL,SAADR,0.14516129032258066
pre,RIVL,SMDDR,0.03937007874015748
pre,RIVL,SMDVL,0.015151515151515152
post,SMDVL,RIVL,0.015151515151515152
pre,RIVL,RIAR,0.0975609756097561
pre,RIVL,RIVR,0.06060606060606061
pre,RIVL,RIAL,0.031746031746031744
post,RIAL,RIVL,0.031746031746031744
pre,RIVL,RMDL,0.09090909090909091
post,RMDL,RIVL,0.09090909090909091
pre,IL2VL,RMEL,0.07407407407407407
post,RMEL,IL2VL,0.07407407407407407
pre,IL2VL,RIPL,0.12149532710280374
post,RIPL,IL2VL,0.12149532710280374
pre,IL2VL,RMER,0.21739130434782608
pre,IL2VL,URAVL,0.046511627906976744
post,URAVL,IL2VL,0.046511627906976744
pre,IL2VL,RMEV,0.125
pre,IL2VL,IL1VL,0.011904761904761904
post,IL1VL,IL2VL,0.011904761904761904
gap,AIZL,AWAL,0.0375
gap,AIZL,AWBL,0.008064516129032258
gap,AIZL,ASHL,0.01818181818181818
gap,AIZL,ASGL,0.058823529411764705
gap,AIZL,RIBL,0.010309278350515464
gap,AIZL,AIAL,0.02247191011235955
gap,AIZL,RIML,0.08
gap,AVHL,ASHL,0.3333333333333333
gap,IL1L,IL1VL,0.13043478260869565
gap,IL1L,IL1DL,0.8
gap,IL1L,IL2L,0.03431372549019608
gap,AVKL,RIGL,0.07692307692307693
gap,AVKL,PVPL,0.3333333333333333
gap,AVKL,RIML,0.014705882352941176
gap,AVKL,RICL,0.6666666666666666
gap,AVKL,SMBDL,0.05228758169934641
gap,AVKL,SMBVL,0.2127659574468085
gap,ADEL,RMDVL,0.02631578947368421
gap,AIBL,ASKL,0.034482758620689655
gap,AIBL,BAGL,0.3333333333333333
gap,AIBL,RIML,0.1
gap,AIBL,ASHL,0.028846153846153848
gap,AIBL,AFDL,0.04477611940298507
gap,AIBL,RIVL,0.13043478260869565
gap,RMHL,RMGL,0.2564102564102564
gap,RMHL,RMDL,0.06741573033707865
gap,SAAVL,RMDVL,0.04
gap,RMEL,AVEL,0.17647058823529413
gap,AUAL,URXL,0.14814814814814814
gap,AUAL,AWBL,0.020833333333333332
gap,AUAL,RIAL,0.009174311926605505
gap,IL2L,RMGL,0.11764705882352941
gap,IL2L,URBL,0.019736842105263157
gap,IL2L,URXL,0.038461538461538464
gap,IL2L,OLLL,0.00980392156862745
gap,URYVL,RIGL,0.2727272727272727
gap,AVBL,RIBL,0.75
gap,ASJL,AIAL,0.136986301369863
gap,ADFL,ADAL,0.2
gap,ADFL,AIAL,0.19047619047619047
gap,AIYL,RIML,0.25
gap,RMDVL,IL1DL,0.22388059701492538
gap,RMDVL,AVEL,0.125
gap,RMDVL,RMDDL,0.35294117647058826
gap,RMDVL,SMDVL,0.05
gap,RMDVL,RMDL,0.022727272727272728
gap,RMDVL,URYDL,0.2608695652173913
gap,URXL,RMGL,0.06666666666666667
gap,URXL,AFDL,0.3333333333333333
gap,ADLL,RMGL,0.45454545454545453
gap,IL1DL,RIPL,0.15789473684210525
gap,IL1DL,OLLL,0.058823529411764705
gap,ASIL,AIAL,0.17777777777777778
gap,PVQL,ADAL,0.02857142857142857
gap,PVQL,ASKL,0.13270142180094788
gap,AVAL,RIML,0.038461538461538464
gap,AVAL,AVEL,0.09803921568627451
gap,AVAL,RICL,0.012987012987012988
gap,RMGL,AWBL,0.16666666666666666
gap,RMGL,ASHL,0.03225806451612903
gap,RMGL,ASKL,0.2222222222222222
gap,OLLL,RIGL,0.5
gap,OLLL,OLQDL,0.25
gap,SMDDL,RIBL,0.11764705882352941
gap,SMDDL,RMDDL,0.09322033898305085
gap,SMDDL,RMDL,0.47368421052631576
gap,OLQVL,RIGL,0.6
gap,OLQVL,RIBL,0.22727272727272727
gap,OLQVL,CEPVL,0.1935483870967742
gap,OLQVL,URBL,0.5
gap,IL1VL,CEPVL,0.02962962962962963
gap,IL1VL,IL2VL,0.005952380952380952
gap,SIBVL,SIBDL,0.11875
gap,SIBVL,RIBL,0.4
gap,SIBVL,SMBDL,0.014814814814814815
gap,PVPL,RIGL,0.01639344262295082
gap,AWBL,AIAL,0.22580645161290322
gap,AWBL,ADAL,0.3333333333333333
gap,RIBL,RIGL,0.35714285714285715
gap,RIBL,OLQDL,0.14285714285714285
gap,RIBL,SIBDL,0.5
gap,RIBL,SMDVL,0.14285714285714285
gap,RIBL,RIAL,0.011235955056179775
gap,RIBL,SIADL,0.25
gap,SAADL,SMBDL,0.07777777777777778
gap,SAADL,RMDDL,0.03333333333333333
gap,SAADL,SMBVL,0.015873015873015872
gap,RIGL,OLQDL,0.8888888888888888
gap,RIGL,URYDL,0.4375
gap,SIBDL,SMBDL,0.008658008658008658
gap,AIAL,AWAL,0.25
gap,AIAL,ASGL,0.057692307692307696
gap,AIAL,AINL,0.1111111111111111
gap,AIAL,AWCL,0.024390243902439025
gap,RIML,AVEL,0.3103448275862069
gap,ASHL,ADAL,0.2391304347826087
gap,ASHL,ASKL,0.02040816326530612
gap,ASHL,RICL,0.23684210526315788
gap,BAGL,AINL,0.07407407407407407
gap,RMDL,RMFL,0.14814814814814814
gap,RMDL,AVEL,0.012987012987012988
gap,RMDL,CEPVL,0.021739130434782608
gap,RMDL,RMDDL,0.35294117647058826
gap,FLPL,AVEL,0.05714285714285714
gap,FLPL,AVDL,0.04
gap,URAVL,CEPVL,0.046153846153846156
gap,AINL,ASGL,0.625
gap,URBL,OLQDL,0.058823529411764705
gap,CEPDL,OLQDL,0.4230769230769231
gap,ADAL,AVDL,0.4
gap,ALML,AVDL,0.09375
gap,ALML,BDUL,0.05357142857142857
gap,SMDVL,RIVL,0.03535353535353535
gap,RICL,CEPVL,0.0625
gap,AVEL,RIVL,0.38461538461538464
gap,SMBVL,RIAL,0.016129032258064516
gap,RIAL,RMDDL,0.006134969325153374
