pre,AVHL,ADFR,0.08620689655172414
pre,AVHL,ASHR,0.02040816326530612
pre,AVHL,RIMR,0.02857142857142857
pre,AVHL,AVAR,0.05555555555555555
pre,AVHL,RIR,0.03636363636363636
pre,AVHL,AVBL,0.006535947712418301
post,AVBL,AVHL,0.006535947712418301
pre,AVHL,SMBDR,0.5
pre,AVHL,BDUR,0.015384615384615385
pre,AVHL,AWBR,0.05
pre,AVHL,AVBR,0.012048192771084338
pre,AVHL,AVDL,0.005208333333333333
post,AVDL,AVHL,0.005208333333333333
pre,AVHL,SMBVR,0.06666666666666667
pre,AVHL,AVJL,0.02830188679245283
pre,AVHL,PVPR,0.005813953488372093
pre,AVHL,RIFR,0.023255813953488372
pre,AIBL,SIAVR,1.0
pre,AIBL,SAADR,0.3448275862068966
pre,AIBL,AVAL,0.044642857142857144
post,AVAL,AIBL,0.044642857142857144
pre,AIBL,AVEL,0.01020408163265306
post,AVEL,AIBL,0.01020408163265306
pre,AIBL,ASHL,0.012048192771084338
pre,AIBL,SAAVL,0.09090909090909091
post,SAAVL,AIBL,0.09090909090909091
pre,AIBL,SMDDR,0.2222222222222222
pre,AIBL,AIZR,0.08433734939759036
pre,AIBL,FLPL,0.027777777777777776
pre,AIBL,RMFR,0.12244897959183673
pre,AIBL,RIBR,0.8421052631578947
pre,AIBL,AVBL,0.4423076923076923
post,AVBL,AIBL,0.4423076923076923
pre,AIBL,RIMR,0.38666666666666666
pre,AIBL,SMDVR,4.0
pre,AIBL,RIML,0.04
post,RIML,AIBL,0.04
pre,AIBL,SIADR,0.05714285714285714
pre,AIBL,SIBVR,0.5
pre,AIBL,RIGR,0.09803921568627451
pre,AIBL,SAADL,0.38461538461538464
post,SAADL,AIBL,0.38461538461538464
pre,AIBL,RIFL,0.03333333333333333
post,AVAL,SMBDR,0.029411764705882353
post,SAAVL,SMBDR,0.13114754098360656
post,SMBDL,SMBDR,0.08823529411764706
post,RIVL,SMBDR,0.0625
post,SAAVL,RMHL,0.0625
post,RMDDL,RMHL,0.05128205128205128
post,RICL,RMHL,0.007633587786259542
post,RMEL,URAVR,0.02127659574468085
post,RMDVL,URAVR,0.1111111111111111
post,RMFL,SDQL,0.15789473684210525
post,PVCL,SDQL,0.2
post,AVBL,SDQL,0.016129032258064516
post,AVAL,SDQL,0.4166666666666667
post,SIBVL,SDQL,0.05263157894736842
post,AVEL,SDQL,0.5
post,AVDL,SDQL,0.15
pre,SAAVL,OLLR,0.25
pre,SAAVL,AVAL,0.3111111111111111
post,AVAL,SAAVL,0.3111111111111111
pre,SAAVL,RIML,0.09090909090909091
post,RIML,SAAVL,0.09090909090909091
pre,SAAVL,RMFR,0.06707317073170732
pre,SAAVL,RIMR,0.2972972972972973
pre,SAAVL,SMDDR,0.14516129032258066
pre,SAAVL,SMDVL,0.00546448087431694
post,SMDVL,SAAVL,0.00546448087431694
pre,SAAVL,AIBL,0.09090909090909091
post,AIBL,SAAVL,0.09090909090909091
pre,SAAVL,SMBDR,0.03278688524590164
post,AIZL,ASIL,0.125
post,AIBL,ASIL,0.10714285714285714
post,ASKL,ASIL,0.06666666666666667
post,AIAL,ASIL,0.022727272727272728
post,RIAL,ASIL,3.0
post,AWCL,ASIL,0.015957446808510637
post,AIYL,ASIL,0.047619047619047616
post,SAAVL,ASIL,0.3333333333333333
post,RIBL,ASIL,0.02
post,RMDDL,ALMR,0.08333333333333333
post,SMDDL,ALMR,0.1111111111111111
post,SIADL,ALMR,0.041666666666666664
post,RMEL,IL2DR,1.5
post,RIPL,IL2DR,0.3333333333333333
post,RICL,IL2DR,0.25
pre,URYVL,IL1VL,0.017857142857142856
post,IL1VL,URYVL,0.017857142857142856
pre,URYVL,OLQVL,0.08181818181818182
post,OLQVL,URYVL,0.08181818181818182
pre,URYVL,SIBVR,0.42857142857142855
pre,URYVL,RIBL,0.15789473684210525
post,RIBL,URYVL,0.15789473684210525
pre,URYVL,OLLL,0.6923076923076923
post,OLLL,URYVL,0.6923076923076923
pre,URYVL,RIS,0.0625
pre,URYVL,RIAL,0.2
post,RIAL,URYVL,0.2
pre,URYVL,RID,0.2727272727272727
pre,URYVL,SMDVR,0.8125
pre,URYVL,URXL,0.2
post,URXL,URYVL,0.2
pre,URYVL,SIBVL,0.5
post,SIBVL,URYVL,0.5
pre,URYVL,CEPVL,0.06818181818181818
post,CEPVL,URYVL,0.06818181818181818
pre,URYVL,RIH,0.1
pre,URYVL,AVBR,0.5
pre,URYVL,ADAL,0.125
post,ADAL,URYVL,0.125
pre,URYVL,RMDDL,0.7666666666666667
post,RMDDL,URYVL,0.7666666666666667
pre,URYVL,RMDVR,1.1666666666666667
pre,URYVL,AVJR,0.25
pre,URYVL,AVER,0.6216216216216216
pre,URYVL,AVDR,0.2
post,RIGL,DVC,0.0975609756097561
post,AVBL,DVC,0.011363636363636364
post,AIBL,DVC,0.03529411764705882
post,AVKL,DVC,0.006920415224913495
post,RMFL,DVC,0.208955223880597
post,AVAL,DVC,0.19047619047619047
post,URAVL,DVC,0.5
post,RIBL,DVC,0.14285714285714285
post,AVKL,RMFR,0.04929577464788732
post,RMDL,RMFR,0.3333333333333333
post,AVBL,AVAR,0.07692307692307693
pre,ASJL,HSNR,0.0625
pre,ASJL,HSNL,0.017543859649122806
pre,ASJL,PVQL,0.16444444444444445
pre,ASJL,ASKL,0.06666666666666667
post,ASKL,ASJL,0.06666666666666667
pre,ASJL,CEPDL,0.2
post,CEPDL,ASJL,0.2
pre,ASJL,ALA,0.04285714285714286
pre,ASJL,ASKR,0.2
pre,ADFL,RIGL,0.36363636363636365
post,RIGL,ADFL,0.36363636363636365
pre,ADFL,AIZL,0.24607329842931938
post,AIZL,ADFL,0.24607329842931938
pre,ADFL,SMBDL,0.024390243902439025
post,SMBDL,ADFL,0.024390243902439025
pre,ADFL,AIAL,0.18181818181818182
post,AIAL,ADFL,0.18181818181818182
pre,ADFL,ADLL,0.058823529411764705
pre,ADFL,RIR,0.08163265306122448
pre,ADFL,AIBL,0.3333333333333333
post,AIBL,ADFL,0.3333333333333333
pre,ADFL,AIBR,0.14285714285714285
pre,ADFL,RIAL,0.6129032258064516
post,RIAL,ADFL,0.6129032258064516
pre,ADFL,AWCR,2.0
pre,ADFL,URXL,0.05555555555555555
post,URXL,ADFL,0.05555555555555555
pre,ADFL,AWBL,0.011834319526627219
post,AWBL,ADFL,0.011834319526627219
pre,ADFL,RIBL,0.07407407407407407
post,RIBL,ADFL,0.07407407407407407
pre,ADFL,ADAL,0.15
post,ADAL,ADFL,0.15
pre,ADFL,AFDL,0.022727272727272728
pre,ADFL,AUAL,0.1016949152542373
post,AUAL,ADFL,0.1016949152542373
pre,ADFL,SMBVL,0.1
post,SMBVL,ADFL,0.1
post,IL1L,RMER,0.046511627906976744
pre,URXL,RIGL,0.20689655172413793
post,RIGL,URXL,0.20689655172413793
pre,URXL,AIZL,1.0
post,AIZL,URXL,1.0
pre,URXL,RIR,0.02
pre,URXL,RIAL,0.38461538461538464
post,RIAL,URXL,0.38461538461538464
pre,URXL,IL2L,0.125
pre,URXL,AVAL,0.16666666666666666
post,AVAL,URXL,0.16666666666666666
pre,URXL,RMGL,0.14705882352941177
pre,URXL,ASHL,0.03125
pre,URXL,RICL,0.25
post,RICL,URXL,0.25
pre,URXL,AVEL,0.5625
post,AVEL,URXL,0.5625
pre,URXL,AVJR,0.75
pre,URXL,OLQVL,2.0
post,OLQVL,URXL,2.0
pre,URXL,AVDR,0.1111111111111111
pre,URXL,AVBL,0.8333333333333334
post,AVBL,URXL,0.8333333333333334
pre,URXL,RID,0.5
pre,URXL,ADFL,0.05555555555555555
pre,URXL,CEPDL,0.004901960784313725
post,CEPDL,URXL,0.004901960784313725
pre,URXL,HSNR,1.0
pre,URXL,AUAL,0.28
post,AUAL,URXL,0.28
pre,URXL,ADAL,0.2564102564102564
post,ADAL,URXL,0.2564102564102564
pre,URXL,AIML,0.07407407407407407
post,AVHL,SMBVR,0.03333333333333333
post,RMDL,SMBVR,0.05714285714285714
pre,ASEL,OLLR,0.2
pre,ASEL,AIZL,0.021739130434782608
post,AIZL,ASEL,0.021739130434782608
pre,ASEL,ADFR,0.1
pre,ASEL,AIYR,0.30434782608695654
pre,ASEL,AIAL,0.10344827586206896
post,AIAL,ASEL,0.10344827586206896
pre,ASEL,RIR,0.038461538461538464
pre,ASEL,ASJL,0.014705882352941176
pre,ASEL,AIBR,0.325
pre,ASEL,AWCL,0.10650887573964497
post,AWCL,ASEL,0.10650887573964497
pre,ASEL,AWCR,0.10869565217391304
pre,ASEL,AWBL,0.006329113924050633
post,AWBL,ASEL,0.006329113924050633
pre,ASEL,AFDR,0.04918032786885246
pre,ASEL,AIYL,0.3364485981308411
post,AIYL,ASEL,0.3364485981308411
pre,ASEL,RIAR,0.25
pre,ASEL,AIBL,0.11042944785276074
post,AIBL,ASEL,0.11042944785276074
pre,ASEL,ASER,0.05263157894736842
post,SMDDL,URYDR,0.5238095238095238
post,AVBL,URYDR,0.25
post,AWCL,URYDR,0.5
post,RMDDL,URYDR,0.6
post,AVEL,URYDR,0.45454545454545453
post,URAVL,RMDVR,0.6153846153846154
post,IL1L,RMDVR,0.038461538461538464
post,SIAVL,RMDVR,0.03333333333333333
post,RMDDL,RMDVR,0.2732919254658385
post,OLQVL,RMDVR,0.07142857142857142
post,AVFL,AIMR,0.07894736842105263
pre,IL1DL,RMEL,0.02702702702702703
post,RMEL,IL1DL,0.02702702702702703
pre,IL1DL,RMDDR,0.13636363636363635
pre,IL1DL,RMDVL,0.09375
post,RMDVL,IL1DL,0.09375
pre,IL1DL,RIPL,0.18333333333333332
post,RIPL,IL1DL,0.18333333333333332
pre,IL1DL,URADL,0.08403361344537816
post,URADL,IL1DL,0.08403361344537816
pre,IL1DL,IL2DL,0.006097560975609756
post,ASEL,AIYR,0.028985507246376812
post,AIYL,AIYR,0.27906976744186046
post,RMDDL,OLQDR,0.24324324324324326
post,RICL,OLQDR,0.125
post,SMDVL,SAADR,0.1111111111111111
post,AIBL,SAADR,0.034482758620689655
post,RMFL,SAADR,0.1282051282051282
post,AVAL,SAADR,0.014285714285714285
post,RIML,SAADR,0.15384615384615385
post,OLLL,SAADR,0.13636363636363635
post,PVCL,PVCR,0.009009009009009009
post,AVHL,PVCR,0.01
post,AVBL,PVCR,0.10441767068273092
post,AVAL,PVCR,0.13043478260869565
post,AVEL,PVCR,0.1896551724137931
post,AVDL,PVCR,0.10483870967741936
post,SMDVL,RIS,0.008403361344537815
post,AVKL,RIS,0.05555555555555555
post,CEPDL,RIS,0.36363636363636365
post,SMDDL,RIS,0.014492753623188406
post,RMDL,RIS,0.125
post,RIML,RIS,0.25
post,AVEL,RIS,0.17525773195876287
post,CEPVL,RIS,0.3181818181818182
post,RMDDL,RIS,0.1
post,RIBL,RIS,0.07766990291262135
pre,RIAL,BAGR,0.058823529411764705
pre,RIAL,AIZL,0.005128205128205128
post,AIZL,RIAL,0.005128205128205128
pre,RIAL,SMDVL,0.12612612612612611
post,SMDVL,RIAL,0.12612612612612611
pre,RIAL,URXL,0.05128205128205128
post,URXL,RIAL,0.05128205128205128
pre,RIAL,RIR,0.075
pre,RIAL,AVAL,0.04
post,AVAL,RIAL,0.04
pre,RIAL,SMBDR,3.5
pre,RIAL,RMDDR,0.47297297297297297
pre,RIAL,RIVR,0.10714285714285714
pre,RIAL,SIAVR,0.08333333333333333
pre,RIAL,SMDDR,0.48484848484848486
pre,RIAL,CEPDL,0.03571428571428571
post,CEPDL,RIAL,0.03571428571428571
pre,RIAL,SMDDL,0.3055555555555556
post,SMDDL,RIAL,0.3055555555555556
pre,RIAL,RIAR,0.09504132231404959
pre,RIAL,RMDL,0.26262626262626265
post,RMDL,RIAL,0.26262626262626265
pre,RIAL,SIADL,0.6
post,SIADL,RIAL,0.6
pre,RIAL,RMDR,0.2537313432835821
pre,RIAL,AQR,0.4
pre,RIAL,SMDVR,0.34831460674157305
pre,RIAL,RIML,0.02531645569620253
post,RIML,RIAL,0.02531645569620253
pre,RIAL,RMDVL,0.4067796610169492
post,RMDVL,RIAL,0.4067796610169492
pre,RIAL,SAADL,0.04
post,SAADL,RIAL,0.04
pre,RIAL,RMDDL,0.42105263157894735
post,RMDDL,RIAL,0.42105263157894735
pre,RIAL,RIVL,0.14814814814814814
post,RIVL,RIAL,0.14814814814814814
pre,RIAL,RMDVR,0.6075949367088608
pre,RIAL,RIBL,0.019801980198019802
post,RIBL,RIAL,0.019801980198019802
post,RMEL,IL2VR,0.47058823529411764
post,SMBDL,SAAVR,0.0136986301369863
post,AVBL,SAAVR,0.08333333333333333
post,RIML,SAAVR,0.18181818181818182
post,SMDDL,SAAVR,0.12686567164179105
post,RMDVL,OLQVR,0.8181818181818182
pre,OLLL,RMEL,0.06756756756756757
post,RMEL,OLLL,0.06756756756756757
pre,OLLL,URYVL,0.07692307692307693
pre,OLLL,RIBL,0.36363636363636365
post,RIBL,OLLL,0.36363636363636365
pre,OLLL,SMDVR,0.47619047619047616
pre,OLLL,IL1VL,0.08571428571428572
post,IL1VL,OLLL,0.08571428571428572
pre,OLLL,CEPDL,0.19230769230769232
post,CEPDL,OLLL,0.19230769230769232
pre,OLLL,AVER,0.6309523809523809
pre,OLLL,CEPVL,0.34146341463414637
post,CEPVL,OLLL,0.34146341463414637
pre,OLLL,RMDVL,0.10344827586206896
post,RMDVL,OLLL,0.10344827586206896
pre,OLLL,URYDL,0.1111111111111111
pre,OLLL,SMDDR,0.75
pre,OLLL,RMDDL,0.5238095238095238
post,RMDDL,OLLL,0.5238095238095238
pre,OLLL,SMDDL,0.5714285714285714
post,SMDDL,OLLL,0.5714285714285714
pre,OLLL,ADEL,0.08928571428571429
post,ADEL,OLLL,0.08928571428571429
pre,OLLL,RMDL,0.05555555555555555
post,RMDL,OLLL,0.05555555555555555
pre,SMDDL,RMDR,0.047619047619047616
pre,SMDDL,RIMR,0.015384615384615385
pre,SMDDL,SIBDL,0.027777777777777776
post,SIBDL,SMDDL,0.027777777777777776
pre,SMDDL,RIS,0.028985507246376812
pre,SMDDL,RIAL,0.125
post,RIAL,SMDDL,0.125
pre,SMDDL,RMDL,0.14285714285714285
post,RMDL,SMDDL,0.14285714285714285
pre,SMDDL,SMDVR,0.1349206349206349
pre,SMDDL,RIML,0.0425531914893617
post,RIML,SMDDL,0.0425531914893617
pre,SMDDL,AVEL,0.05
post,AVEL,SMDDL,0.05
pre,SMDDL,RMED,0.2692307692307692
pre,SMDDL,RMEV,0.125
pre,SMDDL,SAAVR,0.007462686567164179
pre,SMDDL,SMDDR,0.018518518518518517
pre,SMDDL,RIVR,0.010638297872340425
pre,SMDDL,RIAR,0.2413793103448276
pre,SMDDL,AVER,0.06666666666666667
post,OLQVL,RIPL,0.030303030303030304
post,PVCL,ASHR,0.16666666666666666
post,AVHL,ASHR,0.02040816326530612
post,AWBL,ASHR,0.16666666666666666
post,AVDL,ASHR,0.7297297297297297
post,RIGL,PVT,0.008333333333333333
post,AIBL,PVT,0.14285714285714285
post,AVKL,PVT,0.024734982332155476
post,RMFL,PVT,0.04
post,RIGL,ADER,0.14150943396226415
post,RMDL,ADER,0.058823529411764705
post,AVAL,ADER,0.06741573033707865
post,ADEL,ADER,0.015384615384615385
pre,BAGL,RIGL,0.75
post,RIGL,BAGL,0.75
pre,BAGL,BAGR,0.0136986301369863
pre,BAGL,ADFR,0.047619047619047616
pre,BAGL,RIBR,0.2375
pre,BAGL,AUAR,0.0625
pre,BAGL,RIGR,0.35
pre,BAGL,AVAR,0.21428571428571427
pre,BAGL,RID,0.3
pre,BAGL,AIBL,0.5
post,AIBL,BAGL,0.5
pre,BAGL,AINL,0.037037037037037035
pre,BAGL,URXR,0.5
pre,BAGL,CEPVR,0.14285714285714285
pre,BAGL,AVEL,0.4
post,AVEL,BAGL,0.4
pre,BAGL,RIPR,0.09090909090909091
pre,BAGL,RIVR,0.2222222222222222
pre,BAGL,RIAR,0.47368421052631576
pre,BAGL,AVER,0.5
pre,BAGL,AIZR,0.08333333333333333
post,RIGL,AWBL,0.5
post,AIZL,AWBL,0.18292682926829268
post,AIAL,AWBL,0.09302325581395349
post,RIAL,AWBL,1.0
post,AVBL,AWBL,0.14285714285714285
post,AWCL,AWBL,0.1
post,AIYL,AWBL,0.014925373134328358
post,ASEL,AWBL,0.006329113924050633
post,SMBDL,AWBL,0.2
post,SMBVL,AWBL,0.07894736842105263
post,PVCL,FLPR,0.014925373134328358
post,AVBL,FLPR,0.7236842105263158
post,AVAL,FLPR,0.5
post,AVEL,FLPR,0.4318181818181818
post,AVDL,FLPR,0.55
post,ADAL,FLPR,0.045454545454545456
post,ADEL,SIAVL,0.3333333333333333
post,AWCL,AIAR,0.2
pre,RIGL,BAGR,0.14285714285714285
pre,RIGL,AIZL,0.1282051282051282
post,AIZL,RIGL,0.1282051282051282
pre,RIGL,AVKR,0.19540229885057472
pre,RIGL,DVA,0.3333333333333333
pre,RIGL,ADLL,1.0
pre,RIGL,RIR,0.1509433962264151
pre,RIGL,AIBR,0.0625
pre,RIGL,RIH,0.08333333333333333
pre,RIGL,PVPL,0.02631578947368421
pre,RIGL,AVER,0.015151515151515152
pre,RIGL,RMGL,2.0
pre,RIGL,ALNL,0.8571428571428571
pre,RIGL,ADFL,0.09090909090909091
pre,RIGL,AVEL,0.35
post,AVEL,RIGL,0.35
pre,RIGL,URXL,0.20689655172413793
post,URXL,RIGL,0.20689655172413793
pre,RIGL,RIBL,0.3
post,RIBL,RIGL,0.3
pre,RIGL,RMHR,1.2777777777777777
pre,RIGL,OLQVL,0.18181818181818182
post,OLQVL,RIGL,0.18181818181818182
pre,RIGL,AIZR,0.02631578947368421
pre,PVCL,ADLR,0.07407407407407407
pre,PVCL,ASHR,0.1111111111111111
pre,PVCL,AVBL,0.018433179723502304
post,AVBL,PVCL,0.018433179723502304
pre,PVCL,AVAR,0.04878048780487805
pre,PVCL,AVBR,0.16417910447761194
pre,PVCL,PVCR,0.04054054054054054
pre,PVCL,RID,0.10344827586206896
pre,PVCL,RIS,0.034482758620689655
pre,PVCL,SIBVL,0.13513513513513514
post,SIBVL,PVCL,0.13513513513513514
pre,PVCL,SIBDL,0.11764705882352941
post,SIBDL,PVCL,0.11764705882352941
pre,PVCL,AVDL,0.07142857142857142
post,AVDL,PVCL,0.07142857142857142
pre,PVCL,SMBVR,0.13043478260869565
pre,PVCL,AVJL,0.047619047619047616
pre,PVCL,AVJR,0.022988505747126436
pre,PVCL,AVER,0.38235294117647056
pre,PVCL,AVDR,0.07333333333333333
post,AIZL,HSNR,0.21428571428571427
post,AIAL,HSNR,0.043478260869565216
post,AIBL,HSNR,0.5
post,AVFL,HSNR,0.018957345971563982
post,RIML,HSNR,0.047619047619047616
post,AWBL,HSNR,0.10526315789473684
post,AVHL,HSNR,0.4
post,AVAL,BDUR,0.1875
post,AVHL,BDUR,0.046153846153846156
pre,AFDL,AWBL,0.5
post,AWBL,AFDL,0.5
pre,AFDL,AIYL,0.14917127071823205
post,AIYL,AFDL,0.14917127071823205
pre,AFDL,AINR,0.02586206896551724
pre,AFDL,ASEL,0.023255813953488372
post,ASEL,AFDL,0.023255813953488372
pre,AFDL,AIBL,0.010526315789473684
post,AIBL,AFDL,0.010526315789473684
pre,AFDL,ASER,0.02127659574468085
pre,PVPL,RIGL,0.013157894736842105
post,RIGL,PVPL,0.013157894736842105
pre,PVPL,PVCL,0.13636363636363635
post,PVCL,PVPL,0.13636363636363635
pre,PVPL,AVBL,0.16091954022988506
post,AVBL,PVPL,0.16091954022988506
pre,PVPL,AVAR,0.028169014084507043
pre,PVPL,RIR,0.014705882352941176
pre,PVPL,AQR,0.05113636363636364
pre,PVPL,PVCR,0.13846153846153847
pre,PVPL,AVAL,0.3333333333333333
post,AVAL,PVPL,0.3333333333333333
pre,PVPL,AVBR,0.05909090909090909
pre,PVPL,ADAL,0.02
post,ADAL,PVPL,0.02
pre,PVPL,AVHR,0.008928571428571428
pre,PVPL,AVDR,0.06060606060606061
pre,CEPDL,IL1DL,0.391304347826087
post,IL1DL,CEPDL,0.391304347826087
pre,CEPDL,OLQDL,0.5625
post,OLQDL,CEPDL,0.5625
pre,CEPDL,URADL,0.11267605633802817
post,URADL,CEPDL,0.11267605633802817
pre,CEPDL,RIS,0.2727272727272727
pre,CEPDL,RIH,0.08333333333333333
pre,CEPDL,SMBDR,0.1111111111111111
pre,CEPDL,RICR,0.5714285714285714
pre,CEPDL,RMHL,0.2
post,RMHL,CEPDL,0.2
pre,CEPDL,RMGL,0.09523809523809523
pre,CEPDL,OLLL,0.3076923076923077
post,OLLL,CEPDL,0.3076923076923077
pre,CEPDL,AFDL,0.2857142857142857
pre,CEPDL,RICL,0.5789473684210527
post,RICL,CEPDL,0.5789473684210527
pre,CEPDL,ALML,0.08
pre,CEPDL,IL2DL,0.010526315789473684
pre,CEPDL,RIPL,2.0
post,RIPL,CEPDL,2.0
pre,CEPDL,URBL,0.19642857142857142
pre,CEPDL,AINL,0.5
pre,CEPDL,SIADR,0.4444444444444444
pre,CEPDL,CEPDR,0.25
pre,CEPDL,RMDVL,0.3023255813953488
post,RMDVL,CEPDL,0.3023255813953488
pre,CEPDL,URYDL,0.14583333333333334
pre,CEPDL,RIBL,0.2727272727272727
post,RIBL,CEPDL,0.2727272727272727
pre,CEPDL,RMHR,0.22857142857142856
pre,CEPDL,AVER,0.5652173913043478
post,AVDL,FLPL,4.166666666666667
post,ADEL,FLPL,0.2169811320754717
post,AIBL,FLPL,0.1388888888888889
post,AVAL,FLPL,0.21739130434782608
post,RIGL,AQR,0.07692307692307693
post,PVCL,AQR,0.013157894736842105
post,AVBL,AQR,0.025179856115107913
post,RIAL,AQR,0.8
post,AVAL,AQR,0.02247191011235955
post,AVDL,AQR,0.0379746835443038
post,URXL,AQR,1.6666666666666667
post,BAGL,AQR,0.11940298507462686
post,AIZL,DVA,0.09615384615384616
post,PVCL,DVA,0.05555555555555555
post,SMBVL,DVA,0.2631578947368421
post,RIAL,DVA,0.35714285714285715
post,AVAL,DVA,0.10606060606060606
post,AVEL,DVA,0.3114754098360656
post,SMDVL,DVA,0.007194244604316547
post,SAAVL,DVA,0.375
post,SMBDL,DVA,0.07692307692307693
post,AUAL,DVA,0.19047619047619047
post,AVBL,DVA,0.008264462809917356
post,URXL,DVA,0.125
post,AIBL,ASKL,0.08035714285714286
post,AIAL,ASKL,0.15
pre,AINL,ASEL,0.016129032258064516
post,ASEL,AINL,0.016129032258064516
pre,AINL,RIBR,0.036585365853658534
pre,AINL,AUAR,0.021052631578947368
pre,AINL,RIBL,0.2
post,RIBL,AINL,0.2
pre,AINL,RID,0.05714285714285714
pre,AINL,BAGL,0.18518518518518517
post,BAGL,AINL,0.18518518518518517
pre,AINL,RMFL,0.1
post,RMFL,AINL,0.1
pre,AINL,AFDR,0.09345794392523364
pre,AINL,ASGR,0.022727272727272728
pre,AINL,ASIL,2.75
pre,AINL,AIAR,0.025
post,RMEL,IL2R,0.03759398496240601
post,RMDL,IL2R,0.6
post,AIZL,HSNL,0.46153846153846156
post,AVFL,HSNL,0.03669724770642202
post,ASKL,HSNL,0.02564102564102564
post,AIAL,HSNL,0.2857142857142857
post,RIML,HSNL,0.45454545454545453
post,AWBL,HSNL,0.1724137931034483
pre,SAADL,RIGL,0.014492753623188406
post,RIGL,SAADL,0.014492753623188406
pre,SAADL,OLLR,0.23529411764705882
pre,SAADL,RIML,0.11458333333333333
post,RIML,SAADL,0.11458333333333333
pre,SAADL,AIBL,0.07692307692307693
post,AIBL,SAADL,0.07692307692307693
pre,SAADL,RMFR,0.03333333333333333
pre,SAADL,RIMR,0.14285714285714285
pre,SAADL,SIBVR,0.047619047619047616
pre,SAADL,RMDVR,0.02
pre,SAADL,AVAL,1.2142857142857142
post,AVAL,SAADL,1.2142857142857142
pre,ALML,PVCL,0.2619047619047619
post,PVCL,ALML,0.2619047619047619
pre,ALML,BDUL,0.19480519480519481
pre,ALML,AIML,0.029411764705882353
pre,ALML,PVCR,0.15384615384615385
pre,ALML,SMBDR,0.03225806451612903
pre,ALML,RICR,0.6
pre,ALML,RMDDR,0.2
pre,ALML,RMGL,0.14285714285714285
pre,ALML,CEPVL,0.13043478260869565
post,CEPVL,ALML,0.13043478260869565
pre,ALML,SDQL,0.031746031746031744
pre,ALML,RICL,2.0
post,RICL,ALML,2.0
pre,ALML,AVEL,0.14285714285714285
post,AVEL,ALML,0.14285714285714285
pre,ALML,CEPDL,0.08
post,CEPDL,ALML,0.08
pre,ALML,RIFL,0.044444444444444446
pre,ALML,AVDR,0.06521739130434782
post,AIZL,RIR,0.13186813186813187
post,RIGL,RIR,0.03773584905660377
post,RIAL,RIR,0.275
post,AUAL,RIR,0.1891891891891892
post,AVEL,RIR,0.6666666666666666
post,URXL,RIR,0.18
post,RIML,RIFL,0.09090909090909091
post,AVBL,RIFL,0.3225806451612903
post,AIAL,PVQR,0.3333333333333333
post,RMDDL,RMEV,0.022222222222222223
post,SMDVL,RMEV,0.024390243902439025
post,PVCL,PVPR,0.15
post,AVHL,PVPR,0.005813953488372093
post,AVBL,PVPR,0.04854368932038835
post,AVAL,PVPR,0.013157894736842105
post,URXL,PVNR,0.5
post,CEPDL,PVNR,0.2857142857142857
post,AIAL,ASKR,0.5
pre,RICL,RICR,0.012903225806451613
pre,RICL,SMDDL,0.19642857142857142
post,SMDDL,RICL,0.19642857142857142
pre,RICL,RMFR,0.09090909090909091
pre,RICL,ADLR,0.2222222222222222
pre,RICL,RIMR,0.25
pre,RICL,AVAR,0.6666666666666666
pre,RICL,URBR,0.0625
pre,RICL,SMBDR,0.02127659574468085
pre,RICL,SMDVR,0.05555555555555555
pre,RICL,AVAL,0.3333333333333333
post,AVAL,RICL,0.3333333333333333
pre,RICL,RIML,0.08333333333333333
post,RIML,RICL,0.08333333333333333
pre,RICL,CEPVL,0.03225806451612903
post,CEPVL,RICL,0.03225806451612903
pre,RICL,ADAR,0.0958904109589041
pre,RICL,ADAL,0.017241379310344827
post,ADAL,RICL,0.017241379310344827
pre,RICL,SMDDR,0.25806451612903225
pre,RICL,RIVR,0.07017543859649122
pre,RICL,SMBDL,0.20833333333333334
post,SMBDL,RICL,0.20833333333333334
pre,RICL,CEPDL,0.05263157894736842
post,CEPDL,RICL,0.05263157894736842
pre,RICL,OLQVL,0.125
post,OLQVL,RICL,0.125
post,AVEL,ALA,0.17391304347826086
pre,RIBL,RIGL,0.1
post,RIGL,RIBL,0.1
pre,RIBL,BAGR,0.036585365853658534
pre,RIBL,DVC,0.07142857142857142
pre,RIBL,RMDR,0.05555555555555555
pre,RIBL,AIBR,0.2857142857142857
pre,RIBL,RIAL,0.0594059405940594
post,RIAL,RIBL,0.0594059405940594
pre,RIBL,RIS,0.04854368932038835
pre,RIBL,SMDVR,0.18181818181818182
pre,RIBL,AVAL,0.5555555555555556
post,AVAL,RIBL,0.5555555555555556
pre,RIBL,RIML,0.011111111111111112
post,RIML,RIBL,0.011111111111111112
pre,RIBL,AVER,0.16279069767441862
pre,RIBL,CEPVL,0.18518518518518517
post,CEPVL,RIBL,0.18518518518518517
pre,RIBL,AVEL,0.4090909090909091
post,AVEL,RIBL,0.4090909090909091
pre,RIBL,AVBR,0.14285714285714285
pre,RIBL,URYDL,0.07142857142857142
pre,RIBL,AUAL,0.04712041884816754
post,AUAL,RIBL,0.04712041884816754
pre,RIBL,AVDR,0.5714285714285714
post,AVBL,RIBR,0.25
post,SMDDL,RIBR,0.125
post,SMDVL,RIBR,0.06896551724137931
post,AIBL,RIBR,0.15789473684210525
post,BAGL,RIBR,0.1
post,AVEL,RIBR,0.08695652173913043
post,AVDL,AVBR,0.025
post,AVBL,RIMR,0.42424242424242425
post,SMDVL,RIMR,0.06666666666666667
post,AIBL,RIMR,0.1
post,AVKL,RIMR,0.030303030303030304
post,RMFL,RIMR,0.015873015873015872
post,AVAL,RIMR,0.1
post,RIML,RIMR,0.16
post,SAAVL,RIMR,0.0990990990990991
post,SMDDL,RIMR,0.13846153846153847
post,RMDL,RIMR,0.45454545454545453
pre,ADLL,RIGL,0.5
post,RIGL,ADLL,0.5
pre,ADLL,RIR,0.5
pre,ADLL,AIBL,0.25471698113207547
post,AIBL,ADLL,0.25471698113207547
pre,ADLL,RIAL,0.05555555555555555
post,RIAL,ADLL,0.05555555555555555
pre,ADLL,AVAL,0.3333333333333333
post,AVAL,ADLL,0.3333333333333333
pre,ADLL,AVDL,0.8
post,AVDL,ADLL,0.8
pre,ADLL,ASHL,0.09375
pre,ADLL,ASGL,0.15384615384615385
pre,ADLL,ALA,0.06172839506172839
pre,ADLL,AVJL,0.5
pre,ADLL,AVJR,0.5
pre,ADLL,OLQVL,0.2222222222222222
post,OLQVL,ADLL,0.2222222222222222
pre,ADLL,SMBVL,0.11904761904761904
post,SMBVL,ADLL,0.11904761904761904
pre,ADLL,RIPL,1.0
post,RIPL,ADLL,1.0
pre,ADLL,AWAL,0.011627906976744186
pre,ADLL,ASER,0.1791044776119403
pre,ADLL,AVBL,0.5294117647058824
post,AVBL,ADLL,0.5294117647058824
pre,ADLL,AVAR,0.7142857142857143
pre,ADLL,AIAL,0.47619047619047616
post,AIAL,ADLL,0.47619047619047616
pre,ADLL,AWBL,0.037037037037037035
post,AWBL,ADLL,0.037037037037037035
pre,ADLL,ADAL,0.029411764705882353
post,ADAL,ADLL,0.029411764705882353
pre,ADLL,ASEL,0.014492753623188406
post,ASEL,ADLL,0.014492753623188406
pre,ADLL,AVDR,0.5172413793103449
pre,AWCL,AIZL,0.029411764705882353
post,AIZL,AWCL,0.029411764705882353
pre,AWCL,ASER,0.037037037037037035
pre,AWCL,AIAL,0.058823529411764705
post,AIAL,AWCL,0.058823529411764705
pre,AWCL,SMDVL,0.14285714285714285
post,SMDVL,AWCL,0.14285714285714285
pre,AWCL,AIBL,0.07407407407407407
post,AIBL,AWCL,0.07407407407407407
pre,AWCL,AIBR,0.15384615384615385
pre,AWCL,RIAL,0.75
post,RIAL,AWCL,0.75
pre,AWCL,AWCR,0.07051282051282051
pre,AWCL,AVAL,0.1
post,AVAL,AWCL,0.1
pre,AWCL,ASGR,0.16666666666666666
pre,AWCL,AIYL,0.15602836879432624
post,AIYL,AWCL,0.15602836879432624
pre,AWCL,AFDL,0.017543859649122806
pre,AWCL,ASIL,0.005319148936170213
pre,AWCL,AIAR,0.13333333333333333
post,AIAL,AWCR,0.018518518518518517
post,AIBL,AWCR,0.12
post,AWCL,AWCR,0.10897435897435898
post,ASEL,AWCR,0.08695652173913043
post,RIAL,AWCR,0.6
post,RIVL,AWCR,0.375
post,AIYL,AWCR,0.16216216216216217
post,AVBL,URYVR,0.8333333333333334
post,SMDVL,URYVR,0.6470588235294118
post,RMDVL,URYVR,0.6333333333333333
post,AVAL,URYVR,0.2222222222222222
post,SIBVL,URYVR,1.0
post,AVEL,URYVR,0.6666666666666666
post,RMDL,URYVR,1.0
post,RMHL,ALNL,0.07692307692307693
post,SAAVL,ALNL,0.12698412698412698
post,SMDVL,ALNL,0.03571428571428571
post,RIAL,ALNL,0.2
pre,BDUL,PVNL,0.00398406374501992
pre,BDUL,ALML,0.012987012987012988
pre,BDUL,ADAL,0.02631578947368421
post,ADAL,BDUL,0.02631578947368421
pre,BDUL,ADEL,0.031914893617021274
post,ADEL,BDUL,0.031914893617021274
pre,BDUL,URADL,0.42857142857142855
post,URADL,BDUL,0.42857142857142855
pre,BDUL,AVHL,0.2
post,AVHL,BDUL,0.2
pre,BDUL,AVJR,0.01680672268907563
pre,BDUL,PVNR,0.01953125
pre,BDUL,RIFL,0.018018018018018018
post,RMHL,RMDDL,0.02564102564102564
post,CEPVL,RMDDL,0.037037037037037035
post,RMDVL,RMDDL,0.047619047619047616
post,RIAL,RMDDL,0.008771929824561403
post,RMHL,RMHR,0.0379746835443038
post,SMDDL,RMHR,0.75
post,RMDL,RMHR,0.07407407407407407
pre,AIZL,RIGL,0.05128205128205128
post,RIGL,AIZL,0.05128205128205128
pre,AIZL,SMBDL,0.18
post,SMBDL,AIZL,0.18
pre,AIZL,AIAL,0.3076923076923077
post,AIAL,AIZL,0.3076923076923077
pre,AIZL,DVA,0.019230769230769232
pre,AIZL,AIBL,0.38461538461538464
post,AIBL,AIZL,0.38461538461538464
pre,AIZL,AVKR,0.3333333333333333
pre,AIZL,ADFL,0.005235602094240838
pre,AIZL,AIBR,0.6235294117647059
pre,AIZL,RIML,0.4166666666666667
post,RIML,AIZL,0.4166666666666667
pre,AIZL,AVER,0.43333333333333335
pre,AIZL,RIAL,0.14358974358974358
post,RIAL,AIZL,0.14358974358974358
pre,AIZL,AVEL,0.1
post,AVEL,AIZL,0.1
pre,AIZL,URYDL,0.6
pre,AIZL,AFDL,0.018518518518518517
pre,AIZL,ASEL,0.08695652173913043
post,ASEL,AIZL,0.08695652173913043
pre,AIZL,AWCR,0.0625
pre,AIZL,SMBVL,0.18181818181818182
post,SMBVL,AIZL,0.18181818181818182
pre,IL1L,URAVL,0.25
post,URAVL,IL1L,0.25
pre,IL1L,RMDR,0.6923076923076923
pre,IL1L,URBL,0.007692307692307693
pre,IL1L,ADEL,0.05263157894736842
post,ADEL,IL1L,0.05263157894736842
pre,IL1L,IL2L,0.013513513513513514
pre,IL1L,RMER,0.046511627906976744
pre,IL1L,RMDVL,0.6666666666666666
post,RMDVL,IL1L,0.6666666666666666
pre,IL1L,OLLL,0.0196078431372549
post,OLLL,IL1L,0.0196078431372549
pre,IL1L,RMGL,0.1
pre,IL1L,RMDVR,0.19230769230769232
pre,IL1L,RMDDL,1.0
post,RMDDL,IL1L,1.0
pre,IL1L,AVER,0.4166666666666667
post,BAGL,AUAR,0.03125
pre,ADEL,RIGL,0.38461538461538464
post,RIGL,ADEL,0.38461538461538464
pre,ADEL,AVHL,0.09090909090909091
post,AVHL,ADEL,0.09090909090909091
pre,ADEL,IL1L,0.05263157894736842
post,IL1L,ADEL,0.05263157894736842
pre,ADEL,SAADR,0.03125
pre,ADEL,RIAL,0.25
post,RIAL,ADEL,0.25
pre,ADEL,RMHL,0.125
post,RMHL,ADEL,0.125
pre,ADEL,AVEL,0.25
post,AVEL,ADEL,0.25
pre,ADEL,RIH,0.02857142857142857
pre,ADEL,ALML,0.0625
pre,ADEL,OLLL,0.125
post,OLLL,ADEL,0.125
pre,ADEL,CEPDL,0.08333333333333333
post,CEPDL,ADEL,0.08333333333333333
pre,ADEL,IL2L,0.09090909090909091
pre,ADEL,RMDL,0.3333333333333333
post,RMDL,ADEL,0.3333333333333333
pre,ADEL,SMBVL,0.2222222222222222
post,SMBVL,ADEL,0.2222222222222222
pre,ADEL,FLPL,0.04716981132075472
pre,ADEL,RMHR,0.1111111111111111
pre,ADEL,AVAL,0.16666666666666666
post,AVAL,ADEL,0.16666666666666666
pre,ADEL,RMER,0.05
pre,ADEL,URBL,0.09090909090909091
pre,ADEL,AVL,0.07692307692307693
pre,ADEL,BDUL,0.010638297872340425
pre,ADEL,ADER,0.021538461538461538
pre,ADEL,ADAL,0.005263157894736842
post,ADAL,ADEL,0.005263157894736842
pre,ADEL,SIBDR,0.05714285714285714
pre,ADEL,CEPVL,0.14285714285714285
post,CEPVL,ADEL,0.14285714285714285
pre,ADEL,RIFL,0.14285714285714285
pre,ADEL,AVAR,0.10135135135135136
pre,ADEL,RIVR,0.047619047619047616
pre,ADEL,RIGR,0.3
pre,ADEL,RIVL,0.031746031746031744
post,RIVL,ADEL,0.031746031746031744
pre,ADEL,AVDL,0.09523809523809523
post,AVDL,ADEL,0.09523809523809523
post,RICL,URBR,0.0625
post,SMBDL,URBR,0.19047619047619047
post,SIADL,URBR,0.75
post,RMDL,URBR,0.08333333333333333
post,AVDL,URBR,0.1
post,AVBL,AVFL,0.16666666666666666
post,SMBVL,AVFL,0.043478260869565216
pre,IL2L,OLQDL,1.0526315789473684
post,OLQDL,IL2L,1.0526315789473684
pre,IL2L,RMDR,0.75
pre,IL2L,IL1L,0.08108108108108109
post,IL1L,IL2L,0.08108108108108109
pre,IL2L,RMEV,0.1388888888888889
pre,IL2L,RIH,0.6756756756756757
pre,IL2L,RMER,0.0761904761904762
pre,IL2L,AVEL,0.5
post,AVEL,IL2L,0.5
pre,IL2L,ADEL,0.2
post,ADEL,IL2L,0.2
pre,IL2L,URXL,0.375
post,URXL,IL2L,0.375
pre,IL2L,URAVL,0.08333333333333333
post,URAVL,IL2L,0.08333333333333333
pre,IL2L,RICL,0.2
post,RICL,IL2L,0.2
pre,IL2L,OLQVL,0.9047619047619048
post,OLQVL,IL2L,0.9047619047619048
post,SMDVL,RICR,0.2222222222222222
post,AIBL,RICR,0.5
post,RMFL,RICR,0.14285714285714285
post,AVAL,RICR,0.6521739130434783
post,RIML,RICR,0.7142857142857143
post,RIVL,RICR,0.02564102564102564
post,RICL,RICR,0.01935483870967742
post,SMDDL,RICR,0.15
post,CEPDL,RICR,0.07142857142857142
post,AVBL,SDQR,0.43243243243243246
post,AIBL,SDQR,0.3076923076923077
post,AVAL,SDQR,0.36363636363636365
post,RMHL,SDQR,0.3191489361702128
post,RICL,SDQR,0.0136986301369863
post,AVBL,ADAR,0.29411764705882354
post,AIBL,ADAR,0.02631578947368421
post,AVEL,ADAR,0.16666666666666666
post,AVDL,ADAR,0.04
post,SMDVL,ADAR,0.011363636363636364
post,RMDL,SIAVR,0.018867924528301886
post,AVBL,AVFR,0.2857142857142857
post,AIAL,AVFR,0.1
post,AVFL,AVFR,0.014742014742014743
post,RMDDL,AVFR,0.08333333333333333
post,SMDDL,SMDDR,0.07407407407407407
post,SMDVL,SMDDR,0.032679738562091505
post,RIAL,SMDDR,0.07575757575757576
post,RIBL,SMDDR,0.041666666666666664
post,RIVL,SMDDR,0.008547008547008548
pre,URADL,RMEL,0.3333333333333333
post,RMEL,URADL,0.3333333333333333
pre,URADL,RIPL,0.1875
post,RIPL,URADL,0.1875
pre,URADL,RIH,0.1875
pre,URADL,IL1DL,0.03361344537815126
post,IL1DL,URADL,0.03361344537815126
post,RIAL,RIVR,0.25
post,RIVL,RIVR,0.07207207207207207
post,SAADL,RIVR,0.13392857142857142
post,SIAVL,RIVR,0.08064516129032258
post,SMDDL,RIVR,0.07446808510638298
post,RMDDL,RIVR,0.015384615384615385
post,SMBVL,RIVR,0.047619047619047616
pre,AUAL,BAGR,0.0967741935483871
pre,AUAL,AIZL,0.06060606060606061
post,AIZL,AUAL,0.06060606060606061
pre,AUAL,DVA,0.09523809523809523
pre,AUAL,AIBR,0.16666666666666666
pre,AUAL,RIAL,0.2916666666666667
post,RIAL,AUAL,0.2916666666666667
pre,AUAL,AVAL,0.5882352941176471
post,AVAL,AUAL,0.5882352941176471
pre,AUAL,AVEL,0.34615384615384615
post,AVEL,AUAL,0.34615384615384615
pre,AUAL,ADFL,0.00847457627118644
pre,AUAL,URXL,0.02
post,URXL,AUAL,0.02
pre,AUAL,RIBL,0.18324607329842932
post,RIBL,AUAL,0.18324607329842932
pre,AUAL,AVDR,0.3333333333333333
pre,AUAL,AIYL,0.014492753623188406
post,AIYL,AUAL,0.014492753623188406
post,IL1L,RMDR,0.15384615384615385
post,RIAL,RMDR,0.208955223880597
post,RMDVL,RMDR,0.12
post,SIAVL,RMDR,0.020833333333333332
post,RMDDL,RMDR,0.125
post,RMDL,RMDR,0.06832298136645963
post,SIBDL,RMGR,0.1111111111111111
post,SIADL,RMGR,0.06666666666666667
post,RMDL,RMGR,0.29411764705882354
post,RMDDL,RMGR,0.05
post,AVBL,RMGR,2.0
post,AVDL,RMGR,0.2222222222222222
post,SAADL,RMGR,0.2
post,AVAL,SIADR,0.03225806451612903
post,CEPDL,SIADR,0.1111111111111111
post,AIZL,AIYL,0.6626506024096386
post,AIBL,AIYL,0.07317073170731707
post,AWCL,AIYL,0.03546099290780142
post,RIAL,AIYL,1.0113636363636365
post,RIBL,AIYL,0.6915887850467289
pre,RMDVL,RMDDR,0.20603015075376885
pre,RMDVL,URYVR,0.03333333333333333
pre,RMDVL,RMDR,0.02666666666666667
pre,RMDVL,SIAVR,0.02127659574468085
pre,RMDVL,OLQVR,0.13636363636363635
pre,RMDVL,SIBDR,0.013888888888888888
pre,RMDVL,IL1R,0.05405405405405406
pre,RMDVL,CEPDL,0.046511627906976744
post,CEPDL,RMDVL,0.046511627906976744
pre,RMDVL,RMDVR,0.02631578947368421
pre,RMDVL,AVER,0.13333333333333333
pre,RMDVL,IL2VR,1.0
post,SMDVL,OLLR,0.7857142857142857
post,RMDL,OLLR,0.34615384615384615
post,AVEL,OLLR,0.4588235294117647
post,SMDDL,OLLR,0.25
post,RIAL,CEPVR,0.5
post,AVEL,CEPVR,0.37142857142857144
post,RICL,CEPVR,0.48148148148148145
post,RIVL,CEPVR,0.14285714285714285
post,AIAL,PVQL,0.1791044776119403
post,ASKL,PVQL,0.08982035928143713
post,RMEL,IL1R,0.052083333333333336
post,RMHL,IL1R,0.3333333333333333
post,AVEL,IL1R,0.2857142857142857
post,RMDVL,IL1R,0.21621621621621623
post,RMDDL,IL1R,0.1951219512195122
post,RMDL,IL1R,0.55
post,AIZL,RIFR,0.3333333333333333
post,PVCL,RIFR,0.25
post,AVFL,RIFR,0.027777777777777776
post,AVBL,AVKL,0.022727272727272728
post,RMFL,AVKL,0.022727272727272728
post,RIML,AVKL,0.047619047619047616
post,AVEL,AVKL,0.01646090534979424
post,SAADL,AVKL,0.14285714285714285
post,RIVL,AVKL,0.06944444444444445
post,RMDL,AVKL,0.02702702702702703
post,AIZL,RIH,0.203125
post,OLQDL,RIH,0.23255813953488372
post,RIAL,RIH,0.5
post,CEPDL,RIH,0.5
post,OLQVL,RIH,0.22413793103448276
post,RIPL,RIH,0.32142857142857145
post,BAGL,RIH,0.125
post,CEPVL,RIH,0.12
post,RIBL,RIH,0.43902439024390244
post,AIYL,RIH,0.05102040816326531
post,RIAL,AVAL,0.06
post,URXL,RMGL,0.08823529411764706
post,SAADL,RMGL,0.5
post,AVAL,RMGL,0.3333333333333333
post,RMHL,RMGL,0.03333333333333333
post,AVEL,RMGL,0.07142857142857142
post,ADAL,RMGL,0.0967741935483871
post,SMDDL,RMGL,0.3333333333333333
post,RMDL,RMGL,0.047619047619047616
post,SIADL,RMGL,0.3333333333333333
post,CEPDL,RMGL,0.015873015873015872
post,SIBVL,RMGL,0.16666666666666666
post,RMDVL,RMGL,0.5769230769230769
post,SIAVL,RMGL,0.26666666666666666
post,SMBVL,RMGL,0.04878048780487805
post,SMDVL,RIAR,0.38738738738738737
post,RIAL,RIAR,0.16115702479338842
post,SMDDL,RIAR,0.5517241379310345
post,RMDL,RIAR,0.1125
post,RMDVL,RIAR,0.6785714285714286
post,SIAVL,RIAR,0.30434782608695654
post,RMDDL,RIAR,0.7272727272727273
post,RIVL,RIAR,0.125
post,PVCL,AVJL,0.09523809523809523
post,AVHL,AVJL,0.018867924528301886
post,AVBL,AVJL,0.08064516129032258
post,RMHL,OLQVL,0.15384615384615385
post,AVAL,OLQVL,0.5
post,SIAVL,OLQVL,9.0
post,RICL,OLQVL,0.5
pre,IL1VL,URYVL,0.07142857142857142
pre,IL1VL,RMHL,0.3333333333333333
post,RMHL,IL1VL,0.3333333333333333
pre,IL1VL,IL1L,0.17647058823529413
post,IL1L,IL1VL,0.17647058823529413
pre,IL1VL,RIPL,0.23214285714285715
post,RIPL,IL1VL,0.23214285714285715
pre,IL1VL,AVL,0.14285714285714285
pre,IL1VL,URAVL,0.0392156862745098
post,URAVL,IL1VL,0.0392156862745098
pre,IL1VL,RMDDL,0.5454545454545454
post,RMDDL,IL1VL,0.5454545454545454
pre,IL1VL,RMDVR,0.13043478260869565
pre,IL1VL,OLQVL,0.044444444444444446
post,OLQVL,IL1VL,0.044444444444444446
post,BAGL,ADFR,0.2857142857142857
post,AVHL,ADFR,0.017241379310344827
post,AIBL,AINR,0.025
post,AWCL,AINR,0.08695652173913043
post,CEPDL,AINR,0.5
post,URXL,AINR,0.4
post,ASEL,AINR,0.1
post,AIAL,AINR,0.03278688524590164
post,RIBL,AINR,0.10666666666666667
post,AUAL,AINR,0.008333333333333333
post,PVCL,ADLR,0.1111111111111111
post,RICL,ADLR,0.1111111111111111
post,AVBL,ADLR,0.6
post,SIBVL,ADLR,0.16666666666666666
post,AVDL,ADLR,1.2380952380952381
pre,URBL,RMDDR,0.125
pre,URBL,IL1L,0.07692307692307693
post,IL1L,URBL,0.07692307692307693
pre,URBL,SIAVL,0.25
post,SIAVL,URBL,0.25
pre,URBL,AVBL,0.3333333333333333
post,AVBL,URBL,0.3333333333333333
pre,URBL,SMBDR,0.09375
pre,URBL,RICR,0.06666666666666667
pre,URBL,URYDL,0.2
pre,URBL,CEPDL,0.03571428571428571
post,CEPDL,URBL,0.03571428571428571
pre,URBL,SIADR,0.4
pre,URBL,OLLL,0.008928571428571428
post,OLLL,URBL,0.008928571428571428
pre,URBL,URXL,1.2380952380952381
post,URXL,URBL,1.2380952380952381
pre,URBL,ADAL,0.15789473684210525
post,ADAL,URBL,0.15789473684210525
pre,URBL,RMHR,0.1
pre,URBL,RICL,0.02631578947368421
post,RICL,URBL,0.02631578947368421
post,RMDDL,SMDVR,0.047619047619047616
post,RIML,SMDVR,0.034482758620689655
post,CEPVL,SMDVR,0.02040816326530612
post,SMDVL,SMDVR,0.012345679012345678
post,SMDDL,SMDVR,0.1111111111111111
post,RIAL,SMDVR,0.2696629213483146
post,RMHL,CEPDR,0.15555555555555556
post,AVEL,CEPDR,0.5666666666666667
post,RICL,CEPDR,0.8666666666666667
post,SMBDL,CEPDR,0.023809523809523808
pre,URYDL,IL1DL,0.023622047244094488
post,IL1DL,URYDL,0.023622047244094488
pre,URYDL,RMDDR,0.6521739130434783
pre,URYDL,AVEL,0.3333333333333333
post,AVEL,URYDL,0.3333333333333333
pre,URYDL,OLQDL,0.015748031496062992
post,OLQDL,URYDL,0.015748031496062992
pre,URYDL,RMDVL,0.5454545454545454
post,RMDVL,URYDL,0.5454545454545454
pre,URYDL,AIZL,0.2
post,AIZL,URYDL,0.2
pre,URYDL,SMDDR,0.2727272727272727
pre,URYDL,RIBL,0.19047619047619047
post,RIBL,URYDL,0.19047619047619047
pre,URYDL,SMDDL,0.4
post,SMDDL,URYDL,0.4
pre,URYDL,OLLL,0.16666666666666666
post,OLLL,URYDL,0.16666666666666666
pre,URYDL,AVER,1.0
post,AIAL,ASIR,0.2
post,AWCL,ASIR,0.046511627906976744
post,ASEL,ASIR,0.04878048780487805
post,AIBL,RIGR,0.0392156862745098
post,AVKL,RIGR,0.65625
post,RMHL,RIGR,1.1333333333333333
post,AVDL,RIGR,0.1111111111111111
post,BAGL,RIGR,0.1
post,RIBL,RMED,0.06666666666666667
post,SMDDL,RMED,0.038461538461538464
pre,AIML,AVHL,0.08695652173913043
post,AVHL,AIML,0.08695652173913043
pre,AIML,ASGL,0.0546448087431694
pre,AIML,ASJL,0.011627906976744186
pre,AIML,PVQL,0.041666666666666664
pre,AIML,ASKL,0.08860759493670886
post,ASKL,AIML,0.08860759493670886
pre,AIML,AIAL,0.049429657794676805
post,AIAL,AIML,0.049429657794676805
pre,AIML,AVFL,0.15151515151515152
post,AVFL,AIML,0.15151515151515152
pre,AIML,RID,0.11538461538461539
pre,AIML,AVDL,0.0625
post,AVDL,AIML,0.0625
pre,AIML,RMGL,0.03333333333333333
pre,AIML,AVFR,0.3333333333333333
pre,AIML,URXL,0.037037037037037035
post,URXL,AIML,0.037037037037037035
pre,AIML,ALML,0.029411764705882353
pre,AIML,SMBVL,0.06557377049180328
post,SMBVL,AIML,0.06557377049180328
pre,AIML,AVHR,0.5
pre,AIML,CEPDL,0.17647058823529413
post,CEPDL,AIML,0.17647058823529413
pre,AIML,RIFL,0.06666666666666667
pre,AIML,AVJL,0.16666666666666666
pre,AIAL,AIZL,0.10256410256410256
post,AIZL,AIAL,0.10256410256410256
pre,AIAL,ASER,0.14705882352941177
pre,AIAL,ASJL,0.04878048780487805
pre,AIAL,PVQL,0.014925373134328358
pre,AIAL,ASKL,0.045
post,ASKL,AIAL,0.045
pre,AIAL,AIML,0.022813688212927757
pre,AIAL,AIBL,0.22564102564102564
post,AIBL,AIAL,0.22564102564102564
pre,AIAL,AWCL,0.029411764705882353
post,AWCL,AIAL,0.029411764705882353
pre,AIAL,AWCR,0.1111111111111111
pre,AIAL,RMGL,0.0625
pre,AIAL,ADFL,0.18181818181818182
pre,AIAL,ASHL,0.011111111111111112
pre,AIAL,ASGL,0.005291005291005291
pre,AIAL,ADAL,0.07142857142857142
post,ADAL,AIAL,0.07142857142857142
pre,AIAL,ASEL,0.08620689655172414
post,ASEL,AIAL,0.08620689655172414
pre,AIAL,ADLL,0.023809523809523808
pre,AIAL,RIFL,0.31666666666666665
post,RMDDL,RMDDR,0.029411764705882353
post,RMDVL,RMDDR,0.1306532663316583
post,AVHL,AVM,0.078125
post,PVCL,AVM,0.11320754716981132
post,AVBL,AVM,0.1702127659574468
post,SIBVL,AVM,0.0967741935483871
post,AVDL,AVM,0.008333333333333333
pre,ASHL,RIPL,0.8
post,RIPL,ASHL,0.8
pre,ASHL,AIZL,0.03409090909090909
post,AIZL,ASHL,0.03409090909090909
pre,ASHL,URXL,0.0625
post,URXL,ASHL,0.0625
pre,ASHL,AVBL,0.11290322580645161
post,AVBL,ASHL,0.11290322580645161
pre,ASHL,AVAR,0.5
pre,ASHL,RIR,0.3333333333333333
pre,ASHL,AIBL,0.21686746987951808
post,AIBL,ASHL,0.21686746987951808
pre,ASHL,AVFL,0.1
post,AVFL,ASHL,0.1
pre,ASHL,ADFL,0.09333333333333334
pre,ASHL,AVAL,1.0
post,AVAL,ASHL,1.0
pre,ASHL,RIML,0.12280701754385964
post,RIML,ASHL,0.12280701754385964
pre,ASHL,RIAL,0.5416666666666666
post,RIAL,ASHL,0.5416666666666666
pre,ASHL,HSNL,0.034482758620689655
pre,ASHL,AIAL,0.35555555555555557
post,AIAL,ASHL,0.35555555555555557
pre,ASHL,ADAL,0.04
post,ADAL,ASHL,0.04
pre,ASHL,ASKL,0.03225806451612903
post,ASKL,ASHL,0.03225806451612903
pre,ASHL,ADLL,0.09375
pre,ASHL,AVHR,0.06451612903225806
pre,ASHL,AVDL,0.6363636363636364
post,AVDL,ASHL,0.6363636363636364
pre,ASHL,AVDR,0.6060606060606061
post,RMDDL,URXR,2.0
post,SIADL,URXR,0.16666666666666666
post,AVBL,URXR,0.3333333333333333
pre,SMBDL,AIZL,0.006666666666666667
post,AIZL,SMBDL,0.006666666666666667
pre,SMBDL,SAAVR,0.1232876712328767
pre,SMBDL,SIADL,0.003676470588235294
post,SIADL,SMBDL,0.003676470588235294
pre,SMBDL,RMED,0.25
pre,SMBDL,SIAVL,0.01818181818181818
post,SIAVL,SMBDL,0.01818181818181818
pre,SMBDL,ALNR,0.08333333333333333
pre,SMBDL,SMDDL,0.05084745762711865
post,SMDDL,SMBDL,0.05084745762711865
pre,SMBDL,RIH,0.10344827586206896
pre,SMBDL,SMBVL,0.010582010582010581
post,SMBVL,SMBDL,0.010582010582010581
post,RIGL,AVHR,0.037037037037037035
post,SMBVL,AVHR,0.022222222222222223
post,AVBL,AVHR,0.04477611940298507
post,AVAL,AVHR,0.1111111111111111
post,AWBL,AVHR,0.015384615384615385
post,SMBDL,AVHR,0.375
pre,RMDL,OLLR,0.11538461538461539
pre,RMDL,RIS,0.0125
pre,RMDL,RMFR,0.05555555555555555
pre,RMDL,RIBR,0.041666666666666664
pre,RMDL,RMDR,0.049689440993788817
pre,RMDL,SIBVR,0.13043478260869565
pre,RMDL,IL1R,0.05
pre,RMDL,ADER,0.17647058823529413
pre,RMDL,AVKR,0.025
pre,RMDL,RIAL,0.20202020202020202
post,RIAL,RMDL,0.20202020202020202
pre,RMDL,URXR,0.08333333333333333
pre,RMDL,RMDDR,0.13725490196078433
pre,RMDL,RIML,0.09375
post,RIML,RMDL,0.09375
pre,RMDL,RMHL,0.08333333333333333
post,RMHL,RMDL,0.08333333333333333
pre,RMDL,RMDVL,0.034482758620689655
post,RMDVL,RMDL,0.034482758620689655
pre,RMDL,SMBVR,0.05714285714285714
pre,RMDL,SMDDR,0.029411764705882353
pre,RMDL,RIAR,0.275
pre,RMDL,RIVL,0.018867924528301886
post,RIVL,RMDL,0.018867924528301886
pre,RMDL,RMDVR,0.031578947368421054
pre,RMDL,IL1L,0.03225806451612903
post,IL1L,RMDL,0.03225806451612903
pre,IL2DL,RMEL,0.6470588235294118
post,RMEL,IL2DL,0.6470588235294118
pre,IL2DL,RIPL,0.3375
post,RIPL,IL2DL,0.3375
pre,IL2DL,OLQDL,0.025
post,OLQDL,IL2DL,0.025
pre,IL2DL,IL1DL,0.10365853658536585
post,IL1DL,IL2DL,0.10365853658536585
pre,IL2DL,RMEV,0.09090909090909091
pre,IL2DL,RIH,0.2
pre,IL2DL,RMHL,0.0625
post,RMHL,IL2DL,0.0625
pre,IL2DL,RMER,0.6666666666666666
pre,IL2DL,RMED,0.11764705882352941
pre,IL2DL,AVBR,1.0
pre,IL2DL,URADL,0.07017543859649122
post,URADL,IL2DL,0.07017543859649122
pre,IL2DL,RIBL,0.2
post,RIBL,IL2DL,0.2
pre,IL2DL,AUAL,0.4
post,AUAL,IL2DL,0.4
pre,AWAL,AIZL,0.208
post,AIZL,AWAL,0.208
pre,AWAL,AWBL,0.03474903474903475
post,AWBL,AWAL,0.03474903474903475
pre,AWAL,AIYL,0.025210084033613446
post,AIYL,AWAL,0.025210084033613446
pre,AWAL,ASHL,0.030303030303030304
pre,AWAL,ASGL,0.014285714285714285
pre,AWAL,ADAL,0.125
post,ADAL,AWAL,0.125
pre,AWAL,AFDL,0.1111111111111111
pre,AWAL,ASEL,0.03070175438596491
post,ASEL,AWAL,0.03070175438596491
pre,URAVL,IL1VL,0.058823529411764705
post,IL1VL,URAVL,0.058823529411764705
pre,URAVL,RIPL,0.2631578947368421
post,RIPL,URAVL,0.2631578947368421
pre,URAVL,DVC,0.5
pre,URAVL,IL1L,0.1875
post,IL1L,URAVL,0.1875
pre,URAVL,RMEV,0.5555555555555556
pre,URAVL,RMEL,0.6666666666666666
post,RMEL,URAVL,0.6666666666666666
pre,URAVL,RMER,0.10714285714285714
pre,URAVL,CEPVL,0.03333333333333333
post,CEPVL,URAVL,0.03333333333333333
pre,URAVL,RMDDL,2.3333333333333335
post,RMDDL,URAVL,2.3333333333333335
pre,URAVL,RMDVR,0.07692307692307693
pre,URAVL,RIBL,0.5
post,RIBL,URAVL,0.5
post,RMDVL,IL1VR,0.23809523809523808
pre,ADAL,RIPL,0.2857142857142857
post,RIPL,ADAL,0.2857142857142857
pre,ADAL,AVDR,0.037037037037037035
pre,ADAL,URAVL,0.2
post,URAVL,ADAL,0.2
pre,ADAL,AVBR,0.3466666666666667
pre,ADAL,AVBL,0.1724137931034483
post,AVBL,ADAL,0.1724137931034483
pre,ADAL,AVAR,0.03723404255319149
pre,ADAL,AIBL,0.16666666666666666
post,AIBL,ADAL,0.16666666666666666
pre,ADAL,URXL,0.02564102564102564
post,URXL,ADAL,0.02564102564102564
pre,ADAL,AIBR,0.058823529411764705
pre,ADAL,PVPL,0.02
pre,ADAL,RICR,0.021739130434782608
pre,ADAL,AVAL,0.06896551724137931
post,AVAL,ADAL,0.06896551724137931
pre,ADAL,RIML,0.10218978102189781
post,RIML,ADAL,0.10218978102189781
pre,ADAL,AVEL,0.375
post,AVEL,ADAL,0.375
pre,ADAL,AVDL,0.07142857142857142
post,AVDL,ADAL,0.07142857142857142
pre,ADAL,AIAL,0.21428571428571427
post,AIAL,ADAL,0.21428571428571427
pre,ADAL,RICL,0.05172413793103448
post,RICL,ADAL,0.05172413793103448
pre,ADAL,ADLL,0.058823529411764705
pre,ADAL,AVJR,0.55
pre,ADAL,SMDVR,0.05172413793103448
pre,CEPVL,IL1VL,0.12
post,IL1VL,CEPVL,0.12
pre,CEPVL,URYVL,0.11363636363636363
pre,CEPVL,URAVL,0.2
post,URAVL,CEPVL,0.2
pre,CEPVL,RMGL,0.18181818181818182
pre,CEPVL,RIPL,1.3333333333333333
post,RIPL,CEPVL,1.3333333333333333
pre,CEPVL,RICL,0.3225806451612903
post,RICL,CEPVL,0.3225806451612903
pre,CEPVL,RICR,0.5666666666666667
pre,CEPVL,SMDVR,0.02040816326530612
pre,CEPVL,RMHL,1.0
post,RMHL,CEPVL,1.0
pre,CEPVL,URXL,2.0
post,URXL,CEPVL,2.0
pre,CEPVL,AVER,0.14285714285714285
pre,CEPVL,RIAL,0.023809523809523808
post,RIAL,CEPVL,0.023809523809523808
pre,CEPVL,OLLL,0.0975609756097561
post,OLLL,CEPVL,0.0975609756097561
pre,CEPVL,SIAVL,0.10526315789473684
post,SIAVL,CEPVL,0.10526315789473684
pre,CEPVL,RMDDL,0.12962962962962962
post,RMDDL,CEPVL,0.12962962962962962
pre,CEPVL,RMDVR,0.17391304347826086
pre,CEPVL,RIBL,0.1111111111111111
post,RIBL,CEPVL,0.1111111111111111
pre,CEPVL,OLQVL,0.9047619047619048
post,OLQVL,CEPVL,0.9047619047619048
pre,CEPVL,SMBVL,0.015873015873015872
post,SMBVL,CEPVL,0.015873015873015872
post,AVAL,ALNR,1.5
post,RIML,ALNR,0.625
post,SMDVL,ALNR,0.16666666666666666
post,SMBDL,ALNR,0.3333333333333333
post,SMBDL,SIADL,0.003676470588235294
post,RMDL,SIADL,0.12903225806451613
pre,SMDVL,RIBR,0.034482758620689655
pre,SMDVL,RMEV,0.024390243902439025
pre,SMDVL,CEPVR,0.025
pre,SMDVL,RIAL,0.17117117117117117
post,RIAL,SMDVL,0.17117117117117117
pre,SMDVL,SMDVR,0.024691358024691357
pre,SMDVL,RMDDR,0.046875
pre,SMDVL,PVR,0.125
pre,SMDVL,SIADR,0.017543859649122806
pre,SMDVL,ALNL,0.07142857142857142
pre,SMDVL,SMDDR,0.13725490196078433
pre,SMDVL,RIAR,0.27927927927927926
pre,SMDVL,RIVL,0.039735099337748346
post,RIVL,SMDVL,0.039735099337748346
post,RIGL,BAGR,0.47619047619047616
post,AVAL,BAGR,0.21052631578947367
post,AVEL,BAGR,0.4444444444444444
post,AIYL,BAGR,0.2
post,SMDVL,BAGR,0.09090909090909091
post,BAGL,BAGR,0.0410958904109589
post,RIAL,BAGR,0.5294117647058824
post,RIBL,BAGR,0.2682926829268293
post,OLQVL,BAGR,0.3333333333333333
pre,OLQDL,RICR,0.3157894736842105
pre,OLQDL,RMDDR,0.3333333333333333
pre,OLQDL,SIBVL,0.3125
post,SIBVL,OLQDL,0.3125
pre,OLQDL,RMED,0.08333333333333333
pre,OLQDL,RMHL,0.05263157894736842
post,RMHL,OLQDL,0.05263157894736842
pre,OLQDL,URYDL,0.023622047244094488
pre,OLQDL,RMEL,0.06666666666666667
post,RMEL,OLQDL,0.06666666666666667
pre,OLQDL,CEPDL,0.0625
post,CEPDL,OLQDL,0.0625
pre,OLQDL,RMDDL,0.058823529411764705
post,RMDDL,OLQDL,0.058823529411764705
pre,OLQDL,RIH,0.06976744186046512
post,RIGL,AIBR,0.015625
post,SMDVL,AIBR,0.875
post,RIAL,AIBR,0.057692307692307696
post,AVEL,AIBR,0.16
post,SMDDL,AIBR,0.4146341463414634
post,AUAL,AIBR,0.16666666666666666
post,SIADL,AIBR,0.027777777777777776
post,RMFL,AIBR,0.043478260869565216
post,RIML,AIBR,0.2994011976047904
post,SAADL,AIBR,0.08
post,RIBL,AIBR,0.39285714285714285
pre,RMFL,DVC,0.014925373134328358
pre,RMFL,RIBR,0.047619047619047616
pre,RMFL,RMDR,0.35135135135135137
pre,RMFL,AVKR,0.1794871794871795
pre,RMFL,SMDVL,0.25
post,SMDVL,RMFL,0.25
pre,RMFL,RIMR,0.031746031746031744
pre,RMFL,AVKL,0.10227272727272728
post,AVKL,RMFL,0.10227272727272728
pre,RMFL,PVT,0.04
pre,RMFL,RMHL,0.017699115044247787
post,RMHL,RMFL,0.017699115044247787
pre,RMFL,SAAVR,0.0064516129032258064
pre,RMFL,BAGL,0.06666666666666667
post,BAGL,RMFL,0.06666666666666667
post,OLLL,AVER,0.011904761904761904
post,CEPDL,AVER,0.043478260869565216
post,RMDDL,IL1DR,0.24444444444444444
post,ASKL,ASGL,0.13043478260869565
post,AIBL,ASGL,0.22077922077922077
post,AIAL,ASGL,0.3386243386243386
post,AVAL,AVJR,0.14285714285714285
post,PVCL,AVJR,0.05747126436781609
post,AVBL,AVJR,0.04519774011299435
pre,SMBVL,PVPL,0.034482758620689655
pre,SMBVL,AVHR,0.022222222222222223
pre,SMBVL,AVBR,0.025
pre,SMBVL,SAADL,0.1232876712328767
post,SAADL,SMBVL,0.1232876712328767
pre,SMBVL,RMEV,0.3684210526315789
pre,SMBVL,AIML,0.01639344262295082
pre,SMBVL,SMBDL,0.010582010582010581
post,SMBDL,SMBVL,0.010582010582010581
pre,SMBVL,AVFL,0.043478260869565216
post,AVFL,SMBVL,0.043478260869565216
pre,SMBVL,AVJR,0.02631578947368421
pre,SMBVL,RMDVR,0.010752688172043012
post,AIZL,ASER,0.1111111111111111
post,AIAL,ASER,0.11764705882352941
post,AIBL,ASER,0.08888888888888889
post,AWCL,ASER,0.037037037037037035
post,AIYL,ASER,0.16363636363636364
post,ASEL,ASER,0.07894736842105263
post,ASKL,ASER,0.07692307692307693
post,RIGL,AVKR,0.011494252873563218
post,AVKL,AVKR,0.008802816901408451
post,RMFL,AVKR,0.02564102564102564
post,RIML,AVKR,0.078125
post,SAADL,AVKR,0.05263157894736842
post,SMBDL,AVKR,0.07936507936507936
post,RMDL,AVKR,0.025
post,SIADL,AVKR,0.049019607843137254
pre,RIML,SAADR,0.04395604395604396
pre,RIML,SMDVL,0.2558139534883721
post,SMDVL,RIML,0.2558139534883721
pre,RIML,AIBL,0.04
post,AIBL,RIML,0.04
pre,RIML,AIBR,0.1437125748502994
pre,RIML,RIAL,0.06329113924050633
post,RIAL,RIML,0.06329113924050633
pre,RIML,RICR,0.07142857142857142
pre,RIML,AVAL,0.11363636363636363
post,AVAL,RIML,0.11363636363636363
pre,RIML,AVER,0.14285714285714285
pre,RIML,AVBR,0.3157894736842105
pre,RIML,SAAVL,0.18181818181818182
post,SAAVL,RIML,0.18181818181818182
pre,RIML,SMDDR,0.20588235294117646
pre,RIML,SMDDL,0.23404255319148937
post,SMDDL,RIML,0.23404255319148937
pre,RIML,RMDL,0.28125
post,RMDL,RIML,0.28125
pre,RIML,RIMR,0.08
pre,RIML,RMFL,0.028985507246376812
post,RMFL,RIML,0.028985507246376812
pre,RIML,RMFR,0.03076923076923077
pre,RIML,RMDR,0.5384615384615384
pre,RIML,AVKR,0.015625
pre,RIML,AVAR,0.03508771929824561
pre,RIML,AVBL,0.18181818181818182
post,AVBL,RIML,0.18181818181818182
pre,RIML,SAAVR,0.15151515151515152
pre,RIML,RIBL,0.1
post,RIBL,RIML,0.1
pre,RIML,SAADL,0.010416666666666666
post,SAADL,RIML,0.010416666666666666
post,AIBL,AIZR,0.6024096385542169
post,AVEL,AIZR,0.5957446808510638
post,ASEL,AFDR,0.01639344262295082
pre,RIVL,RMDVL,0.16129032258064516
post,RMDVL,RIVL,0.16129032258064516
pre,RIVL,SIAVR,0.09090909090909091
pre,RIVL,SAADR,0.15315315315315314
pre,RIVL,SMDDR,0.06837606837606838
pre,RIVL,RIVR,0.009009009009009009
pre,RIVL,RIAR,0.08333333333333333
pre,RIVL,SMDVL,0.013245033112582781
post,SMDVL,RIVL,0.013245033112582781
pre,RIVL,RIAL,0.09259259259259259
post,RIAL,RIVL,0.09259259259259259
pre,RIVL,RMDL,0.07547169811320754
post,RMDL,RIVL,0.07547169811320754
pre,IL2VL,BAGR,0.14285714285714285
pre,IL2VL,RIPL,0.5217391304347826
post,RIPL,IL2VL,0.5217391304347826
pre,IL2VL,DVC,1.0
pre,IL2VL,URAVL,0.05223880597014925
post,URAVL,IL2VL,0.05223880597014925
pre,IL2VL,RMEV,0.2222222222222222
pre,IL2VL,RMEL,0.6363636363636364
post,RMEL,IL2VL,0.6363636363636364
pre,IL2VL,RIAL,2.0
post,RIAL,IL2VL,2.0
pre,IL2VL,IL2L,0.16666666666666666
pre,IL2VL,IL1VL,0.27
post,IL1VL,IL2VL,0.27
pre,IL2VL,RMER,0.375
pre,IL2VL,RIH,0.21739130434782608
pre,IL2VL,OLQVL,0.10714285714285714
post,OLQVL,IL2VL,0.10714285714285714
gap,AIBL,FLPL,0.027777777777777776
gap,AIBL,ASKL,0.008928571428571428
gap,AIBL,AIAL,0.02564102564102564
gap,AIBL,AFDL,0.031578947368421054
gap,AIBL,RIVL,0.017857142857142856
gap,RMHL,SMDDL,0.021739130434782608
gap,RMHL,RMGL,0.2
gap,SAAVL,SMDVL,0.01092896174863388
gap,SAAVL,RMDVL,0.06976744186046512
gap,ASIL,AIAL,0.011363636363636364
gap,URYVL,RIGL,0.13043478260869565
gap,ASJL,PVQL,0.0044444444444444444
gap,ASJL,IL2L,0.2
gap,ADFL,AIZL,0.005235602094240838
gap,ADFL,AFDL,0.06818181818181818
gap,ADFL,ASHL,0.013333333333333334
gap,ADFL,ADAL,0.4
gap,URXL,RMGL,0.08823529411764706
gap,URXL,IL2L,0.125
gap,ASEL,AFDL,0.13953488372093023
gap,IL1DL,IL1L,0.18181818181818182
gap,RIAL,RIBL,0.009900990099009901
gap,RIAL,SMDVL,0.036036036036036036
gap,OLLL,RIGL,0.2
gap,OLLL,IL2L,0.0625
gap,SMDDL,RMDL,0.09523809523809523
gap,SMDDL,RMDDL,0.02631578947368421
gap,SMDDL,SIBDL,0.041666666666666664
gap,SMDDL,RIBL,0.23076923076923078
gap,RMEL,RIGL,0.2
gap,RIPL,URAVL,0.017543859649122806
gap,RIPL,IL1L,0.038461538461538464
gap,SIBVL,SIBDL,0.1388888888888889
gap,SIBVL,AVBL,0.025
gap,SIBVL,SMBVL,0.25
gap,PVPL,RIGL,0.02631578947368421
gap,PVPL,AVAL,0.08333333333333333
gap,PVPL,AVKL,0.058823529411764705
gap,AWBL,ASGL,0.5
gap,AWBL,RMGL,0.125
gap,AWBL,AUAL,0.30434782608695654
gap,AWBL,AIAL,0.023255813953488372
gap,SIAVL,SIBDL,0.007518796992481203
gap,SIAVL,RIBL,0.25
gap,RIGL,OLQDL,0.3
gap,RIGL,AIZL,0.01282051282051282
gap,RIGL,AVKL,0.016042780748663103
gap,RIGL,RMFL,0.012987012987012988
gap,RIGL,URYDL,0.23529411764705882
gap,RIGL,RIBL,0.3
gap,RIGL,BAGL,0.25
gap,RIGL,OLQVL,0.18181818181818182
gap,PVCL,AVJL,0.07936507936507936
gap,PVCL,AVAL,0.03225806451612903
gap,AFDL,AIYL,0.011049723756906077
gap,AINL,ADEL,0.04081632653061224
gap,SAADL,SMBDL,0.08823529411764706
gap,ALML,RMGL,0.14285714285714285
gap,AVEL,RIML,0.3125
gap,AVEL,RMGL,0.07142857142857142
gap,RIBL,OLQDL,0.5
gap,RIBL,SIBDL,11.0
gap,RIBL,AVBL,0.6111111111111112
gap,RIBL,OLQVL,0.09090909090909091
gap,RIBL,SIADL,0.2
gap,ADLL,AWAL,0.011627906976744186
gap,ADLL,RMGL,0.17647058823529413
gap,ALNL,SMDVL,0.03571428571428571
gap,RMDDL,RMDVL,0.09523809523809523
gap,RMDDL,OLQVL,0.6
gap,AIZL,AWAL,0.04
gap,AIZL,ASHL,0.03409090909090909
gap,AIZL,ASGL,0.05952380952380952
gap,IL1L,URBL,0.015384615384615385
gap,IL1L,IL1VL,0.47058823529411764
gap,ADEL,IL2L,0.03636363636363636
gap,IL2L,URAVL,0.041666666666666664
gap,IL2L,RMGL,0.2777777777777778
gap,IL2L,URBL,0.13333333333333333
gap,RICL,ASHL,0.21052631578947367
gap,AUAL,RMDVL,0.4
gap,AUAL,AWCL,0.02
gap,AIYL,RIML,0.32142857142857145
gap,RMDVL,OLQDL,0.1
gap,RMDVL,SMDVL,0.19230769230769232
gap,RMDVL,RMDL,0.017241379310344827
gap,PVQL,ADAL,0.21428571428571427
gap,PVQL,ASKL,0.04790419161676647
gap,AVKL,SMBDL,0.02666666666666667
gap,AVKL,SMBVL,0.18518518518518517
gap,AVAL,URYDL,0.2857142857142857
gap,AVAL,AVDL,0.08045977011494253
gap,RMGL,ASHL,0.1875
gap,OLQVL,ADAL,4.0
gap,OLQVL,CEPVL,0.19047619047619047
gap,AIAL,AWAL,0.058823529411764705
gap,AIAL,ASKL,0.01
gap,SIBDL,SMBVL,0.3333333333333333
gap,SIBDL,SMBDL,0.0053475935828877
gap,ASHL,ADAL,0.06
gap,ASHL,ASKL,0.5806451612903226
gap,SMBDL,SIADL,0.007352941176470588
gap,RMDL,RIML,0.03125
gap,SIADL,RIML,0.013333333333333334
gap,RIML,RMFL,0.043478260869565216
gap,URBL,OLQDL,0.25
gap,CEPDL,OLQDL,0.041666666666666664
gap,SMDVL,RIVL,0.013245033112582781
