pre,AINR,RIBR,0.344845
pre,AINR,RIML,0.577158
pre,AINR,ADLR,0.39218400000000003
pre,AINR,AUAL,0.550353
pre,AINR,sheath-21,0.6481196666666666
pre,AINR,AFDL,0.5033575714285714
pre,AINR,hyp,0.568608
pre,AINR,BAGR,0.5812209230769231
pre,AINR,BAGL,0.344845
pre,AINR,CEPVL,0.6481196666666666
pre,AINR,RIBL,0.5819265
post,AINR,RIAL,0.605165
gap,AINR,AINL,0.39487218181818184
gap,AINR,BAGR,0.5765175
gap,AINR,AIAR,0.975486
gap,AINR,AUAL,0.6203782
gap,AINR,ASGR,0.9773127500000001
gap,AINR,AIAL,0.888409
gap,AINR,AUAR,0.610053
pre,SMBVR,PLNR,0.700062
pre,SMBVR,SAADR,0.7341377894736842
pre,SMBVR,pBWM8,0.6066758999999999
pre,SMBVR,[pBWM],0.663642
pre,SMBVR,g,0.842474
pre,SMBVR,pBWM6,0.5879348571428571
pre,SMBVR,RMEV,0.632063375
pre,SMBVR,pBWM,0.6181635714285714
post,SMBVR,ADFR,0.23234211111111114
post,SMBVR,RMDVL,0.604833
post,SMBVR,AIZR,0.25835465
post,SMBVR,AVHL,0.342654
post,SMBVR,AWBR,0.28140933333333334
post,SMBVR,ADER,0.52911
post,SMBVR,PVPR,0.395427
post,SMBVR,PLNR,0.6946775714285714
post,SMBVR,RMGR,0.514061
post,SMBVR,contin183,0.941229
post,SMBVR,RIAL,0.27562
post,SMBVR,OLQVR,0.58915
gap,SMBVR,SAAVL,0.8031304666666668
gap,SMBVR,PLNR,0.7681225
gap,SMBVR,AVKR,0.0500126
gap,SMBVR,SIBVR,0.549578
pre,PVQR,ASKR,0.7567485555555556
pre,PVQR,ASJR,0.522945
pre,PVQR,AIAR,0.6688831363636364
pre,PVQR,CEPVR,0.642598
pre,PVQR,ASER,0.899988
pre,PVQR,AVFR,0.609046
pre,PVQR,AIMR,0.368256
pre,PVQR,ALA,0.853774
post,PVQR,ASJR,0.7137900000000001
post,PVQR,ADLR,0.7492610000000001
post,PVQR,AVFR,0.49128950000000005
gap,PVQR,ASKR,0.7599814375
gap,PVQR,ALA,0.774007
pre,AUAL,URXL,0.6455688333333333
pre,AUAL,RIBR,0.980497
pre,AUAL,RIH,0.453012
pre,AUAL,AVEL,0.987205
pre,AUAL,RIAL,0.6816425600000001
pre,AUAL,AVAL,0.8072493333333334
pre,AUAL,RIBL,0.7354768695652175
post,AUAL,AINR,0.731067
post,AUAL,RIAL,0.682281
post,AUAL,DVA,0.997577
post,AUAL,RIBL,0.523119
post,AUAL,URXL,0.6854377692307693
post,AUAL,ADFL,0.4903018571428572
post,AUAL,IL2DL,0.923633
post,AUAL,RIH,0.496238
gap,AUAL,AINR,0.630994
gap,AUAL,URXL,0.847395
gap,AUAL,RIAL,0.783223
gap,AUAL,AUAR,0.9876289999999999
gap,AUAL,AWBL,0.482602
pre,URADL,RMDVL,0.0240766
pre,URADL,CEPDL,0.476762
pre,URADL,RIPL,0.052433625000000005
pre,URADL,pBWM,0.04543560869565217
post,URADL,IL2DL,0.162166
post,URADL,PVR,0.320208
post,URADL,CEPDL,0.230295
pre,AWAR,RIFR,0.37047
pre,AWAR,ASHR,0.143988
pre,AWAR,ADLR,0.445964
pre,AWAR,AIYR,0.4330347777777777
pre,AWAR,AIZR,0.5335773913043479
pre,AWAR,AWBR,0.8249400000000001
pre,AWAR,AFDR,0.41286474999999995
pre,AWAR,ADFR,0.349827
pre,AWAR,ASER,0.309851
post,AWAR,ADLR,0.585448
post,AWAR,AIYR,0.46732120000000005
post,AWAR,AIZR,0.681744
gap,AWAR,AWAL,0.98738
gap,AWAR,AIAR,0.4474299090909091
gap,AWAR,AIZR,0.101226
pre,AFDL,AIYL,0.5893697446808511
post,AFDL,AINR,0.7870935714285714
post,AFDL,AWAL,0.3917521428571428
post,AFDL,BAGR,0.5592670000000001
post,AFDL,ADLR,0.865287
post,AFDL,AIYL,0.559294
gap,AFDL,URXL,0.89487
gap,AFDL,BAGR,0.517619
gap,AFDL,AIBL,0.19085
gap,AFDL,AFDR,0.976115
pre,OLLR,RIBR,0.8767165384615385
pre,OLLR,RMER,0.792412
pre,OLLR,RMDDR,0.8846696153846154
pre,OLLR,IL1R,0.839343
pre,OLLR,IL1VR,0.934326
pre,OLLR,AVEL,0.8662329814814815
pre,OLLR,RMDVR,0.8199755555555556
pre,OLLR,CEPDR,0.845864125
pre,OLLR,CEPVR,0.9554026
pre,OLLR,RMDL,0.6728738181818182
pre,OLLR,SMDDL,0.959359
pre,OLLR,SMDVL,0.9492102499999999
post,OLLR,RMDVR,0.950035
post,OLLR,CEPDR,0.8967616666666668
post,OLLR,CEPVR,0.8781467058823529
post,OLLR,SAADL,0.2824196666666667
post,OLLR,ADER,0.684792
post,OLLR,URYVR,0.808972
post,OLLR,ALMR,0.541791
gap,OLLR,RMDVR,0.905706
gap,OLLR,IL2R,0.226451
gap,OLLR,RIGR,0.252488
gap,OLLR,[OLQDR],0.905137
gap,OLLR,RICR,0.58169
gap,OLLR,OLLL,0.9803608
gap,OLLR,IL1VR,0.924534
pre,BDUL,AVEL,0.822097
pre,BDUL,AVJR,0.4495588
pre,BDUL,RIML,0.3845105
pre,BDUL,PVNL,0.6211713999999999
pre,BDUL,ALML,0.8110366666666667
pre,BDUL,SMDDL,0.460833
pre,BDUL,HSNR,0.861679
pre,BDUL,ADEL,0.822097
post,BDUL,AVM,0.47020080000000003
post,BDUL,ADEL,0.821179
post,BDUL,ALML,0.8462618571428571
post,BDUL,HSNR,0.800578
gap,BDUL,ALML,0.544285
gap,BDUL,PVCR,0.733856
pre,SMDVL,SMDDR,0.5793965294117647
pre,SMDVL,SAADR,0.656823
pre,SMDVL,vBWMR,0.960337
pre,SMDVL,RIAR,0.5450705862068965
pre,SMDVL,pBWM8,0.57265
pre,SMDVL,RIAL,0.4931643157894737
post,SMDVL,RIS,0.56185275
post,SMDVL,RIBR,0.5299975
post,SMDVL,RIVL,0.614645
post,SMDVL,RICR,0.258127
post,SMDVL,OLLR,0.5220417500000001
post,SMDVL,SAADR,0.282475
post,SMDVL,RIH,0.519183
post,SMDVL,RIAL,0.44238416
post,SMDVL,URYVR,0.5087892222222222
post,SMDVL,AIBR,0.301124
post,SMDVL,SMDDR,0.328255
post,SMDVL,RIML,0.2841545
post,SMDVL,RIAR,0.46996185294117643
post,SMDVL,RICL,0.38409875
post,SMDVL,RMEV,0.33546585714285715
post,SMDVL,ADAR,0.919394
post,SMDVL,RIMR,0.286506
post,SMDVL,AVHL,0.0725292
post,SMDVL,PLNR,0.801059
post,SMDVL,ALNR,0.402044
gap,SMDVL,RIS,0.5774075000000001
gap,SMDVL,RIBR,0.536246
gap,SMDVL,RIVL,0.6436557142857142
gap,SMDVL,RMDVL,0.5005886666666667
gap,SMDVL,contin183,0.968262
gap,SMDVL,SMDVR,0.606313
gap,SMDVL,RIBL,0.218708
pre,AIBL,RIBR,0.632842909090909
pre,AIBL,AVBR,0.9765928
pre,AIBL,AIZR,0.842362
pre,AIBL,AVER,0.5985786666666667
pre,AIBL,SMDVR,0.552965
pre,AIBL,SIBDL,0.579202
pre,AIBL,DVC,0.586957
pre,AIBL,AIBL,0.775317
pre,AIBL,SAADL,0.6006194
pre,AIBL,AVBL,0.8223600588235295
pre,AIBL,SMDDR,0.8070946428571428
pre,AIBL,RIML,0.772022
pre,AIBL,RICL,0.8251666
pre,AIBL,AIAL,0.366345
pre,AIBL,AVAL,0.579202
pre,AIBL,ADAR,0.896465
pre,AIBL,AVEL,0.9581017692307692
pre,AIBL,RIMR,0.8127229215686276
pre,AIBL,RIGR,0.593098
pre,AIBL,ALNR,0.622976
post,AIBL,AWCR,0.424781
post,AIBL,AIBL,0.775317
post,AIBL,RICR,0.700799
post,AIBL,ASEL,0.2508591
post,AIBL,AIZL,0.3697238
post,AIBL,RIGR,0.697183
post,AIBL,ASHL,0.19086929999999996
post,AIBL,SDQR,0.882767
post,AIBL,DVC,0.8947032
post,AIBL,RIBR,0.592853
post,AIBL,AIYL,0.332026
post,AIBL,ASGL,0.24856818749999998
post,AIBL,AIML,0.207529
post,AIBL,RIAR,0.835504
post,AIBL,ADLR,0.4465457
post,AIBL,ASKL,0.36307566666666663
post,AIBL,AWCL,0.26928046666666666
post,AIBL,ASIL,0.20666541666666668
post,AIBL,AIAL,0.21529229756097562
post,AIBL,FLPL,0.945878
post,AIBL,ADAR,0.9048206000000001
post,AIBL,AINL,0.697183
post,AIBL,RMFL,0.552965
post,AIBL,RIMR,0.7609161578947368
post,AIBL,AIZR,0.7683535294117647
post,AIBL,ADLL,0.27516327272727276
post,AIBL,[SDQL],0.891773
post,AIBL,RICL,0.840518
gap,AIBL,AIBR,0.677356
gap,AIBL,RIS,0.813326
gap,AIBL,RIVL,0.708848
gap,AIBL,ASKL,0.19664285
gap,AIBL,AFDL,0.10499399999999999
gap,AIBL,ASHL,0.27068566666666666
gap,AIBL,FLPR,0.889501
gap,AIBL,RIMR,0.939805
gap,AIBL,BAGL,0.697183
gap,AIBL,RIGR,0.6950586666666667
gap,AIBL,DVC,0.944471375
gap,AIBL,PVT,0.816923
gap,AIBL,RIML,0.764231
pre,SAADL,PLNL,0.374157
pre,SAADL,RIML,0.737031
pre,SAADL,RMDDL,0.87835
pre,SAADL,SMDVR,0.7560818571428571
pre,SAADL,AVAL,0.7736731
pre,SAADL,SMBVL,0.374157
pre,SAADL,RIMR,0.7738438333333333
pre,SAADL,OLLR,0.806744
pre,SAADL,SIADR,0.764163
pre,SAADL,ALMR,0.87835
post,SAADL,AIBL,0.7864929999999999
post,SAADL,RIML,0.754081
post,SAADL,SMBVL,0.270183
post,SAADL,VB01,0.01592315
post,SAADL,RIMR,0.7579217999999999
post,SAADL,SAAVR,0.5059009999999999
post,SAADL,RMGR,0.836534
post,SAADL,RIVR,0.3559598636363636
post,SAADL,PLNL,0.2656261428571428
post,SAADL,AVKR,0.572085
post,SAADL,OLQVL,0.519414
gap,SAADL,SMBDL,0.8792874285714286
gap,SAADL,SMBVL,0.538327
gap,SAADL,RMDDL,0.8720826666666666
gap,SAADL,RIVR,0.291846
pre,RIVL,SMDDR,0.7156385999999999
pre,RIVL,pBWM8,0.7525454666666668
pre,RIVL,RMDVL,0.738987
pre,RIVL,[pBWM],0.770512
pre,RIVL,RIAR,0.7865822499999999
pre,RIVL,RMDDR,0.7737950000000001
pre,RIVL,RMDL,0.6678700000000001
pre,RIVL,SAADR,0.8710955555555555
pre,RIVL,SDQR,0.872218
pre,RIVL,SMDVL,0.7737950000000001
pre,RIVL,pBWM6,0.612495
pre,RIVL,SIAVR,0.68564925
pre,RIVL,RIVR,0.7555999999999999
pre,RIVL,RIAL,0.652041
post,RIVL,SIBDR,0.469227
post,RIVL,ADEL,0.126296
post,RIVL,RIAR,0.7761590000000002
post,RIVL,RICR,0.437049
post,RIVL,DVC,0.610337
post,RIVL,AVKL,0.645042
post,RIVL,ALNR,0.513736
post,RIVL,RIAL,0.638138
gap,RIVL,AVEL,0.752672
gap,RIVL,AIBL,0.6577890000000001
gap,RIVL,SMDVL,0.8125340000000001
gap,RIVL,SDQR,0.9065223636363636
gap,RIVL,RIVR,0.8203343125
pre,ASKL,AVJL,0.8029373333333334
pre,ASKL,AIML,0.5485613333333333
pre,ASKL,AIBL,0.7411863333333333
pre,ASKL,ASEL,0.761654
pre,ASKL,ASJL,0.50167875
pre,ASKL,AIAL,0.6838894
pre,ASKL,AIAR,0.963816
pre,ASKL,ADLL,0.7411863333333333
pre,ASKL,SIADR,0.8029373333333334
post,ASKL,AIML,0.430102
post,ASKL,ADLL,0.6710262
post,ASKL,AVFL,0.4285415
post,ASKL,RMGL,0.310161
post,ASKL,ASJL,0.39637
post,ASKL,PVQL,0.5435611428571429
post,ASKL,ASHL,0.5162845
gap,ASKL,ASKR,0.9699984166666668
gap,ASKL,AIBL,0.4185125
gap,ASKL,RMGL,0.29974
gap,ASKL,PVQL,0.5615391428571429
gap,ASKL,ASHL,0.531094
pre,AVHL,RIR,0.4197745
pre,AVHL,SMBVR,0.578669
pre,AVHL,ASHR,0.63808
pre,AVHL,AVDL,0.755081
pre,AVHL,PVPR,0.755081
pre,AVHL,AWBR,0.5183513333333333
pre,AVHL,unk-lateral-cb  ,0.0906716
pre,AVHL,SMDVL,0.0906716
pre,AVHL,SIBDL,0.397716
pre,AVHL,SIAVR,0.578669
pre,AVHL,ADFR,0.34008775
pre,AVHL,URXR,0.43284849999999997
post,AVHL,ADEL,0.139777
post,AVHL,PVR,0.254126
post,AVHL,PVPR,0.357957
post,AVHL,ADLL,0.157423
post,AVHL,ADFR,0.379621
post,AVHL,ADLR,0.462707
post,AVHL,FLPR,0.933731
gap,AVHL,unk-lateral-cb  ,0.07075085
gap,AVHL,ASHL,0.234244
pre,AWCL,AIBR,0.7505848333333334
pre,AWCL,AWCR,0.5826848461538462
pre,AWCL,AIBL,0.3414875333333333
pre,AWCL,AIYR,0.9692504
pre,AWCL,RIAR,0.812072
pre,AWCL,ASIL,0.2815202
pre,AWCL,AIAL,0.5845846
pre,AWCL,ASEL,0.35101899999999997
pre,AWCL,BAGR,0.314488
pre,AWCL,AIAR,0.6993485
pre,AWCL,AIZR,0.758852
pre,AWCL,AIYL,0.2717722666666667
post,AWCL,AWCR,0.518455
post,AWCL,ASIR,0.676127
post,AWCL,ADLR,0.400719
post,AWCL,BAGL,0.9323960000000001
post,AWCL,ADLL,0.4640104
post,AWCL,ASIL,0.28687772727272726
post,AWCL,AIAL,0.630636
gap,AWCL,AIZR,0.743458
gap,AWCL,ASEL,0.698387
gap,AWCL,AIAL,0.158856
pre,SIBVR,mus-?,0.436256
pre,SIBVR,hyp,0.984498
post,SIBVR,PVCL,0.692496
post,SIBVR,AIML,0.929626
post,SIBVR,RMGR,0.387021
post,SIBVR,RICL,0.25828
post,SIBVR,[OLQDR],0.4526484
post,SIBVR,URYVR,0.278424
gap,SIBVR,SIBVL,0.647407
gap,SIBVR,RIBR,0.400293
gap,SIBVR,SIBDR,0.22966279999999997
gap,SIBVR,AVBL,0.277461
gap,SIBVR,SMBDL,0.458131
gap,SIBVR,SMBVR,0.348703
pre,IL2VL,GLRVL,0.0764066
pre,IL2VL,RMEL,0.123816
pre,IL2VL,RMER,0.19284980000000002
pre,IL2VL,IL1VL,0.254073
pre,IL2VL,RIPL,0.2400478769230769
pre,IL2VL,RMEV,0.0737827
pre,IL2VL,URAVL,0.2827712
post,IL2VL,RMEL,0.0978355
gap,IL2VL,URAVL,0.9637410000000001
gap,IL2VL,IL1VL,0.150358
pre,RMFL,RMDR,0.8553204666666668
pre,RMFL,AIBL,0.74559
pre,RMFL,RMDL,0.830185
pre,RMFL,AVKL,0.888314
pre,RMFL,[pBWM6],0.8560244444444445
pre,RMFL,RMHL,0.8505685714285715
pre,RMFL,RMGR,0.903942
pre,RMFL,AVKR,0.8648293636363636
pre,RMFL,pBWM,0.9136002000000001
post,RMFL,AIBR,0.45828
post,RMFL,RMGR,0.829533
post,RMFL,FLPL,0.059025
post,RMFL,RMDL,0.933853
post,RMFL,SAAVR,0.40178919999999996
post,RMFL,PVT,0.920815
post,RMFL,DVC,0.5857403999999999
post,RMFL,CEPVR,0.969448
post,RMFL,RMHL,0.8711510714285715
post,RMFL,PLNL,0.132241
post,RMFL,CEPDR,0.859217
gap,RMFL,RIBR,0.766122
gap,RMFL,RMGR,0.8498385714285714
gap,RMFL,RMDL,0.80705
pre,AVFR,PVQR,0.07101858
pre,AVFR,AVBR,0.373021
pre,AVFR,AVFL,0.545977
pre,AVFR,RMGL,0.694356
pre,AVFR,HSNR,0.373021
pre,AVFR,VB01,0.965744
pre,AVFR,ADEL,0.965744
pre,AVFR,RMGR,0.152074
pre,AVFR,AVBL,0.545977
pre,AVFR,RIFR,0.08012757999999999
post,AVFR,AVJR,0.584341
post,AVFR,PVQR,0.147129
post,AVFR,RIFL,0.59348
post,AVFR,AVFL,0.586605
post,AVFR,RMGR,0.231931
post,AVFR,AVHR,0.692702
gap,AVFR,AVFL,0.937339
pre,OLQDR,IL2R,0.8817608333333333
pre,OLQDR,RMDDL,0.6633745555555556
pre,OLQDR,RICL,0.574939
pre,OLQDR,SIBVR,0.6579333
post,OLQDR,IL2R,0.91555675
post,OLQDR,CEPDR,0.5437625263157895
post,OLQDR,RIH,0.8672523999999999
gap,OLQDR,RMDVR,0.806331
gap,OLQDR,RIBR,0.4999095
gap,OLQDR,CEPDR,0.5620535454545454
gap,OLQDR,RIGR,0.23843981818181817
gap,OLQDR,[URBR],0.549451
gap,OLQDR,SMBDL,0.548249
gap,OLQDR,[OLQDR],0.538626
gap,OLQDR,OLLR,0.86501
pre,IL1VL,pBWM7,0.21710333333333334
pre,IL1VL,PVR,0.416196
pre,IL1VL,RMER,0.18108
pre,IL1VL,IL1VL,0.416196
pre,IL1VL,RMDDL,0.19509942000000002
pre,IL1VL,RIPL,0.2043172204081633
pre,IL1VL,pBWM,0.19209888636363637
pre,IL1VL,URAVL,0.0890694
post,IL1VL,URYVL,0.711143
post,IL1VL,PVR,0.39898799999999995
post,IL1VL,IL1VL,0.416196
post,IL1VL,CEPVL,0.37393733333333334
post,IL1VL,RMDVR,0.304203
post,IL1VL,IL2VL,0.230155
gap,IL1VL,IL1L,0.0634527
gap,IL1VL,RMED,0.35793
gap,IL1VL,IL1VR,0.950695
gap,IL1VL,IL2VL,0.128769
pre,AVAR,RIGL,0.772245
pre,AVAR,ADEL,0.772245
post,AVAR,RIBR,0.190941
post,AVAR,ASHR,0.23605314285714285
post,AVAR,SMBDR,0.30902
post,AVAR,RICR,0.42046006666666663
post,AVAR,[SDQL],0.665977
post,AVAR,AUAR,0.18207500000000001
post,AVAR,ADAL,0.575075
post,AVAR,SAADR,0.3596199333333333
post,AVAR,AQR,0.48310875
post,AVAR,ALA,0.0887736
post,AVAR,DVC,0.7110913913043477
post,AVAR,FLPR,0.7342725714285715
post,AVAR,ADLR,0.25701463636363636
post,AVAR,RIAR,0.186915
post,AVAR,RICL,0.47705026666666667
post,AVAR,FLPL,0.7097174193548387
post,AVAR,ADAR,0.271604
post,AVAR,ADER,0.77935925
post,AVAR,ADEL,0.8110879999999999
post,AVAR,BAGL,0.181785
post,AVAR,PVPR,0.2247146666666667
post,AVAR,ADLL,0.6050435833333334
post,AVAR,ASHL,0.6149867499999999
post,AVAR,PVPL,0.757819
post,AVAR,PVCR,0.221996
post,AVAR,SAAVR,0.516186111111111
gap,AVAR,URYVL,0.516094
gap,AVAR,RIMR,0.4007385
gap,AVAR,RIML,0.5161707142857144
gap,AVAR,DVC,0.693849
gap,AVAR,AVER,0.664247
gap,AVAR,URYDR,0.273415
gap,AVAR,[SDQL],0.671145
gap,AVAR,AVAL,0.334211
pre,IL2DR,RIPR,0.06798089666666668
pre,IL2DR,RMHR,0.31166
pre,IL2DR,IL1R,0.0492242
pre,IL2DR,AVER,0.72331
pre,IL2DR,RMED,0.0165911
pre,IL2DR,IL1DR,0.07740810000000001
pre,IL2DR,URADR,0.31166
pre,IL2DR,RMEL,0.00908519
pre,IL2DR,URXR,0.72331
post,IL2DR,IL1DR,0.117644
pre,SIBVL,RICR,0.780688
pre,SIBVL,AVBL,0.780688
pre,SIBVL,hyp,0.959307
post,SIBVL,PVCL,0.142446
post,SIBVL,OLQDL,0.496422
post,SIBVL,RMGR,0.607333
post,SIBVL,g,0.79128
post,SIBVL,ADFL,0.209416
gap,SIBVL,RIBR,0.572878
gap,SIBVL,RIBL,0.479061
gap,SIBVL,SIBVR,0.336513
gap,SIBVL,AVBR,0.125728
gap,SIBVL,SIBDL,0.163489
gap,SIBVL,SMBDL,0.424757
gap,SIBVL,obj466206,0.111048
gap,SIBVL,SMBDR,0.479322
pre,AVJR,contin0,0.794817
pre,AVJR,RIS,0.794817
pre,AVJR,AVBR,0.6621492499999999
pre,AVJR,AVDR,0.118531
pre,AVJR,PVCL,0.637127
pre,AVJR,PVR,0.264146
pre,AVJR,AVBL,0.6114494
pre,AVJR,AVFR,0.508739
pre,AVJR,PVPL,0.794817
post,AVJR,AVM,0.538934
post,AVJR,PVCL,0.509373
post,AVJR,ASHR,0.229032
post,AVJR,ADLR,0.126699
post,AVJR,AVBR,0.978485
post,AVJR,ADAL,0.36389399999999994
post,AVJR,BDUL,0.6851256
post,AVJR,RIFL,0.706540375
post,AVJR,ALML,0.475154
post,AVJR,AVHR,0.821144
post,AVJR,PVPL,0.4480305
gap,AVJR,RIS,0.7787576666666667
gap,AVJR,ASHL,0.771857
pre,RMHR,pBWM5,0.93989
pre,RMHR,pBWM7,0.913934
pre,RMHR,AVKL,0.8492311428571429
pre,RMHR,URXL,0.997654
pre,RMHR,pBWM9,0.909589
pre,RMHR,RIGL,0.8492311428571429
pre,RMHR,RMDL,0.913934
post,RMHR,IL2DR,0.688913
post,RMHR,RMDR,0.922456
post,RMHR,CEPDR,0.688913
post,RMHR,RMDVL,0.350838
post,RMHR,RMFR,0.904794
post,RMHR,CEPVL,0.963044
post,RMHR,CEPDL,0.837163
post,RMHR,RMDL,0.863854
gap,RMHR,URXL,0.992794
gap,RMHR,RMDR,0.8764258
gap,RMHR,RMGR,0.5855212222222222
pre,AVFL,BDUR,0.951587
pre,AVFL,RIFL,0.44742
pre,AVFL,ASKL,0.4321915
pre,AVFL,AVBL,0.4695275
pre,AVFL,PVQL,0.47753
pre,AVFL,AIAL,0.386853
pre,AVFL,AVFR,0.491635
pre,AVFL,AVHR,0.44742
post,AVFL,AIML,0.6687105
post,AVFL,RMGR,0.906518
post,AVFL,PVQL,0.4080413333333333
post,AVFL,AVFR,0.536351
gap,AVFL,AVFR,0.0755525
pre,RMGL,URXL,0.750998
pre,RMGL,RMDR,0.9405309333333334
pre,RMGL,RMDVL,0.9354820625000001
pre,RMGL,AVEL,0.859749
pre,RMGL,pBWM9,0.973066
pre,RMGL,ASKL,0.43561500000000003
pre,RMGL,RICR,0.867429
pre,RMGL,RMDL,0.98482325
pre,RMGL,pBWM5,0.987332
pre,RMGL,pBWM7,0.990273
pre,RMGL,RMFR,0.965108
pre,RMGL,SIADR,0.867429
pre,RMGL,AIML,0.750998
pre,RMGL,pBWM,0.9646714999999999
post,RMGL,RMDVL,1.08319
post,RMGL,CEPDL,0.809075
post,RMGL,RIGL,0.9808340000000001
post,RMGL,RMDL,0.928919
post,RMGL,URXL,0.741546
post,RMGL,SAADR,0.813352
post,RMGL,RIMR,0.971405
post,RMGL,AVKR,0.954891
post,RMGL,AVFR,0.440453
gap,RMGL,RMHL,0.895424
gap,RMGL,URXL,0.788904
gap,RMGL,RMFR,0.9544123333333333
gap,RMGL,ADLL,0.6794838
gap,RMGL,ASKL,0.428414
gap,RMGL,IL2L,0.7673524999999999
gap,RMGL,ASHL,0.668473
gap,RMGL,AWBL,0.70448
pre,SMBDL,pBWM3,0.7412412702702703
pre,SMBDL,mus-?,0.7555276666666667
pre,SMBDL,contin894,0.750212
pre,SMBDL,SAAVR,0.9664115
pre,SMBDL,pBWM6,0.764214
pre,SMBDL,RMED,0.74223175
pre,SMBDL,SMDDL,1.0
post,SMBDL,RMDDL,0.754179
post,SMBDL,RICL,0.540254
post,SMBDL,ALNR,0.954371
post,SMBDL,FLPR,0.210116
post,SMBDL,ADFL,0.324119375
post,SMBDL,AIYL,0.274119
post,SMBDL,[URBR],0.838155
post,SMBDL,AIZL,0.36955456249999996
post,SMBDL,URXR,0.8175315
gap,SMBDL,SIBVL,0.60844
gap,SMBDL,AVKL,0.36439350000000004
gap,SMBDL,SIBDL,0.617297
gap,SMBDL,SAADL,0.8801471428571429
gap,SMBDL,[OLQDR],0.778421
gap,SMBDL,SIBVR,0.731862
pre,ADAL,AIBR,0.434471
pre,ADAL,AVJL,0.9127040000000001
pre,ADAL,AVJR,0.798915111111111
pre,ADAL,RIML,0.4560904166666666
pre,ADAL,AVBR,0.596106
pre,ADAL,AVER,0.434471
pre,ADAL,RICR,0.59307
pre,ADAL,AVAL,0.927392
pre,ADAL,AVAR,0.59307
pre,ADAL,PVR,0.703962
pre,ADAL,ADLL,0.707336
pre,ADAL,AVBL,0.6640334347826087
pre,ADAL,RIPL,0.77358425
pre,ADAL,RICL,0.790821
post,ADAL,AIBR,0.414565
post,ADAL,RIML,0.4594688888888889
post,ADAL,RICR,0.602902
post,ADAL,RICL,0.916399
post,ADAL,ASHL,0.8030696666666667
post,ADAL,URXL,0.8300556666666666
post,ADAL,AQR,0.406556
post,ADAL,RIFL,0.5431969999999999
post,ADAL,ADLL,0.74442
post,ADAL,URBL,0.922217
post,ADAL,PVPL,0.410643
gap,ADAL,AVDL,0.938798
gap,ADAL,ADFL,0.497081
gap,ADAL,AVDR,0.36111726666666666
gap,ADAL,PVQL,0.252495
gap,ADAL,AWBL,0.747998
gap,ADAL,ASHL,0.750555
pre,ASHL,PVCL,0.49745925
pre,ASHL,AIBL,0.46975480000000003
pre,ASHL,ASHR,0.971982
pre,ASHL,AVBR,0.49949725
pre,ASHL,ASEL,0.279562
pre,ASHL,RIR,0.970371
pre,ASHL,ADAL,0.8068883333333333
pre,ASHL,AVDR,0.5193461818181819
pre,ASHL,ADFL,0.36772152631578947
pre,ASHL,AVBL,0.815009
pre,ASHL,RIAL,0.36772152631578947
pre,ASHL,AVM,0.488636
pre,ASHL,RIML,0.37406422222222224
pre,ASHL,ASKL,0.5766629999999999
pre,ASHL,AIAL,0.5290831481481482
pre,ASHL,AVAL,0.7957118000000001
pre,ASHL,AVEL,0.8297615
pre,ASHL,AVAR,0.520720625
pre,ASHL,RIFL,0.390777
pre,ASHL,ADLL,0.497569
post,ASHL,URXL,0.884879
post,ASHL,ASHR,0.971982
post,ASHL,ADLL,0.58912875
post,ASHL,ASEL,0.354005
post,ASHL,RIFL,0.815234
post,ASHL,PVPL,0.8870484999999999
gap,ASHL,AVJR,0.184004
gap,ASHL,ASHR,0.9502254615384617
gap,ASHL,AVHL,0.899874
gap,ASHL,AIZL,0.127574
gap,ASHL,ADAL,0.7345263181818182
gap,ASHL,ASKL,0.590792
gap,ASHL,RMGL,0.686662
gap,ASHL,AIBL,0.606701
gap,ASHL,RICL,0.0797374111111111
gap,ASHL,AVHR,0.588367
pre,AIAR,AIBR,0.6295357027027026
pre,AIAR,AWCR,0.7743816000000001
pre,AIAR,ASHR,0.50474
pre,AIAR,AIYR,0.9783529999999999
pre,AIAR,ASEL,0.9783529999999999
pre,AIAR,ASGR,0.651055
pre,AIAR,ADAR,0.709208
pre,AIAR,ASER,0.9783529999999999
pre,AIAR,ASKR,0.714692
pre,AIAR,RIFR,0.47660366666666665
post,AIAR,AWCR,0.7624053571428571
post,AIAR,ASIR,0.7695884545454547
post,AIAR,ASHR,0.5394093157894736
post,AIAR,ADLR,0.78867625
post,AIAR,AIZR,0.8217088124999999
post,AIAR,AWCL,0.934797
post,AIAR,ASGR,0.5337155098039216
post,AIAR,AWBR,0.79196
post,AIAR,ASEL,0.77426
post,AIAR,ASER,0.8400382857142857
post,AIAR,ASKR,0.7537228285714287
post,AIAR,ASKL,0.971148
post,AIAR,AIMR,0.6064745625000001
post,AIAR,ASJR,0.970351
post,AIAR,PVQR,0.6658963636363636
gap,AIAR,AINR,0.399182
gap,AIAR,ASIR,0.5155796
gap,AIAR,AIMR,0.282743
gap,AIAR,ADFR,0.322339
gap,AIAR,AWAR,0.5828328181818182
gap,AIAR,AIAL,0.974985
gap,AIAR,ASJR,0.373095
pre,AIMR,AIBR,0.542335
pre,AIMR,AIYR,0.805475
pre,AIMR,AVDR,0.8781034999999999
pre,AIMR,ASGR,0.5711266
pre,AIMR,ASKR,0.620892
pre,AIMR,ASJR,0.7414212499999999
pre,AIMR,AIAR,0.589788625
pre,AIMR,ADFR,0.79737
pre,AIMR,URXR,0.805475
post,AIMR,ASKR,0.6338562857142858
post,AIMR,PVQR,0.359731
post,AIMR,ASGR,0.625766
gap,AIMR,AIAR,0.264361
gap,AIMR,SIBDL,0.861995
pre,URADR,pBWM3,0.11495344666666665
pre,URADR,RIPR,0.11753011333333334
pre,URADR,RMDDL,0.149028
pre,URADR,IL1R,0.149028
pre,URADR,IL1DR,0.158138
post,URADR,IL2DR,0.30576
post,URADR,CEPDR,0.280141
post,URADR,IL1R,0.149966
pre,OLQDL,SIBVL,0.8318476666666667
pre,OLQDL,IL2L,0.994922
pre,OLQDL,RICR,0.717333
pre,OLQDL,RMDDR,0.8382834285714286
post,OLQDL,IL2L,0.988238
post,OLQDL,CEPDL,0.7070082727272727
gap,OLQDL,RMDDR,0.783975
gap,OLQDL,RIBL,0.991896
gap,OLQDL,OLLL,0.994922
gap,OLQDL,RIGL,0.221171
gap,OLQDL,CEPDL,0.680277
gap,OLQDL,URBL,0.649752
pre,PLNL,SMBVL,0.5641217142857142
pre,PLNL,SAAVR,0.780589
pre,PLNL,SAADL,0.5641217142857142
pre,PLNL,RMFL,0.624859
post,PLNL,SMBVL,0.48150975
post,PLNL,SAADL,0.397861
post,PLNL,SMDVR,0.817312
pre,ASER,AIBR,0.39726514285714287
pre,ASER,AWCR,0.3657059166666667
pre,ASER,AFDR,0.2993526
pre,ASER,AIAR,0.5787222857142857
pre,ASER,AIYR,0.3724886363636363
post,ASER,AWCR,0.35191157142857143
post,ASER,PVQR,0.631093
post,ASER,ADLR,0.383675
post,ASER,AIYR,0.492991
post,ASER,AIZR,0.5529724
post,ASER,AWBR,0.566444
post,ASER,ASKR,0.6122
post,ASER,AIAR,0.728087
post,ASER,AWAR,0.213825
pre,PVCR,AVJL,0.495013
pre,PVCR,AVDL,0.5368376
pre,PVCR,RID,0.55127525
pre,PVCR,AVER,0.638769
pre,PVCR,AVBR,0.5942509285714286
pre,PVCR,AVAL,0.49074
pre,PVCR,FLPR,0.196848
pre,PVCR,AVEL,0.20085866666666666
pre,PVCR,AVAR,0.599332
pre,PVCR,AVBL,0.4542143913043477
post,PVCR,AVM,0.2319703846153846
post,PVCR,PVCL,0.841381
post,PVCR,AVJL,0.48650400000000005
post,PVCR,PVNL,0.0736236
post,PVCR,FLPR,0.1653179
post,PVCR,AQR,0.7504232
post,PVCR,PVPR,0.6414415
post,PVCR,ALML,0.97523
post,PVCR,ALMR,0.4067068333333334
post,PVCR,RICR,0.8363693333333334
post,PVCR,PVPL,0.956364
gap,PVCR,BDUR,0.01015321
gap,PVCR,AVJL,0.588666
gap,PVCR,PVCL,0.219004
gap,PVCR,BDUL,0.991911
pre,RIBL,AIBR,0.973692
pre,RIBL,RIS,0.956676
pre,RIBL,AVBR,0.996671
pre,RIBL,AUAL,0.5577513333333334
pre,RIBL,AVER,0.9928375
pre,RIBL,AVAL,0.947319
pre,RIBL,RIAL,0.6506886249999999
pre,RIBL,AVEL,1.145575
pre,RIBL,BAGR,0.8688199000000001
pre,RIBL,RIH,0.483943
pre,RIBL,SMDVR,0.860967
pre,RIBL,URYDL,1.29274
pre,RIBL,AIZL,1.12097
post,RIBL,AIBR,1.0388734285714285
post,RIBL,AINR,0.85312325
post,RIBL,RIS,1.0269015
post,RIBL,RIML,0.9548124
post,RIBL,AVEL,1.17219
post,RIBL,AUAL,0.8334560000000001
post,RIBL,RIGL,0.9126248333333334
post,RIBL,AWBL,0.416552
post,RIBL,AINL,1.1644
post,RIBL,IL2DL,1.10636
post,RIBL,URYVL,0.8652544062499999
post,RIBL,RIMR,1.35968
post,RIBL,RIH,0.5692480555555556
post,RIBL,OLLL,1.0231401944444443
post,RIBL,DVC,0.9476469411764706
post,RIBL,AIYL,0.28631384375
post,RIBL,BAGR,0.8578048749999999
gap,RIBL,SMDDR,1.2976842857142858
gap,RIBL,RIBR,1.157445074074074
gap,RIBL,RIBL,0.97952
gap,RIBL,AVBR,1.0380713333333333
gap,RIBL,AIZL,0.304569
gap,RIBL,RIGL,1.18951
gap,RIBL,SIBVL,1.08917
gap,RIBL,SMDVR,0.867195
gap,RIBL,SIADL,1.04046
gap,RIBL,OLQDL,1.19605
gap,RIBL,SMDVL,1.05797
gap,RIBL,SIBDL,0.143803
gap,RIBL,PVT,1.2352
gap,RIBL,AVBL,0.0806076
gap,RIBL,SMDDL,0.937863
gap,RIBL,RIAL,0.861214
gap,RIBL,OLQVL,0.9759892000000001
pre,SMBDR,RMED,0.7261387647058823
pre,SMBDR,SAAVL,0.908159
pre,SMBDR,AVAR,0.662985
pre,SMBDR,ALNL,0.93693
pre,SMBDR,SIBDL,0.662985
pre,SMBDR,pBWM4,0.7239426976744187
pre,SMBDR,URYDR,0.638321
pre,SMBDR,SAAVR,0.638321
post,SMBDR,SIBDR,0.516128
post,SMBDR,ALNL,0.9553286
post,SMBDR,RICR,0.506656
post,SMBDR,AIZR,0.40164124
post,SMBDR,AIZL,0.34394859999999994
post,SMBDR,CEPDL,0.787423
post,SMBDR,AWBR,0.299299
post,SMBDR,AVKL,0.37984
post,SMBDR,AVKR,0.356676
post,SMBDR,ADFR,0.405343
post,SMBDR,RIAL,0.32841
gap,SMBDR,SIBVL,0.741286
gap,SMBDR,RIBR,0.573372
gap,SMBDR,AVKR,0.3141957142857143
gap,SMBDR,SAADR,0.8740621111111111
pre,AIZR,AIBR,0.7223749999999999
pre,AIZR,RIBR,0.885025
pre,AIZR,AIAR,0.7187331875
pre,AIZR,SMBDR,0.39855592
pre,AIZR,AIYR,0.408095
pre,AIZR,RIAR,0.35452142000000003
pre,AIZR,AVER,0.957558
pre,AIZR,AWAR,0.650665
pre,AIZR,AWBR,0.31797
pre,AIZR,AIBL,0.5620056764705882
pre,AIZR,AVEL,0.5262700000000001
pre,AIZR,RIMR,0.5590596296296296
pre,AIZR,BAGL,0.885025
pre,AIZR,SMBVR,0.31172847500000006
pre,AIZR,ASER,0.7164293
post,AIZR,RIR,0.8426033750000002
post,AIZR,DVA,0.54148
post,AIZR,AIBL,0.532316
post,AIZR,AIYR,0.3497849069767442
post,AIZR,AWCL,0.778826
post,AIZR,AWAR,0.4917767826086957
post,AIZR,AWBR,0.7293026666666665
post,AIZR,RIH,0.40245251851851854
post,AIZR,RIGR,0.938498
post,AIZR,DVC,0.507793
post,AIZR,ADFR,0.41990563636363637
post,AIZR,PVPL,0.977188
gap,AIZR,AWCL,0.778739
gap,AIZR,RIMR,0.7168435
gap,AIZR,ASHR,0.08210532857142858
gap,AIZR,RIBR,0.30533325
gap,AIZR,AIZL,0.56829
gap,AIZR,AWAR,0.112259
gap,AIZR,AWBR,0.5631142499999999
gap,AIZR,ASGR,0.07510130000000001
pre,AVER,AIBR,0.627357
pre,AVER,AIZL,0.627357
post,AVER,IL2DR,0.276977
post,AVER,PVCL,0.8007493333333334
post,AVER,RIS,0.46545138888888893
post,AVER,RIBR,0.26042314285714285
post,AVER,RIBL,0.49867525
post,AVER,AIZR,0.289955
post,AVER,AIZL,0.6503486923076923
post,AVER,OLLL,0.47965326415094334
post,AVER,CEPDL,0.403758
post,AVER,RIR,0.630342
post,AVER,AUAR,0.2739432222222222
post,AVER,ADAL,0.746773
post,AVER,ALA,0.0978381
post,AVER,CEPVR,0.154911
post,AVER,DVC,0.646893
post,AVER,AIBL,0.2506913333333333
post,AVER,CEPVL,0.5076526923076924
post,AVER,URYDL,0.37001599999999996
post,AVER,URXR,0.16860466666666665
post,AVER,ASHR,0.182369
post,AVER,AIBR,0.763096
post,AVER,DVA,0.5319020833333333
post,AVER,RMGR,0.20127
post,AVER,RIGL,0.634604090909091
post,AVER,URBR,0.164077
post,AVER,FLPL,0.7113146666666667
post,AVER,ADER,0.141474
post,AVER,AVKL,0.332596
post,AVER,BAGL,0.28048
post,AVER,RIGR,0.2603514
post,AVER,URYVL,0.521939744680851
post,AVER,AVKR,0.7211668
post,AVER,PVCR,0.195843
post,AVER,ASJR,0.102504
gap,AVER,SMDDR,0.354475
gap,AVER,RMDR,0.4400826666666667
gap,AVER,RIML,0.7171526500000001
gap,AVER,RMDDL,0.459263
gap,AVER,RMEV,0.566204
gap,AVER,SMDVR,0.579274
gap,AVER,RMED,0.31265
gap,AVER,URYVL,0.553227
gap,AVER,RIMR,0.37175376190476195
gap,AVER,AVAR,0.721749
gap,AVER,RIVR,0.6112794
pre,ASJL,ASKL,0.4096398
pre,ASJL,PVQL,0.53681156
post,ASJL,AIML,0.848192
post,ASJL,ASKL,0.51495975
post,ASJL,PVQL,0.5053633333333334
gap,ASJL,AIAL,0.2833278
gap,ASJL,ASJR,0.967801
pre,IL1VR,pBWM7,0.9101555333333333
pre,IL1VR,RIPR,0.8941705909090909
pre,IL1VR,pBWM8,0.8487282
pre,IL1VR,[pBWM6],0.9283453157894737
pre,IL1VR,CEPVR,0.777188
pre,IL1VR,RMDDR,0.8929109210526315
pre,IL1VR,URAVR,0.955053
pre,IL1VR,URYVR,0.960885
post,IL1VR,RMDVL,0.913541
post,IL1VR,PVR,0.6529851000000001
post,IL1VR,CEPVR,0.68642525
post,IL1VR,OLLR,0.859746
post,IL1VR,URAVR,0.9348825000000001
post,IL1VR,IL2VR,0.87633825
post,IL1VR,URYVR,0.77878075
gap,IL1VR,IL1VL,0.05459526
gap,IL1VR,IL1R,0.980279
gap,IL1VR,RMED,0.888121
gap,IL1VR,OLLR,0.845093
pre,SAADR,RIMR,0.7407422222222222
pre,SAADR,RIML,0.743279
pre,SAADR,RMGL,0.811257
pre,SAADR,RMGR,0.556506
pre,SAADR,AVAR,0.7468974666666667
pre,SAADR,OLLL,0.761067
pre,SAADR,AVAL,0.811257
pre,SAADR,SMDVL,0.710779
post,SAADR,AIBR,0.698721
post,SAADR,AVKL,0.514714
post,SAADR,SMBVR,0.3312902631578948
post,SAADR,SMDVL,0.376108
post,SAADR,PLNR,0.38398753846153844
post,SAADR,RIML,0.7367645
post,SAADR,RIVL,0.3558547777777778
gap,SAADR,SMBDR,0.8688476666666667
pre,SDQL,AIBL,0.280254
pre,SDQL,FLPL,0.2736435714285715
pre,SDQL,AVAR,0.25962
pre,SDQL,AVAL,0.280254
post,SDQL,DVA,0.372554
post,SDQL,SDQR,0.255486
post,SDQL,RIAL,0.173923
gap,SDQL,SDQR,0.300493
gap,SDQL,AVAR,0.270816
pre,AIYL,AWCR,0.989939
pre,AIYL,RIR,0.903619
pre,AIYL,AIBL,0.7694185
pre,AIYL,RIBL,0.434267921875
pre,AIYL,ADLR,0.903619
pre,AIYL,ASEL,0.548898
pre,AIYL,AIZL,0.49507679012345684
pre,AIYL,SMBDL,0.386106
pre,AIYL,AFDL,0.678789
pre,AIYL,AWBL,0.400334
pre,AIYL,RIAL,0.43968354545454547
post,AIYL,AWCR,0.683684875
post,AIYL,ADLR,0.8493974705882353
post,AIYL,ADFL,0.523492
post,AIYL,AIZL,0.76938
post,AIYL,ASIL,0.517495
post,AIYL,AFDL,0.6974747021276596
post,AIYL,AWBL,0.532856
post,AIYL,AWAL,0.48130200000000006
post,AIYL,BAGR,0.643022
post,AIYL,ASEL,0.7032612142857143
post,AIYL,AWCL,0.5839030666666667
gap,AIYL,AIYR,0.987921
gap,AIYL,RIML,0.318682
pre,URYDL,SMDDR,0.15639842
pre,URYDL,pBWM4,0.03961716666666667
pre,URYDL,RMDVL,0.057945588888888885
pre,URYDL,OLLL,0.183925
pre,URYDL,AVER,0.17582700000000004
pre,URYDL,RMDDR,0.0671098
post,URYDL,RIS,0.19299
post,URYDL,RIBL,0.1921
post,URYDL,RMDVL,0.0475989
post,URYDL,DVC,0.333029
post,URYDL,RIGL,0.344366
post,URYDL,CEPDL,0.2972285333333334
gap,URYDL,RIGL,0.354286
gap,URYDL,RMDVL,0.0310772
gap,URYDL,RMDDR,0.0310772
pre,BAGL,AVAR,0.67762
pre,BAGL,RIBR,0.7216216923076924
pre,BAGL,AFDR,0.9314620000000001
pre,BAGL,RIGR,0.777586
pre,BAGL,AIYR,0.9040255
pre,BAGL,RIAR,0.7569419374999999
pre,BAGL,AWCL,0.876589
pre,BAGL,AVER,0.4822875
post,BAGL,AINR,0.466372
post,BAGL,RIR,0.685814
post,BAGL,RIBR,0.6740635384615385
post,BAGL,AIYR,0.6418443333333334
post,BAGL,RIAR,0.672379
post,BAGL,RIGR,0.7254878
post,BAGL,AUAR,0.657674
post,BAGL,AINL,0.7869913333333334
post,BAGL,AQR,0.67906775
post,BAGL,RIH,0.7894736666666667
post,BAGL,AIZR,0.509447
gap,BAGL,AINL,0.7717040000000001
gap,BAGL,RIR,0.7501599999999998
gap,BAGL,BAGR,0.49808
gap,BAGL,AIBL,0.714685
pre,SMDDR,pBWM4,0.6731565263157895
pre,SMDDR,CEPDL,0.6805666666666667
pre,SMDDR,RIAR,0.6820325
pre,SMDDR,pBWM8,0.405049
pre,SMDDR,contin919,0.981241
pre,SMDDR,SAAVL,0.893929
pre,SMDDR,RIMR,0.724488
pre,SMDDR,SMDVL,0.672772
pre,SMDDR,pBWM,0.724488
pre,SMDDR,RIAL,0.7541145
post,SMDDR,RIS,0.5258065
post,SMDDR,AIBL,0.3241905
post,SMDDR,RIVL,0.3866382
post,SMDDR,RICR,0.40591231250000004
post,SMDDR,RIAR,0.44573056862745103
post,SMDDR,RICL,0.34735975
post,SMDDR,RMED,0.390651
post,SMDDR,SAAVL,0.37391775
post,SMDDR,RIMR,0.689494
post,SMDDR,SMDVL,0.3847459411764706
post,SMDDR,OLLL,0.688269875
post,SMDDR,RIBR,0.388262
post,SMDDR,URYDL,0.6933632000000001
post,SMDDR,RIAL,0.5160949090909092
post,SMDDR,RIML,0.396884
gap,SMDDR,RMDR,0.722629
gap,SMDDR,RIBL,0.6826374285714286
gap,SMDDR,RIS,0.695553
gap,SMDDR,AVER,0.686343
gap,SMDDR,RMDDR,0.819729
gap,SMDDR,SMDDL,0.625919
pre,RMDR,IL2L,0.8196850000000001
pre,RMDR,RMHR,0.861354
pre,RMDR,RMDVL,0.8190128
pre,RMDR,pBWM9,0.8274062499999999
pre,RMDR,RMDDL,0.832237
pre,RMDR,RMDDR,0.774848
pre,RMDR,RMDL,0.8405029166666669
pre,RMDR,pBWM5,0.891606
pre,RMDR,pBWM7,0.859759
pre,RMDR,RMFR,0.891606
pre,RMDR,ADEL,0.826932
pre,RMDR,RIAR,0.7907327272727275
pre,RMDR,IL1L,0.8196850000000001
pre,RMDR,RIAL,0.8117053000000001
post,RMDR,RIS,0.74064475
post,RMDR,RMDVL,0.860499
post,RMDR,RMGL,0.8179594666666666
post,RMDR,IL1L,0.8405679999999999
post,RMDR,SAAVR,0.647475
post,RMDR,RMHL,0.45708124999999994
post,RMDR,AVKR,0.6501384
post,RMDR,IL2L,0.8449198421052632
post,RMDR,RIML,0.540003
post,RMDR,RIAR,0.7124222857142858
post,RMDR,RMDL,0.473956125
post,RMDR,RMFL,0.48550373333333335
post,RMDR,ADER,0.456893
post,RMDR,RIMR,0.7992446666666666
post,RMDR,ADEL,0.846734
post,RMDR,OLLL,0.827608
post,RMDR,IL1R,0.44049849999999996
post,RMDR,RMGR,0.46149324999999997
post,RMDR,RIVR,0.939848
post,RMDR,RIAL,0.6372253529411765
gap,RMDR,SMDDR,0.720119
gap,RMDR,RMDVR,0.9483517333333334
gap,RMDR,RMHR,0.8042408
gap,RMDR,AVER,0.8529186666666667
gap,RMDR,RMDDR,0.7735225714285715
gap,RMDR,RMFR,0.810711
pre,ADFL,SIBVL,0.358582
pre,ADFL,AUAL,0.5092832857142857
pre,ADFL,SMBDL,0.33398325
pre,ADFL,AIZL,0.6326465454545455
pre,ADFL,RIGL,0.64269675
pre,ADFL,RIR,0.863884
pre,ADFL,SMBVL,0.41753562499999997
pre,ADFL,AIYL,0.404178
pre,ADFL,RIAL,0.4363813611111111
post,ADFL,RIR,0.8803833333333332
post,ADFL,AIML,0.772295
post,ADFL,AVHR,0.670673
post,ADFL,AWAL,0.24587099999999998
post,ADFL,ASHL,0.3215677894736842
post,ADFL,AWBL,0.5585654090909091
gap,ADFL,RIH,0.570131
gap,ADFL,ADFR,0.9777539999999999
gap,ADFL,AIAL,0.131207
gap,ADFL,ADAL,0.424624
pre,RIGL,RIR,0.6062745833333333
pre,RIGL,RIBL,0.7904456666666667
pre,RIGL,RMGL,0.846075
pre,RIGL,AVER,0.6218222727272728
pre,RIGL,RIAL,0.727749
pre,RIGL,AVEL,0.952728
pre,RIGL,BAGR,0.89648325
pre,RIGL,AVKL,0.846075
pre,RIGL,DVC,0.600708
pre,RIGL,AVKR,0.846075
pre,RIGL,URYDL,0.932152
pre,RIGL,AIZL,0.7400998750000001
pre,RIGL,OLQVL,0.725053
post,RIGL,RIR,0.6837522500000001
post,RIGL,RIML,0.813396
post,RIGL,AVEL,0.953727
post,RIGL,ADFL,0.6483518749999999
post,RIGL,CEPDL,0.946682
post,RIGL,FLPR,0.293728
post,RIGL,URXL,0.7314133333333334
post,RIGL,ADER,0.22429704761904765
post,RIGL,AVAR,0.308533
post,RIGL,ADEL,0.2706664
post,RIGL,DVC,0.8198071499999999
post,RIGL,PVT,0.6752561428571429
post,RIGL,AVKR,0.215765
post,RIGL,BAGR,0.7167795
post,RIGL,RMHR,0.8669787142857144
post,RIGL,PVPL,0.22278948
gap,RIGL,AIBR,0.74394
gap,RIGL,RIBL,0.925811
gap,RIGL,RIGR,0.5083221639344262
gap,RIGL,OLQDL,0.947618
gap,RIGL,AVKL,0.31393808333333334
gap,RIGL,OLLL,0.887604
gap,RIGL,URYVL,0.6704103333333333
gap,RIGL,BAGR,0.670453
gap,RIGL,URYDL,0.944009
gap,RIGL,OLQVL,0.738347
gap,RIGL,PVPL,0.10948
pre,AIAL,AWCR,0.8807997999999999
pre,AIAL,ADLL,1.0
pre,AIAL,AIBL,0.6305721951219513
pre,AIAL,RIFL,0.51507108
pre,AIAL,ASEL,0.8758473333333333
pre,AIAL,AWCL,1.0
pre,AIAL,ASIL,0.698179
post,AIAL,AWCR,0.9084092727272726
post,AIAL,AIML,0.63813825
post,AIAL,AIBL,0.827333
post,AIAL,AVFL,0.567763
post,AIAL,ASEL,0.7938185
post,AIAL,AWCL,0.9466886000000001
post,AIAL,ASIL,0.7360160769230769
post,AIAL,ASKR,0.985103
post,AIAL,ASHL,0.636717
post,AIAL,AWBL,0.821299
post,AIAL,ASGL,0.5940218409090909
post,AIAL,ASIR,0.987223
post,AIAL,ASKL,0.7884323142857143
post,AIAL,ADLL,0.8245853333333333
post,AIAL,PVQL,0.7051391578947369
post,AIAL,AIZL,0.825805909090909
gap,AIAL,AINR,0.5224025
gap,AIAL,ASIL,0.6163259375
gap,AIAL,ADFL,0.392178
gap,AIAL,AWCL,0.513795
gap,AIAL,ASJL,0.5077307999999999
gap,AIAL,AWBL,0.8183657142857143
gap,AIAL,AINL,0.453383
gap,AIAL,AWAL,0.5350075624999999
gap,AIAL,AIAR,0.974907
gap,AIAL,ASGL,0.45470499999999997
gap,AIAL,AIZL,0.802354
pre,AVKL,vBWMR,0.982533
pre,AVKL,SMBDR,0.748069
pre,AVKL,AVER,0.5032566666666667
pre,AVKL,RIVL,0.639333
pre,AVKL,AVEL,0.7518649999999999
pre,AVKL,SAADR,0.639333
pre,AVKL,RIMR,0.4751845
pre,AVKL,SAAVR,0.567999
pre,AVKL,RIGR,0.520196
pre,AVKL,DVC,0.6258365
pre,AVKL,PVT,0.26914
pre,AVKL,AVKR,0.7638585
pre,AVKL,SIADR,0.748069
pre,AVKL,SMDDL,0.33711199999999997
pre,AVKL,RIML,0.5827985
post,AVKL,RIS,0.5086999999999999
post,AVKL,RMHR,0.44386042857142854
post,AVKL,RIGL,0.431038
post,AVKL,PVT,0.4978740625
post,AVKL,RMDL,0.418089
post,AVKL,RMFL,0.607398
post,AVKL,RMFR,0.442484
post,AVKL,RIGR,0.5897467500000001
post,AVKL,DVC,0.7111300000000002
post,AVKL,RMHL,0.598217
post,AVKL,AVKR,0.7710796
gap,AVKL,RIGL,0.15711889166666668
gap,AVKL,RIML,0.555436
gap,AVKL,RICR,0.480796
gap,AVKL,RICL,0.377098
gap,AVKL,RIGR,0.737471
gap,AVKL,SMBDL,0.23032725
gap,AVKL,SMBVL,0.0341681
gap,AVKL,AQR,0.175977
gap,AVKL,PVPR,0.971685
gap,AVKL,PVT,0.87966
gap,AVKL,AVKR,0.38979878333333334
gap,AVKL,PVPL,0.0767228
pre,OLLL,SMDDR,0.9586899999999999
pre,OLLL,RMDR,0.630725
pre,OLLL,RIBL,0.8978288888888888
pre,OLLL,RMER,0.8578793333333333
pre,OLLL,RMDDL,0.9399656153846154
pre,OLLL,AVER,0.9157096981132076
pre,OLLL,RMED,0.95895
pre,OLLL,CEPDL,0.904411
pre,OLLL,SMDVR,1.0644933684210525
pre,OLLL,IL1L,0.827257
pre,OLLL,IL2L,0.8258595
pre,OLLL,CEPVL,0.9523366666666666
pre,OLLL,RMDVL,0.786029
post,OLLL,IL2L,0.6312498333333333
post,OLLL,RMDVL,0.94496
post,OLLL,CEPDL,0.8591838333333334
post,OLLL,SAADR,0.215756
post,OLLL,RIS,0.878028
post,OLLL,ADEL,0.6409245
post,OLLL,CEPVL,0.9741415999999999
post,OLLL,URYDL,0.899488
post,OLLL,URBL,0.531003
gap,OLLL,OLQDL,0.894974
gap,OLLL,IL2L,0.08554045
gap,OLLL,RIGL,0.159805
gap,OLLL,OLLR,1.0717929333333334
gap,OLLL,IL1DL,0.952033
pre,PLNR,SAADR,0.34138584615384615
pre,PLNR,SAAVL,0.5813025
pre,PLNR,SMBVR,0.35862350000000004
pre,PLNR,SMDVL,0.579892
post,PLNR,SMBVR,0.366463
post,PLNR,RIGR,0.055430766666666666
post,PLNR,g,0.552656
gap,PLNR,SMBVR,0.4858515
pre,RMGR,AVJL,0.795178
pre,RMGR,SIBVL,0.814991
pre,RMGR,RMDR,0.9626632500000001
pre,RMGR,SMBVR,0.809079
pre,RMGR,AVBR,0.795178
pre,RMGR,AVFL,0.679736
pre,RMGR,pBWM6,0.9649685
pre,RMGR,AVER,0.814991
pre,RMGR,RICR,0.809079
pre,RMGR,SIBVR,0.854623
pre,RMGR,RMDL,0.9121011176470589
pre,RMGR,RMFL,0.952238
pre,RMGR,RMDVR,0.9151743125
pre,RMGR,[pBWM6],0.952238
pre,RMGR,SAADL,0.833074
pre,RMGR,pBWM,0.96006
pre,RMGR,AVFR,0.679736
post,RMGR,BDUR,0.447158
post,RMGR,RMFL,0.9729395000000001
post,RMGR,ASHR,0.810728
post,RMGR,RIGR,0.9678614999999999
post,RMGR,CEPVR,0.733965
post,RMGR,SAADR,0.937059
post,RMGR,AVFR,0.559138
post,RMGR,RMDL,0.968878
gap,RMGR,ASKR,0.503758
gap,RMGR,IL2R,0.763463
gap,RMGR,ASHR,0.7782461
gap,RMGR,ADLR,0.681507
gap,RMGR,URXR,0.7377695
gap,RMGR,RMFL,0.9461611428571428
gap,RMGR,RMHR,0.9137536666666666
gap,RMGR,AWBR,0.707292
pre,AVKR,AIBR,0.77419
pre,AVKR,RMDR,0.4722353999999999
pre,AVKR,RIML,0.44905779999999995
pre,AVKR,SMBDR,0.237707
pre,AVKR,RMGL,0.53794
pre,AVKR,AVER,0.7714012
pre,AVKR,RIGL,0.889111
pre,AVKR,SMDVR,0.479996
pre,AVKR,RMDL,0.564553
pre,AVKR,SAADL,0.60349
pre,AVKR,AVKL,0.22905332
pre,AVKR,FLPL,0.767218
pre,AVKR,RIGR,0.237707
pre,AVKR,RIMR,0.6420913333333332
pre,AVKR,RIVR,0.60349
pre,AVKR,SMDDL,0.661392
pre,AVKR,AVL,0.237707
post,AVKR,DVA,0.822912
post,AVKR,RIS,0.44180606666666666
post,AVKR,RICL,0.62657
post,AVKR,RIGL,0.571621
post,AVKR,FLPL,0.7633405
post,AVKR,RMFL,0.4012389090909091
post,AVKR,RMFR,0.5563971666666667
post,AVKR,AVKL,0.2371562
post,AVKR,PVT,0.48534700000000003
gap,AVKR,SMBVR,0.0506382
gap,AVKR,SMBDR,0.20917428571428573
gap,AVKR,RICR,0.360633
gap,AVKR,RICL,0.631778
gap,AVKR,PVPR,0.0379703
gap,AVKR,ADER,0.900022
gap,AVKR,AVKL,0.6097480833333334
gap,AVKR,ADEL,0.9498179999999999
gap,AVKR,RIGR,0.23399936923076922
gap,AVKR,PVT,0.3456346666666666
gap,AVKR,PVPL,0.8727765
pre,ASIR,AIBR,0.3303936
pre,ASIR,AWCR,0.43412999999999996
pre,ASIR,ADLR,0.790803
pre,ASIR,AIYR,0.357984
pre,ASIR,ASGR,0.4574899
pre,ASIR,AWCL,0.919314
pre,ASIR,AIAL,0.979212
pre,ASIR,AINL,0.34948100000000004
pre,ASIR,ASKR,0.134955
pre,ASIR,AIAR,0.670544090909091
post,ASIR,AWCR,0.417034
gap,ASIR,ASIL,0.9806890000000001
gap,ASIR,AIAR,0.3263296
pre,IL1DL,pBWM4,0.848082
pre,IL1DL,RMDVL,0.9161703333333332
pre,IL1DL,RIPL,0.9318142258064516
pre,IL1DL,pBWM,0.9317705757575757
post,IL1DL,IL2DL,0.783027
post,IL1DL,PVR,0.639618
post,IL1DL,CEPDL,0.6909546363636363
post,IL1DL,RMDDR,0.854567
gap,IL1DL,OLLL,1.02736
gap,IL1DL,RMEV,1.03067
gap,IL1DL,IL1DR,1.03784
gap,IL1DL,IL1L,1.0025
pre,RICR,SMDDR,0.47086325
pre,RICR,AIBL,0.502608
pre,RICR,RIVL,0.654435
pre,RICR,SMBDR,0.48922333333333334
pre,RICR,AVDR,0.7853176666666667
pre,RICR,SMDVR,0.720766
pre,RICR,ADAL,0.968578
pre,RICR,AVAR,0.7974039333333334
pre,RICR,AVAL,0.47877886956521737
pre,RICR,CEPVL,0.855336
pre,RICR,SMDDL,0.9702954
pre,RICR,PVCR,0.7853176666666667
pre,RICR,SMDVL,0.7208439999999999
post,RICR,SIBVL,0.286629
post,RICR,RIS,0.515158
post,RICR,SIBDR,0.495362
post,RICR,g,0.21465
post,RICR,RMGL,0.751712
post,RICR,CEPDL,0.7306905
post,RICR,ADAL,0.976956
post,RICR,OLQDL,0.7161370000000001
post,RICR,CEPVR,0.4488463076923077
post,RICR,ALML,0.96181
post,RICR,CEPVL,0.8996269285714286
post,RICR,URXR,0.570901
post,RICR,DVA,0.140967
post,RICR,RICL,0.536209
post,RICR,URXL,0.818187
post,RICR,CEPDR,0.6157985
post,RICR,RMGR,0.555535
post,RICR,URBL,0.86284
post,RICR,OLQVR,0.49055499999999996
gap,RICR,AVKL,0.755033
gap,RICR,ASHR,0.036347175
gap,RICR,AVKR,0.515856
gap,RICR,OLLR,0.55488
pre,FLPR,AIBR,0.9364693333333335
pre,FLPR,AVM,0.3951
pre,FLPR,DVA,0.828355
pre,FLPR,AVDL,0.3116560857142857
pre,FLPR,AVDR,0.9145854999999999
pre,FLPR,RIGL,0.628784
pre,FLPR,SMBDL,0.564664
pre,FLPR,FLPL,0.5367952222222221
pre,FLPR,ADAR,0.0983012
pre,FLPR,AVEL,0.43164166666666665
pre,FLPR,AVBR,0.564664
pre,FLPR,ADER,0.964151
pre,FLPR,AVAR,0.7736246666666666
pre,FLPR,AVAL,0.7532991000000001
pre,FLPR,AVHL,0.177246
pre,FLPR,AVBL,0.41566091304347824
pre,FLPR,PVCR,0.4026224
post,FLPR,RIH,0.555394
post,FLPR,PVCR,0.480194
post,FLPR,FLPL,0.768103
gap,FLPR,AVM,0.24936350000000002
gap,FLPR,AIBL,0.980805
gap,FLPR,RIH,0.808061
gap,FLPR,PVR,0.147649
post,SIADR,AVKL,0.37896899999999994
post,SIADR,ADEL,0.893195
post,SIADR,RMGL,0.781441
post,SIADR,RIAR,0.7208664444444444
post,SIADR,ASKL,0.8646153333333334
post,SIADR,SAADL,0.633373
post,SIADR,CEPDL,0.820087
pre,RIFR,AVJL,0.5390384285714286
pre,RIFR,PVCL,0.0101811
pre,RIFR,AVBR,0.4983219166666666
pre,RIFR,RIAR,0.444429
pre,RIFR,AVDL,0.0101811
pre,RIFR,HSNR,0.77627
pre,RIFR,ADER,0.77627
pre,RIFR,RIMR,0.4052804375
pre,RIFR,PVPR,0.5862945555555555
pre,RIFR,AVBL,0.364827
post,RIFR,ADAR,0.508421
post,RIFR,ASHR,0.4940356666666666
post,RIFR,AIAR,0.48543044444444444
post,RIFR,PVPR,0.573625
post,RIFR,ADLR,0.620965
post,RIFR,AWAR,0.5242565
post,RIFR,HSNR,0.842878
post,RIFR,AVFR,0.517369
gap,RIFR,AIBR,0.460051
gap,RIFR,PVCL,0.958412
pre,RIAL,AINR,0.205889
pre,RIAL,SMBVR,0.360942
pre,RIAL,RIVL,0.949702
pre,RIAL,RMDVL,0.824536517857143
pre,RIAL,AUAL,0.205889
pre,RIAL,[SDQL],0.483605
pre,RIAL,RMDDR,0.7947496052631579
pre,RIAL,SIAVL,0.6265767142857143
pre,RIAL,IL1L,0.712004
pre,RIAL,SIADL,0.8237613749999999
pre,RIAL,SMDVL,0.89726632
pre,RIAL,SIAVR,0.9526787142857144
pre,RIAL,SMDDL,0.6113375102040817
pre,RIAL,SMDDR,0.891495909090909
pre,RIAL,RMDR,0.818786205882353
pre,RIAL,SMBDR,0.360942
pre,RIAL,RMDDL,0.6608477115384616
pre,RIAL,SMDVR,0.6556604893617022
pre,RIAL,RMDL,0.81812403125
pre,RIAL,RMDVR,0.6971384626865671
pre,RIAL,RIAR,0.7686346875000001
pre,RIAL,RIVR,0.5434046666666666
pre,RIAL,AIZL,0.360942
post,RIAL,RIR,0.20194628571428572
post,RIAL,SIBDR,0.124298
post,RIAL,RIBL,0.24141925
post,RIAL,AUAL,0.20725939999999995
post,RIAL,AIZL,0.3651288157894737
post,RIAL,ASHL,0.4237338947368421
post,RIAL,AIYR,0.395176
post,RIAL,RMDR,0.72187
post,RIAL,AQR,0.17147039999999997
post,RIAL,RIH,0.30372148936170207
post,RIAL,AIYL,0.38427378181818184
post,RIAL,SMDDL,0.8297083333333334
post,RIAL,RIVL,0.958682
post,RIAL,SMDDR,0.531116625
post,RIAL,DVA,0.446942
post,RIAL,ADLR,0.1401778
post,RIAL,ADFL,0.3324999444444445
post,RIAL,RIGL,0.192844
post,RIAL,AWBL,0.333953
post,RIAL,SMDVR,0.6128980800000001
post,RIAL,RMDL,0.8827273076923077
post,RIAL,URXL,0.2045336
post,RIAL,SMBVL,0.344815
post,RIAL,BAGR,0.19121719047619049
post,RIAL,RIAR,0.9147289999999999
post,RIAL,RIVR,0.55354875
post,RIAL,SMDVL,0.9302403684210526
gap,RIAL,SMBVL,0.411498
gap,RIAL,RMDVR,0.569552
gap,RIAL,RIBL,0.182188
gap,RIAL,RIAR,0.865917
gap,RIAL,AUAL,0.15038
gap,RIAL,RMDDL,0.622441
gap,RIAL,IL1R,0.8743586666666667
pre,AVJL,PVCL,0.968542
pre,AVJL,RIS,0.8043720000000001
pre,AVJL,RIMR,0.636784
pre,AVJL,AVBR,0.495705
pre,AVJL,AIYR,0.8043720000000001
pre,AVJL,AQR,0.549128
pre,AVJL,AVBL,0.8907950000000001
pre,AVJL,PVCR,0.5311034285714286
post,AVJL,ADAR,0.391003625
post,AVJL,AVM,0.6739813333333333
post,AVJL,ASHR,0.372757
post,AVJL,ASKL,0.18437099999999998
post,AVJL,RIFL,0.2795698
post,AVJL,ADAL,0.25549
post,AVJL,BDUR,0.632849
post,AVJL,PVR,0.30408487500000003
post,AVJL,PVPR,0.498718
post,AVJL,RMGR,0.391643
post,AVJL,RIFR,0.6198457857142856
post,AVJL,PVCR,0.520695
gap,AVJL,RIS,0.8831849999999999
gap,AVJL,PVCR,0.438726
pre,AIML,AIBL,0.573057
pre,AIML,AVFL,0.8957135
pre,AIML,ADFL,0.817226
pre,AIML,ASJL,0.894418
pre,AIML,AIAL,0.5903385833333333
pre,AIML,SIBVR,0.241781
pre,AIML,AVEL,0.76639
pre,AIML,ASKL,0.573057
pre,AIML,ASGL,0.5043946666666667
pre,AIML,[CEPshVL?],0.76639
post,AIML,RMGL,0.846637
post,AIML,ASKL,0.6528108333333333
post,AIML,PVQL,0.348077
post,AIML,ASGL,0.598217
gap,AIML,SIBDR,0.889263
pre,IL2R,RMEV,0.117177
pre,IL2R,RMER,0.2744006666666667
pre,IL2R,IL1R,0.3530125
pre,IL2R,URAVR,0.10416468000000001
pre,IL2R,RMDL,0.32932887499999997
pre,IL2R,RMED,0.1220078
pre,IL2R,RMDVR,0.117177
pre,IL2R,RIH,0.09741284272727273
pre,IL2R,pBWM,0.354733
pre,IL2R,[OLQDR],0.0693593775
post,IL2R,RMEV,0.126347
post,IL2R,RIH,0.02438
post,IL2R,URAVR,0.1488195
post,IL2R,[OLQDR],0.045467683333333335
post,IL2R,RMDL,0.315307
gap,IL2R,OLLR,0.765541
gap,IL2R,URBR,0.6803174999999999
gap,IL2R,RMGR,0.434762
gap,IL2R,IL1R,0.4734964
gap,IL2R,URXR,0.415831
pre,ASIL,AWCR,0.491778
pre,ASIL,AIBL,0.43366499999999997
pre,ASIL,CEPshVL,0.331924
pre,ASIL,AWCL,0.46574372727272734
pre,ASIL,ASGL,0.45408050000000005
pre,ASIL,AIYL,0.357625
pre,ASIL,AIAL,0.6082620769230769
post,ASIL,AWCL,0.46100719999999995
post,ASIL,AIAL,0.5543135
gap,ASIL,ASIR,0.9724569999999999
gap,ASIL,AIAL,0.42305237500000004
pre,ALNL,SAAVL,0.5940689166666667
pre,ALNL,SMBDR,0.1714856
pre,ALNL,RIVR,0.8832438
post,ALNL,SMBDR,0.261096
pre,RMDL,RMHL,0.8890969999999999
pre,RMDL,RMDR,0.90765325
pre,RMDL,IL2R,0.854532
pre,RMDL,RMHR,0.517495
pre,RMDL,RMER,0.8522123333333335
pre,RMDL,RIAR,0.8676560999999999
pre,RMDL,RIS,0.490805
pre,RMDL,IL1R,0.863398
pre,RMDL,RMFL,0.908847
pre,RMDL,RMDVR,0.892966
pre,RMDL,[pBWM6],0.8535465
pre,RMDL,pBWM6,0.8974315454545454
pre,RMDL,RMGL,0.517495
pre,RMDL,RMGR,0.880253
pre,RMDL,pBWM,0.8766641428571429
pre,RMDL,AVKL,0.490805
pre,RMDL,RIAL,0.8920306153846155
pre,RMDL,RIML,0.750132
post,RMDL,RIS,0.8471837272727272
post,RMDL,RIVL,0.9810279999999999
post,RMDL,RMDVL,0.5125985999999999
post,RMDL,RMGL,0.50766175
post,RMDL,IL1R,0.872316
post,RMDL,OLLR,0.8564483636363637
post,RMDL,IL1L,0.444122
post,RMDL,RMFR,0.4832578888888889
post,RMDL,RMHL,0.851629
post,RMDL,RIAL,0.74525078125
post,RMDL,RMHR,0.430298
post,RMDL,RMDR,0.4635041666666666
post,RMDL,IL2R,0.866439375
post,RMDL,RIML,0.7798762857142857
post,RMDL,RIAR,0.7445532499999999
post,RMDL,RMFL,0.850151
post,RMDL,RIMR,0.5376825999999999
post,RMDL,CEPDR,0.853885
post,RMDL,RMGR,0.8488281764705882
post,RMDL,AVKR,0.520925
post,RMDL,ADEL,0.518961
gap,RMDL,AVEL,0.876229
gap,RMDL,RMFL,0.872984
gap,RMDL,RIBR,0.876229
gap,RMDL,RMDVL,0.9793430000000001
gap,RMDL,RMHL,0.8269103333333333
gap,RMDL,RMDDL,0.848561
gap,RMDL,CEPVL,0.361655
gap,RMDL,SMDDL,0.761515
pre,AINL,CEPshVR,0.732466
pre,AINL,AIBL,0.589151
pre,AINL,AFDR,0.48617525
pre,AINL,ASEL,0.4638
pre,AINL,AUAR,0.631531
pre,AINL,BAGR,0.337759
pre,AINL,BAGL,0.6369226666666666
pre,AINL,RIBR,0.680286
pre,AINL,RIBL,0.337759
post,AINL,ASIR,0.8209504999999999
gap,AINL,AINR,0.4037113636363637
gap,AINL,BAGL,0.590571
gap,AINL,ASGL,0.9847852999999999
gap,AINL,AIAL,0.976334
gap,AINL,AUAR,0.6282882
pre,AWAL,AIYL,0.390828
pre,AWAL,ADFL,0.27181333333333335
pre,AWAL,AIZL,0.6673882666666666
pre,AWAL,AWBL,0.3114848888888889
pre,AWAL,AFDL,0.49503642857142854
post,AWAL,PVQL,0.91926
gap,AWAL,AWAR,1.0
gap,AWAL,AIZL,0.8012476666666667
gap,AWAL,AIAL,0.37064787500000007
pre,RIMR,RIBR,0.4557022818181818
pre,RIMR,RIBL,0.6988384999999999
pre,RIMR,AVBR,0.10928701249999999
pre,RIMR,RMGL,0.732493
pre,RIMR,SIADL,0.690565
pre,RIMR,RMFR,0.343006
pre,RIMR,AVAL,0.3522786666666667
pre,RIMR,AIBL,0.367092947368421
pre,RIMR,AVBL,0.3331231052631579
pre,RIMR,pBWM,0.72822275
pre,RIMR,SMDDL,0.963658
pre,RIMR,SAADL,0.5918974
pre,RIMR,SMDDR,0.7171155555555555
pre,RIMR,RMDR,0.7707159999999998
pre,RIMR,RIML,0.650912
pre,RIMR,SMDVR,0.84628675
pre,RIMR,RMDL,0.8046370999999999
pre,RIMR,AVEL,0.238809
pre,RIMR,SAAVL,0.343006
pre,RIMR,SAAVR,0.890452
pre,RIMR,RIGR,0.556555
pre,RIMR,SMDVL,0.680523
post,RIMR,AIBR,0.998555
post,RIMR,AVJL,0.188248
post,RIMR,SMDDR,0.72164
post,RIMR,RIS,0.9080588571428571
post,RIMR,AIBL,0.2979083843137255
post,RIMR,AIZR,0.3481298518518519
post,RIMR,RICL,0.4547623333333333
post,RIMR,ADAR,0.18553866666666666
post,RIMR,SAADR,0.7373432222222223
post,RIMR,SAAVL,0.36499525000000005
post,RIMR,AVKL,0.7224425000000001
post,RIMR,SAAVR,0.8479943333333333
post,RIMR,RIBR,0.496578
post,RIMR,AVKR,0.9146153333333333
post,RIMR,RIFR,0.1024954375
post,RIMR,SAADL,0.574725888888889
gap,RIMR,AVEL,0.16975430555555557
gap,RIMR,AVAR,0.8017719999999999
gap,RIMR,AIBL,0.14195
gap,RIMR,ADEL,0.0846564
gap,RIMR,RIS,0.51519485
gap,RIMR,AIZR,0.4591305
gap,RIMR,AVER,0.7182745238095238
gap,RIMR,AVAL,0.4581646428571428
pre,PVR,RMDDR,0.6857828333333332
pre,PVR,RIBR,0.603567
pre,PVR,AVBR,0.6537540000000001
pre,PVR,AVER,0.580039
pre,PVR,URAVR,0.5754136666666666
pre,PVR,IL1DR,0.695998
pre,PVR,OLLR,0.6252715294117648
pre,PVR,IL1VR,0.5442897222222222
pre,PVR,URADL,0.748738
pre,PVR,RMHL,0.577159
pre,PVR,RIPL,0.8348040666666667
pre,PVR,AVBL,0.8002165454545452
pre,PVR,pBWM3,0.5340853333333333
pre,PVR,AVJL,0.701655
pre,PVR,RIPR,0.5802928
pre,PVR,AVHL,0.744273
pre,PVR,RICL,0.53124975
pre,PVR,RICR,0.5374369999999999
pre,PVR,ADAR,0.69491
pre,PVR,AVEL,0.6350278333333333
pre,PVR,RMFL,0.568068
pre,PVR,IL1VL,0.87808625
pre,PVR,RMGR,0.580039
pre,PVR,ALMR,0.5533855
pre,PVR,OLQVR,0.5604129999999999
pre,PVR,IL1DL,0.7474430000000001
post,PVR,DVA,0.024744833333333337
post,PVR,AVJR,0.713598
post,PVR,PVQR,0.462269
post,PVR,RMDVL,0.597628
post,PVR,RID,0.230263
post,PVR,RIAR,0.53751
post,PVR,RIS,0.630474
post,PVR,IL2VR,0.603567
post,PVR,IL1DR,0.690802
post,PVR,OLLR,0.5968668
post,PVR,ADAL,0.860771
post,PVR,ADER,0.604583
post,PVR,ADEL,0.820263
post,PVR,IL1VL,0.881855
post,PVR,ALML,0.9007971666666666
post,PVR,IL1VR,0.59895
post,PVR,ALMR,0.50956
gap,PVR,RIH,0.6035551666666668
gap,PVR,OLQVR,0.5810642352941175
gap,PVR,ALML,0.829576
gap,PVR,URAVR,0.782925
gap,PVR,ALMR,0.608719
gap,PVR,FLPL,0.0312628
gap,PVR,FLPR,0.0589527
pre,RIAR,RIR,0.145073
pre,RIAR,RIBR,0.253328
pre,RIAR,RIVL,0.556046
pre,RIAR,RMDVL,0.7384829692307692
pre,RIAR,RMDDR,0.7091415084745762
pre,RIAR,CEPDL,0.950465
pre,RIAR,AUAR,0.253328
pre,RIAR,SIADL,0.82951
pre,RIAR,AIBL,0.51477
pre,RIAR,SDQR,0.473298
pre,RIAR,SMDVL,0.6970969411764706
pre,RIAR,CEPVR,0.600715
pre,RIAR,SIADR,0.8597568888888889
pre,RIAR,SMDDL,0.8162875714285713
pre,RIAR,RIAL,0.6883349200000001
pre,RIAR,SMDDR,0.6513298235294118
pre,RIAR,RMDR,0.8755501071428571
pre,RIAR,RMDDL,0.8033279655172415
pre,RIAR,RICL,0.473298
pre,RIAR,RMEV,0.830263
pre,RIAR,SMDVR,0.8653576666666666
pre,RIAR,RMDL,0.8296079687500001
pre,RIAR,RMDVR,0.7970230526315789
pre,RIAR,AVAR,0.14914
pre,RIAR,BAGL,0.145073
post,RIAR,RIR,0.171236
post,RIAR,RIBR,0.24539533333333333
post,RIAR,ASHR,0.4216888333333333
post,RIAR,AIYR,0.3709867205882353
post,RIAR,AIZR,0.34644502000000005
post,RIAR,IL2VR,0.20157875
post,RIAR,AUAR,0.18494907692307694
post,RIAR,SDQR,0.471656
post,RIAR,RIH,0.28532433333333335
post,RIAR,SMDDL,0.8118913076923077
post,RIAR,RIAL,0.8673403125000001
post,RIAR,URXR,0.18312295652173913
post,RIAR,RIVL,0.5520367500000001
post,RIAR,SMDDR,0.8695612
post,RIAR,RMDR,0.914859818181818
post,RIAR,RIFR,0.408842
post,RIAR,AWCL,0.119398
post,RIAR,SMDVR,0.988959
post,RIAR,RMDL,0.7423542999999999
post,RIAR,BAGL,0.19084062499999999
post,RIAR,ASEL,0.124792
post,RIAR,AQR,0.168042
post,RIAR,ADFR,0.30758006250000003
post,RIAR,SMDVL,0.628820620689655
gap,RIAR,RIBR,0.195399
gap,RIAR,RIH,0.250056
gap,RIAR,RIAL,0.752727
pre,RIBR,SMDDR,0.710743
pre,RIBR,RIS,0.897155
pre,RIBR,RIBR,0.561668
pre,RIBR,AVDL,0.772811
pre,RIBR,RIAR,0.4671376666666667
pre,RIBR,AVER,0.8020262857142857
pre,RIBR,AUAR,0.428754
pre,RIBR,AVEL,0.7117370000000001
pre,RIBR,AIBL,0.793714
pre,RIBR,AVAR,0.621146
pre,RIBR,SMDVL,0.6424740000000001
pre,RIBR,BAGL,0.6386325384615384
pre,RIBR,RIMR,0.598173
pre,RIBR,SMDDL,0.969955
post,RIBR,AINR,0.8434683333333334
post,RIBR,RIS,0.7617017727272727
post,RIBR,RIBR,0.561668
post,RIBR,BAGL,0.6045916923076923
post,RIBR,AIYR,0.28674573437499995
post,RIBR,AIZR,0.794063
post,RIBR,OLLR,0.7858006538461539
post,RIBR,AUAR,0.7058867058823529
post,RIBR,DVC,0.8220937777777777
post,RIBR,CEPVR,0.6904082
post,RIBR,URYVR,0.7191576000000001
post,RIBR,DVA,0.642431
post,RIBR,RIAR,0.450591
post,RIBR,AIBL,0.7211879999999999
post,RIBR,AINL,0.473889
post,RIBR,RIMR,0.6098355272727273
post,RIBR,AUAL,0.860789
post,RIBR,RIGR,0.7711390000000001
post,RIBR,RIH,0.43615858620689657
gap,RIBR,SIBVL,0.7424500000000002
gap,RIBR,RIBR,0.78825
gap,RIBR,RIBL,0.8329102962962963
gap,RIBR,SMBDR,0.692733
gap,RIBR,AVBR,0.0368539
gap,RIBR,AIZR,0.25910575
gap,RIBR,AUAR,0.765024
gap,RIBR,SMDVR,0.706591
gap,RIBR,SIAVR,0.658601
gap,RIBR,SIBDR,0.3780193157894737
gap,RIBR,AVBL,0.627281
gap,RIBR,SMDDL,0.93635
gap,RIBR,[OLQDR],0.9364285
gap,RIBR,RIAR,0.577962
gap,RIBR,SIBVR,0.725042
gap,RIBR,RMDL,0.787407
gap,RIBR,RMFL,0.875921
gap,RIBR,RIGR,0.817081
gap,RIBR,OLQVR,0.562464
gap,RIBR,SMDVL,0.64316
pre,AIYR,RIBR,0.49743539062500003
pre,AIYR,AFDR,0.812431
pre,AIYR,RIAR,0.46506702941176475
pre,AIYR,RIH,0.505034
pre,AIYR,BAGL,0.8512383333333333
pre,AIYR,AIZR,0.4963803488372095
pre,AIYR,ASER,0.746155
pre,AIYR,RIAL,0.431344
pre,AIYR,AWAR,0.5714302
post,AIYR,AVJL,0.266515
post,AIYR,ASIR,0.535689
post,AIYR,AFDR,0.6891387368421052
post,AIYR,ADLR,0.9656545
post,AIYR,AWCR,0.590314125
post,AIYR,ASER,0.6274860454545453
post,AIYR,AWCL,0.616278
post,AIYR,AWAR,0.5512715555555556
post,AIYR,AWBR,0.800709
post,AIYR,ASEL,0.9359564
post,AIYR,BAGL,0.6381264999999999
post,AIYR,AIZR,0.568978
post,AIYR,AIAR,0.9774249999999999
post,AIYR,AIMR,0.785705
gap,AIYR,AIYL,0.984665
pre,AIZL,AIBR,0.5905806000000001
pre,AIZL,AIBL,0.750367
pre,AIZL,RIML,0.642311081081081
pre,AIZL,SMBDR,0.3854212
pre,AIZL,ASEL,0.74389925
pre,AIZL,AIZL,0.301846
pre,AIZL,SMBDL,0.4098735294117647
pre,AIZL,AIAL,0.7507020909090908
pre,AIZL,SMBVL,0.34367042424242417
pre,AIZL,RMFR,0.518101
pre,AIZL,AVER,0.5240333076923077
pre,AIZL,SIBDL,0.195523
pre,AIZL,AIYL,0.692913
pre,AIZL,RIAL,0.35703739473684204
post,AIZL,AIBR,0.9505843333333334
post,AIZL,AWCR,0.7261135000000001
post,AIZL,RIR,0.6500957272727272
post,AIZL,RIBL,0.902759
post,AIZL,ADFL,0.6014695454545453
post,AIZL,AIZL,0.301846
post,AIZL,RIGL,0.7168901249999999
post,AIZL,AWAL,0.6106252
post,AIZL,AWBL,0.7457824000000001
post,AIZL,SMBVL,0.383794
post,AIZL,RIH,0.43345041379310345
post,AIZL,AVER,0.562663
post,AIZL,RIGR,0.949304
post,AIZL,AIYL,0.3823742345679013
post,AIZL,ADFR,0.964681
post,AIZL,RIAL,0.356001
gap,AIZL,RIML,0.6467166666666667
gap,AIZL,AIZR,0.5748006666666666
gap,AIZL,AWBL,0.693806
gap,AIZL,ASHL,0.104299
gap,AIZL,AIAL,0.709137
gap,AIZL,AWAL,0.7217446666666666
gap,AIZL,BAGR,0.611822
gap,AIZL,ASGL,0.09413035
gap,AIZL,RIBL,0.315994
post,SIAVL,SMBVL,0.7245931999999999
post,SIAVL,RIVR,0.6593487777777778
post,SIAVL,PVCL,0.195342
post,SIAVL,SMDVR,0.586346
post,SIAVL,RIAL,0.5932678571428571
gap,SIAVL,RMDVR,0.687754
pre,AUAR,AVAR,0.775077
pre,AUAR,BAGL,0.786359
pre,AUAR,RIAR,0.6847427692307693
pre,AUAR,RIBR,0.8543728823529411
pre,AUAR,AVER,0.9794217777777777
pre,AUAR,AVDL,0.94843
post,AUAR,AINL,0.6381485
post,AUAR,DVA,1.01258
post,AUAR,RIBR,0.527826
post,AUAR,RIH,0.492779
post,AUAR,RIAR,0.551151
post,AUAR,ADFR,0.5138248
post,AUAR,URXR,0.6689489999999999
gap,AUAR,AINL,0.6407248
gap,AUAR,RIBR,0.931656
gap,AUAR,AINR,0.6071495
gap,AUAR,AUAL,0.9997
gap,AUAR,AWBR,0.0424905
gap,AUAR,URXR,0.9211709999999999
pre,BDUR,AVJL,0.550967
pre,BDUR,PVNL,0.298983
pre,BDUR,RMGR,0.539171
pre,BDUR,AVBR,0.780392
pre,BDUR,HSNR,0.47912399999999994
pre,BDUR,hyp,0.141997
pre,BDUR,ALMR,0.5892045
post,BDUR,AVM,0.4503172857142857
post,BDUR,PVNL,0.3855036666666667
post,BDUR,AVFL,0.752018
post,BDUR,ALMR,0.7605232666666666
post,BDUR,HSNR,0.5190464666666667
gap,BDUR,PVCR,0.01462953
post,SIAVR,PVCL,0.135026
post,SIAVR,DVA,0.641843
post,SIAVR,RIVL,0.633261
post,SIAVR,RMDVL,0.712805
post,SIAVR,g,0.815928
post,SIAVR,AVHL,0.346178
post,SIAVR,RIAL,0.6080225714285714
post,SIAVR,ADER,0.534419
gap,SIAVR,RMDDL,0.533474
gap,SIAVR,RIBR,0.48581599999999997
pre,IL2L,RIH,0.037100081818181814
pre,IL2L,OLQDL,0.023721
pre,IL2L,RMDR,0.31475505263157894
pre,IL2L,RMEL,0.144286
pre,IL2L,OLLL,0.292498
pre,IL2L,[pBWM],0.144286
pre,IL2L,OLQVL,0.05037334
pre,IL2L,IL1L,0.3250275384615385
post,IL2L,OLQDL,0.0143315
post,IL2L,RMDR,0.28417
post,IL2L,OLLL,0.109702
post,IL2L,OLQVL,0.09400033333333334
post,IL2L,RIH,0.134829
gap,IL2L,URXL,0.388107
gap,IL2L,OLLL,0.903408
gap,IL2L,RMGL,0.44244949999999994
gap,IL2L,RMEV,0.105577
gap,IL2L,URBL,0.8291373333333333
gap,IL2L,IL1L,0.32621528571428576
pre,RMDVL,RMDDR,0.7176262711864407
pre,RMDVL,SMBVR,0.795319
pre,RMDVL,RMHR,0.934386
pre,RMDVL,pBWM9,0.27366
pre,RMDVL,RMGL,0.27366
pre,RMDVL,RMED,0.778244
pre,RMDVL,IL1VR,0.687613
pre,RMDVL,pBWM8,0.7665310370370371
pre,RMDVL,pBWM7,0.6738552941176471
pre,RMDVL,RMFR,0.3097805
pre,RMDVL,SIAVR,0.934386
pre,RMDVL,CEPVR,0.7581760000000001
pre,RMDVL,IL1L,0.319103
pre,RMDVL,URYDL,0.445115
pre,RMDVL,RMDR,0.246208
pre,RMDVL,RMDL,0.29933160000000003
pre,RMDVL,pBWM5,0.303197
pre,RMDVL,[pBWM6],0.6957062666666666
pre,RMDVL,OLLL,0.445115
post,RMDVL,URAVR,0.732688
post,RMDVL,RIVL,0.856411
post,RMDVL,CEPDL,0.35410379999999997
post,RMDVL,RMGL,0.30864193749999996
post,RMDVL,RMDDR,0.43862572727272736
post,RMDVL,IL1L,0.37991275
post,RMDVL,URADL,0.44997099999999995
post,RMDVL,URYDL,0.45072766666666664
post,RMDVL,RIAL,0.5380090535714285
post,RMDVL,URYVR,0.7289
post,RMDVL,RMDR,0.3356148
post,RMDVL,RIAR,0.6269211846153847
post,RMDVL,IL2DL,0.474802
post,RMDVL,RMED,0.795024
post,RMDVL,RMDVR,0.8003676666666667
post,RMDVL,OLLL,0.367406
post,RMDVL,IL1R,0.737002
post,RMDVL,URBL,0.2507555
post,RMDVL,OLQVR,0.757081423076923
post,RMDVL,IL1DL,0.44068258333333327
gap,RMDVL,RMDDR,0.794223
gap,RMDVL,RMDDL,0.636939
gap,RMDVL,pBWM8,0.778461
gap,RMDVL,RMDVR,0.8038988461538461
gap,RMDVL,RMDL,0.766501
gap,RMDVL,AVEL,0.24038
gap,RMDVL,SAAVL,0.960108
gap,RMDVL,ADEL,0.303192
gap,RMDVL,URYDL,0.442679
gap,RMDVL,SMDVL,0.682686
pre,RMDDL,pBWM3,0.789497935483871
pre,RMDDL,SMBDL,0.766447
pre,RMDDL,RMDVR,0.7838638750000001
pre,RMDDL,pBWM9,0.7917552499999999
pre,RMDDL,pBWM6,0.7747167692307693
pre,RMDDL,IL1R,0.8024892857142857
pre,RMDDL,IL1DR,0.801066
post,RMDDL,RMDR,0.618106
post,RMDDL,RMDVR,0.5283554150943396
post,RMDDL,RIAR,0.7748931034482758
post,RMDDL,IL1VL,0.5291716
post,RMDDL,URYDR,0.8254104999999999
post,RMDDL,IL1DR,0.7838325
post,RMDDL,IL1L,0.6066238461538461
post,RMDDL,RIAL,0.521192173076923
post,RMDDL,URYVL,0.49185024528301885
post,RMDDL,OLLL,0.5166683076923076
post,RMDDL,IL1R,0.8108655
post,RMDDL,URADR,0.815572
post,RMDDL,SAADL,0.987527
post,RMDDL,CEPVL,0.5355313333333334
post,RMDDL,[OLQDR],0.7842611111111112
post,RMDDL,RIVR,0.285586
post,RMDDL,ADER,0.928247
gap,RMDDL,RMDL,0.8819786666666666
gap,RMDDL,RMDVL,0.884294
gap,RMDDL,SIAVR,0.929512
gap,RMDDL,AVER,0.604473
gap,RMDDL,RMDDR,0.8412653333333333
gap,RMDDL,SMDDL,0.9700568181818181
gap,RMDDL,SAADL,0.9781146666666666
gap,RMDDL,RIAL,0.457949
pre,AVAL,ADER,0.838854
pre,AVAL,RIGR,0.8798634
post,AVAL,AIBL,0.375819
post,AVAL,RIBL,0.26454725
post,AVAL,SAADR,0.24802899999999997
post,AVAL,RICR,0.5127736956521739
post,AVAL,AUAL,0.21375200000000003
post,AVAL,[SDQL],0.685421
post,AVAL,ALA,0.08378513333333333
post,AVAL,FLPR,0.7494713
post,AVAL,BAGR,0.22326425
post,AVAL,AQR,0.6009137142857143
post,AVAL,ASHL,0.2956624
post,AVAL,DVC,0.7209091851851851
post,AVAL,SAADL,0.38294145
post,AVAL,ADAL,0.284459
post,AVAL,AIBR,0.25481466666666663
post,AVAL,DVA,0.46036859999999996
post,AVAL,RICL,0.5070828235294118
post,AVAL,ADER,0.8431713846153847
post,AVAL,FLPL,0.7320845200000001
post,AVAL,SAAVL,0.49527329999999997
post,AVAL,RIMR,0.554252
post,AVAL,ADEL,0.8817983999999999
post,AVAL,SAAVR,0.342622
post,AVAL,PVPR,0.8159098
post,AVAL,SDQR,0.640544
post,AVAL,PVQL,0.125781
post,AVAL,PVCR,0.602604
post,AVAL,PVPL,0.2849163333333333
gap,AVAL,[VA02],0.9578701666666666
gap,AVAL,AVEL,0.0510067
gap,AVAL,AVAR,0.329996
gap,AVAL,RIML,0.3956415
gap,AVAL,SABD,0.988335
gap,AVAL,RIMR,0.4761805
gap,AVAL,RICL,0.601966
pre,IL2DL,RIBL,0.656731
pre,IL2DL,RMDVL,0.176998
pre,IL2DL,AUAL,0.656731
pre,IL2DL,RIPL,0.18337474999999998
pre,IL2DL,URADL,0.176998
pre,IL2DL,IL1DL,0.202505
post,IL2DL,CEPDL,0.253357
pre,URYVL,URYVL,0.779337
pre,URYVL,RIBL,0.8420575625000001
pre,URYVL,IL1VL,0.928076
pre,URYVL,RMDDL,0.861162648148148
pre,URYVL,AVER,0.8582118085106383
pre,URYVL,pBWM,0.910126
pre,URYVL,RMDVR,0.8481223076923076
pre,URYVL,SMDVR,0.826886
post,URYVL,CEPVL,0.867147
post,URYVL,URYVL,0.779337
gap,URYVL,AVAR,0.634284
gap,URYVL,AVER,0.771304
gap,URYVL,RIGL,0.6675196666666666
pre,OLQVL,RMDVR,0.7970289047619048
pre,OLQVL,RIH,0.195369
pre,OLQVL,IL2L,0.08533423333333334
pre,OLQVL,SAADL,0.749842
pre,OLQVL,contin3570,0.801995947368421
pre,OLQVL,RICL,0.732111
post,OLQVL,IL2L,0.030602084999999998
post,OLQVL,RIGL,0.536601
post,OLQVL,CEPVL,0.73298175
post,OLQVL,URAVL,0.0673187
post,OLQVL,RIH,0.08781178333333334
gap,OLQVL,RIGL,0.4988
gap,OLQVL,RIBL,0.248536
gap,OLQVL,CEPVL,0.732111
gap,OLQVL,URBL,0.748075
pre,AWCR,AIBR,0.37930250000000004
pre,AWCR,ASIR,0.242521
pre,AWCR,AIBL,0.7160836666666667
pre,AWCR,ADLR,0.602488
pre,AWCR,AIYR,0.258541
pre,AWCR,ASEL,0.830805
pre,AWCR,AWCL,0.7358199230769231
pre,AWCR,AIAL,0.7034111818181817
pre,AWCR,ASKR,0.60374
pre,AWCR,AIAR,0.4110967142857143
pre,AWCR,AIYL,0.8979161250000001
pre,AWCR,ASER,0.26737785714285717
pre,AWCR,AIZL,0.8001675
post,AWCR,AIBR,0.380588
post,AWCR,ASIR,0.25985885714285717
post,AWCR,ADLR,0.6239950909090909
post,AWCR,ASEL,0.7145697142857144
post,AWCR,AWCL,0.6697071153846154
post,AWCR,ASIL,0.95155
post,AWCR,AIAL,0.7277495
post,AWCR,ASKR,0.580837
post,AWCR,AIAR,0.4262718666666666
post,AWCR,AIYL,0.660785
post,AWCR,ASER,0.28223308333333336
pre,RIS,RIBR,0.5686535454545454
pre,RIS,RIBL,0.8465235
pre,RIS,RICR,0.503149
pre,RIS,AVER,0.8329207777777778
pre,RIS,CEPDL,0.773348
pre,RIS,hyp,0.101649
pre,RIS,RMFR,0.812753
pre,RIS,SMDVL,0.46666975
pre,RIS,CEPVR,0.5628605454545454
pre,RIS,CEPVL,0.839076
pre,RIS,URYDL,0.7280065
pre,RIS,URYVR,0.518305
pre,RIS,SMDDR,0.578166
pre,RIS,RMDR,0.6957109166666666
pre,RIS,RIML,0.5006922
pre,RIS,SMDVR,0.963447
pre,RIS,RMDL,0.6088655454545454
pre,RIS,AVEL,0.5561515384615384
pre,RIS,RIMR,0.9295397142857144
pre,RIS,CEPDR,0.636921
pre,RIS,OLLL,0.852375
pre,RIS,AVKL,0.7142604
pre,RIS,AVKR,0.6323034
post,RIS,AVJL,0.170451
post,RIS,AVJR,0.177324
post,RIS,RIBL,0.851148
post,RIS,AVM,0.201366
post,RIS,RIBR,0.638204
post,RIS,RMDL,0.854876
post,RIS,PVPL,0.203297
gap,RIS,CEPshVR,0.525799
gap,RIS,AVJL,0.101029
gap,RIS,SMDDR,0.746643
gap,RIS,AVJR,0.1921518
gap,RIS,RIML,0.446405
gap,RIS,RICL,0.911067
gap,RIS,RIMR,0.5952284999999999
gap,RIS,SMDVL,0.4501735
gap,RIS,AIBL,0.39021100000000003
gap,RIS,SMDDL,0.6612607500000001
pre,ASHR,AVJR,0.86393
pre,ASHR,AVDL,0.6388768
pre,ASHR,AVER,0.753844
pre,ASHR,AWBR,0.844227
pre,ASHR,ASHL,0.984023
pre,ASHR,ASKR,0.545003
pre,ASHR,AIAR,0.4386926842105264
pre,ASHR,SIBDL,0.801666
pre,ASHR,AVBL,0.984023
pre,ASHR,RIFR,0.3690962222222222
pre,ASHR,AIBR,0.4761067142857143
pre,ASHR,AVJL,0.806721
pre,ASHR,ADLR,0.6406701666666667
pre,ASHR,AVDR,0.86393
pre,ASHR,AVBR,0.7140382
pre,ASHR,ADAR,0.590808
pre,ASHR,AVAR,0.711602
pre,ASHR,RIAR,0.33495258333333333
pre,ASHR,RMGR,0.792276
pre,ASHR,ADFR,0.33269230000000005
post,ASHR,ADAR,0.685314
post,ASHR,ASKR,0.5097495000000001
post,ASHR,AIAR,0.389936
post,ASHR,ADLR,0.582346
post,ASHR,PVPR,0.891649
post,ASHR,AVHL,0.411367
post,ASHR,AWAR,0.1873
post,ASHR,ASHL,0.984023
gap,ASHR,ADAR,0.5632127647058823
gap,ASHR,RMGR,0.7524097000000001
gap,ASHR,AIZR,0.10949985714285713
gap,ASHR,RICR,0.032314922499999996
gap,ASHR,ASHL,0.9607149999999999
pre,AVBR,AVDR,0.983667
pre,AVBR,AVJR,0.983667
post,AVBR,PVCL,0.7307443333333333
post,AVBR,AVJR,0.73985125
post,AVBR,ASHR,0.31726893333333334
post,AVBR,AVJL,0.27221
post,AVBR,RIFL,0.4221163333333333
post,AVBR,ASHL,0.6745272499999999
post,AVBR,FLPR,0.8306749999999999
post,AVBR,BDUR,0.285939
post,AVBR,SDQR,0.701641
post,AVBR,RMGR,0.345778
post,AVBR,AIBL,0.10986880000000002
post,AVBR,ADAL,0.6431121538461539
post,AVBR,RIFR,0.16069939722222226
post,AVBR,AVFR,0.409788
post,AVBR,RIBL,0.490056
post,AVBR,AIBR,0.5761116842105264
post,AVBR,AVM,0.6423271773684212
post,AVBR,DVA,0.642536
post,AVBR,RIML,0.5910053846153847
post,AVBR,ADAR,0.3031524285714286
post,AVBR,RIMR,0.11566745
post,AVBR,PVR,0.3741602857142857
post,AVBR,PVPR,0.2727373846153846
post,AVBR,AQR,0.6399514999999999
post,AVBR,PVCR,0.3195875714285714
post,AVBR,PVPL,0.6555296
gap,AVBR,SIBVL,0.811405
gap,AVBR,DVA,0.655592
gap,AVBR,RIBR,0.0415163
gap,AVBR,RIBL,0.480094
gap,AVBR,DB01,0.0224721
gap,AVBR,RID,0.010676
gap,AVBR,AVBL,0.38715239285714287
pre,ASEL,AIBR,0.7607863749999999
pre,ASEL,AWCR,0.6425721428571428
pre,ASEL,AIBL,0.4002257
pre,ASEL,AIAR,0.964395
pre,ASEL,AIYR,0.8045160999999998
pre,ASEL,RIAR,0.9203610000000001
pre,ASEL,AIAL,0.520999
pre,ASEL,ASHL,0.22197
pre,ASEL,SAAVR,0.9203610000000001
pre,ASEL,AFDR,0.804028
pre,ASEL,RIFL,0.22197
pre,ASEL,ADLL,0.400883
pre,ASEL,AIYL,0.45367657142857143
post,ASEL,AWCR,0.502273
post,ASEL,RIR,0.86224
post,ASEL,ADLR,0.507686
post,ASEL,ASKL,0.55765
post,ASEL,AWCL,0.44141600000000003
post,ASEL,AIAL,0.6047863333333333
post,ASEL,ASHL,0.162299
post,ASEL,AINL,0.850453
post,ASEL,AIAR,0.728725
post,ASEL,ADLL,0.4534293333333333
post,ASEL,AIYL,0.319332
post,ASEL,ADFR,0.832843
post,ASEL,PVQL,0.6194595
post,ASEL,AIZL,0.540673
gap,ASEL,AWCL,0.795155
pre,RIGR,RIR,0.627507
pre,RIGR,AIBL,0.713909
pre,RIGR,RIBR,0.878409
pre,RIGR,AIZR,0.937264
pre,RIGR,AVER,0.9022788
pre,RIGR,RMFR,0.990196
pre,RIGR,AVKL,0.82658225
pre,RIGR,BAGL,0.7042622
pre,RIGR,RMGR,0.7981305000000001
pre,RIGR,PLNR,0.7979813333333334
pre,RIGR,RMHL,0.8138999
pre,RIGR,AIZL,0.982872
post,RIGR,RMHL,0.804675
post,RIGR,RIR,0.609328
post,RIGR,AIBL,0.8766025
post,RIGR,AVAL,0.1734794
post,RIGR,RIMR,0.863556
post,RIGR,ADER,0.246422
post,RIGR,AQR,0.683417
post,RIGR,ADEL,0.24501922580645163
post,RIGR,BAGL,0.682994
post,RIGR,PVT,0.625955
post,RIGR,DVC,0.8155734285714287
post,RIGR,AVKL,0.991971
post,RIGR,AVKR,0.489026
post,RIGR,ADFR,0.700974
post,RIGR,URXR,0.692522875
gap,RIGR,AIBL,0.7239273333333335
gap,RIGR,[VD01],0.031405425
gap,RIGR,RIGL,0.5167235573770492
gap,RIGR,URYDR,0.914292
gap,RIGR,OLLR,0.846116
gap,RIGR,AVKL,0.541481
gap,RIGR,AQR,0.7067075
gap,RIGR,OLQVR,0.700647
gap,RIGR,RIBR,0.892919
gap,RIGR,AVKR,0.48132775384615384
gap,RIGR,[OLQDR],0.9262025454545455
gap,RIGR,URYVR,0.6441872
pre,IL1R,RMDR,0.2994215
pre,IL1R,RMER,0.306823
pre,IL1R,RMDVL,0.19216
pre,IL1R,pBWM9,0.21019320000000002
pre,IL1R,RMDDL,0.103023
pre,IL1R,RMDL,0.2814325
pre,IL1R,RMDDR,0.2512003333333333
pre,IL1R,URADR,0.102327
pre,IL1R,RMDVR,0.21019320000000002
pre,IL1R,[pBWM6],0.24369475000000002
pre,IL1R,pBWM6,0.103719
pre,IL1R,RMHL,0.305588
pre,IL1R,pBWM,0.336903
post,IL1R,IL2DR,0.0389734
post,IL1R,IL2R,0.3633465
post,IL1R,URBR,0.40194019999999997
post,IL1R,RMDDL,0.16216285714285714
post,IL1R,URADR,0.100466
post,IL1R,OLLR,0.121743
post,IL1R,RMDL,0.3352795
gap,IL1R,RIAL,0.24722466666666665
gap,IL1R,IL2R,0.4843896
gap,IL1R,RMHL,0.293945
gap,IL1R,IL1DR,0.09171227272727273
gap,IL1R,IL1VR,0.237854
pre,IL1L,RMDR,0.154181
pre,IL1L,RMDVL,0.09946077
pre,IL1L,[pBWM],0.08019605294117647
pre,IL1L,pBWM9,0.27293
pre,IL1L,RMDDL,0.18813676923076925
pre,IL1L,RMDVR,0.168795
pre,IL1L,RMDL,0.27293
pre,IL1L,pBWM5,0.18309946153846154
pre,IL1L,RMFR,0.27293
pre,IL1L,RMEL,0.235119
pre,IL1L,pBWM,0.1999946
post,IL1L,IL2L,0.297165
post,IL1L,RMDR,0.257956
post,IL1L,RMDVL,0.193381
post,IL1L,OLLL,0.0496267
post,IL1L,RMFR,0.275328
post,IL1L,CEPDL,0.043031999999999994
post,IL1L,RIAL,0.169828
post,IL1L,URBL,0.39181
gap,IL1L,IL2L,0.30006571428571427
gap,IL1L,IL1VL,0.183883
gap,IL1L,IL1DL,0.0168774
pre,SAAVR,RMFL,0.6273486
pre,SAAVR,RMDR,0.350071
pre,SAAVR,AVAR,0.5918990370370371
pre,SAAVR,RIML,0.5931379000000001
pre,SAAVR,RIMR,0.49896199999999996
pre,SAAVR,SAADL,0.5706055
pre,SAAVR,SMDDL,0.6535311
pre,SAAVR,AVAL,0.350071
post,SAAVR,SMBDL,0.04198425
post,SAAVR,RIML,0.6797522
post,SAAVR,SMBDR,0.310277
post,SAAVR,ASEL,0.15824
post,SAAVR,ALNR,0.18175023333333332
post,SAAVR,VB01,1.01286
post,SAAVR,RIMR,0.5382739999999999
post,SAAVR,AVKL,0.311526
post,SAAVR,PLNL,0.99506
post,SAAVR,SMDDL,0.0240309
gap,SAAVR,SMBVL,0.9623358333333333
gap,SAAVR,RMDVR,0.7529148
pre,PVNL,BDUR,0.2382778
pre,PVNL,AVM,0.3253475
pre,PVNL,PVCR,0.0641384
pre,PVNL,ALMR,0.362729
post,PVNL,BDUR,0.181904
post,PVNL,AVM,0.924002
post,PVNL,BDUL,0.8685876
post,PVNL,RIFL,0.932416
post,PVNL,HSNR,0.191725
post,PVNL,ALMR,0.535152
pre,DVC,AIBR,0.2974492
pre,DVC,AIBL,0.33866540000000006
pre,DVC,RIBL,0.5867772352941176
pre,DVC,RIBR,0.7756313333333333
pre,DVC,AIZR,0.980706
pre,DVC,AVER,0.473216
pre,DVC,RIGL,0.5987169000000001
pre,DVC,contin1988,0.528929
pre,DVC,AVAL,0.2863886666666667
pre,DVC,AVEL,0.980706
pre,DVC,RMFL,0.6139976
pre,DVC,RMFR,0.789003
pre,DVC,AVAR,0.28759065217391305
pre,DVC,RIGR,0.8282657857142857
pre,DVC,AVKL,0.980706
pre,DVC,URYDL,0.671598
pre,DVC,RIVL,0.87197
post,DVC,AIBR,0.668522
post,DVC,AVKL,0.21034585
post,DVC,PVT,0.6439619999999999
post,DVC,RIGL,0.44086
post,DVC,AIBL,0.782151
gap,DVC,AIBR,0.4775324615384615
gap,DVC,AVAR,0.304687
gap,DVC,DVC,0.41877133333333333
gap,DVC,AIBL,0.27610700000000005
pre,AIBR,AWCR,0.286263
pre,AIBR,RIML,0.7689160350877192
pre,AIBR,AVBR,0.7686003157894737
pre,AIBR,AVDR,0.606881
pre,AIBR,AVER,0.987006
pre,AIBR,SAADR,0.54925
pre,AIBR,AVAL,0.6804506666666666
pre,AIBR,ADAL,0.981608
pre,AIBR,SIADL,0.665638
pre,AIBR,AVEL,0.539261
pre,AIBR,RMFL,0.752683
pre,AIBR,BAGR,0.617889
pre,AIBR,RIMR,0.813389
pre,AIBR,SMDVL,0.54925
pre,AIBR,DVC,0.6054234000000001
pre,AIBR,SMDDL,0.8390783076923077
pre,AIBR,AIZL,0.5386716666666667
pre,AIBR,RIBL,0.6470118571428572
post,AIBR,AWCR,0.28838633333333336
post,AIBR,ASIR,0.13832176000000002
post,AIBR,ASHR,0.17793478571428573
post,AIBR,AIZR,0.3626893
post,AIBR,AVER,0.818051
post,AIBR,ASGR,0.19249154999999998
post,AIBR,FLPR,0.9514126666666667
post,AIBR,ASKR,0.277055875
post,AIBR,RMFR,0.808492
post,AIBR,AIAR,0.22035291891891895
post,AIBR,DVC,0.9724178
post,AIBR,ADAL,0.965877
post,AIBR,AIMR,0.167604
post,AIBR,RIBL,0.675596
post,AIBR,RIML,0.6832201052631578
post,AIBR,ADLR,0.25168885714285716
post,AIBR,AWCL,0.39288433333333334
post,AIBR,FLPL,0.936541
post,AIBR,AVEL,0.595894
post,AIBR,ASEL,0.453528125
post,AIBR,PVT,0.7166813999999999
post,AIBR,AVKR,0.939321
post,AIBR,ASER,0.2353157857142857
post,AIBR,AIZL,0.8008979666666666
gap,AIBR,RMEV,0.8461753333333334
gap,AIBR,AIBL,0.693565
gap,AIBR,RIML,0.885826
gap,AIBR,RIFR,0.0948519
gap,AIBR,AVL,0.821403
gap,AIBR,RIGL,0.7162109285714287
gap,AIBR,FLPL,0.900173
gap,AIBR,RMED,0.820002
gap,AIBR,AFDR,0.07311414999999999
gap,AIBR,DVC,0.784591
gap,AIBR,PVT,0.887624
gap,AIBR,RIVR,0.8256359999999999
gap,AIBR,SMDDL,0.867341
pre,DVA,RIR,0.580628
pre,DVA,RIBR,0.414119
pre,DVA,RICR,0.158328
pre,DVA,RID,0.158328
pre,DVA,AIZR,0.335129
pre,DVA,AVER,0.629644875
pre,DVA,hyp,0.940657
pre,DVA,AVBR,0.7162320000000001
pre,DVA,AQR,0.5809494
pre,DVA,RIH,0.21629299999999999
pre,DVA,SIAVR,0.31684100000000004
pre,DVA,RIAL,0.779465
pre,DVA,URXR,0.351184
pre,DVA,AVDL,0.461721
pre,DVA,AVEL,0.4800932727272727
pre,DVA,AVDR,0.779465
pre,DVA,RMEV,0.940657
pre,DVA,AVAL,0.6909523999999999
pre,DVA,AUAL,0.532274
pre,DVA,AUAR,0.494211
pre,DVA,PVR,0.016973500000000002
pre,DVA,[DB02],0.016973500000000002
pre,DVA,AVKR,0.83202
pre,DVA,[SDQL],0.21629299999999999
pre,DVA,PVPL,0.812191
post,DVA,RIR,0.545218
post,DVA,RID,0.153794
post,DVA,FLPL,0.210388
post,DVA,FLPR,0.810428
post,DVA,SMBVL,0.703871
post,DVA,VB01,0.973384
post,DVA,SDQR,0.31836766666666666
post,DVA,AQR,0.407645
post,DVA,AVHR,0.742138
gap,DVA,DB01,0.010583
gap,DVA,AVBL,0.23860036666666667
gap,DVA,AVBR,0.7261515000000001
gap,DVA,OLQVR,0.372549
pre,BAGR,AVEL,0.55147625
pre,BAGR,AQR,0.751906
pre,BAGR,RIBL,0.771220125
pre,BAGR,AIYL,0.959267
pre,BAGR,RIGL,0.8047365
pre,BAGR,AFDL,0.9211706666666667
pre,BAGR,AVAL,0.7293655
pre,BAGR,RIAL,0.8073161904761903
post,BAGR,AIBR,0.604269
post,BAGR,AINR,0.8257096923076923
post,BAGR,AQR,0.7429241666666666
post,BAGR,RIBL,0.767204
post,BAGR,AINL,0.537703
post,BAGR,PVT,0.8684350000000001
post,BAGR,AWCL,0.975892
post,BAGR,RIGL,0.64458175
gap,BAGR,AINR,0.8418285
gap,BAGR,RIR,0.8139240000000001
gap,BAGR,BAGL,0.47070880000000004
gap,BAGR,AVEL,0.541204
gap,BAGR,AIZL,0.899945
gap,BAGR,RIGL,0.868474
gap,BAGR,AFDL,0.958801
pre,RIFL,AVJL,0.9752326
pre,RIFL,AVJR,0.41535075
pre,RIFL,RIML,0.47461248148148144
pre,RIFL,AVBR,0.9749373333333334
pre,RIFL,ASHL,0.8778125
pre,RIFL,ADAL,0.61155375
pre,RIFL,PVNL,0.533583
pre,RIFL,AVBL,0.5575474857142857
pre,RIFL,AVFR,0.676545
pre,RIFL,AVHR,0.514222
post,RIFL,AVFL,0.626628
post,RIFL,ASEL,0.479351
post,RIFL,ALML,0.870407
post,RIFL,AIAL,0.47889807999999995
post,RIFL,ASHL,0.513396
pre,RIVR,RMEV,0.74699
pre,RIVR,RMDR,0.519902
pre,RIVR,RMDDL,0.7294934999999999
pre,RIVR,pBWM8,0.763115
pre,RIVR,SIAVL,0.6756165555555556
pre,RIVR,SMDVR,0.736533
pre,RIVR,RIAL,0.68483275
pre,RIVR,pBWM7,0.6838216666666667
pre,RIVR,RMDVR,0.6970376666666667
pre,RIVR,SDQR,0.841008
pre,RIVR,RIVR,0.74699
pre,RIVR,SAADL,0.8166988636363637
post,RIVR,ADER,0.08120535
post,RIVR,ALNL,0.419056
post,RIVR,AVKR,0.513533
post,RIVR,RIVR,0.74699
post,RIVR,RIAL,0.6989141666666666
post,RIVR,RIVL,0.7527909999999999
gap,RIVR,AIBR,0.702262
gap,RIVR,GLRVL,0.773994
gap,RIVR,RIVL,0.7402915625
gap,RIVR,SDQR,0.8576195294117648
gap,RIVR,AVER,0.6665356
gap,RIVR,SAADL,0.904815
gap,RIVR,SMDVR,0.7601656666666666
pre,ADFR,RIR,0.790686
pre,ADFR,SMBVR,0.26376933333333336
pre,ADFR,SMBDR,0.501237
pre,ADFR,AIZR,0.44184931818181816
pre,ADFR,ASEL,0.812229
pre,ADFR,AIZL,0.992644
pre,ADFR,RIGR,0.630495
pre,ADFR,AWBR,0.627799
pre,ADFR,AUAR,0.5046573999999999
pre,ADFR,AVHL,0.790686
pre,ADFR,RIAR,0.44440934374999996
pre,ADFR,URXR,0.564039
post,ADFR,ASHR,0.2846414
post,ADFR,AVHL,0.867423
post,ADFR,AIMR,0.696979
post,ADFR,AWBR,0.5116473571428571
post,ADFR,AWAR,0.33508238461538464
gap,ADFR,ADAR,0.360906
gap,ADFR,ASGL,0.208179
gap,ADFR,AIAR,0.114301
gap,ADFR,ADFL,0.967559
pre,OLQVR,SMBVR,0.867893
pre,OLQVR,RIH,0.982698
pre,OLQVR,RMDVL,0.8206306538461539
pre,OLQVR,RICR,0.76234
pre,OLQVR,SIBDR,0.8206306538461539
pre,OLQVR,RICL,0.710266
pre,OLQVR,ADLR,0.657889
post,OLQVR,RIPR,0.228512
post,OLQVR,RIH,0.18862911764705884
post,OLQVR,CEPVR,0.7403585
post,OLQVR,AVL,0.454628
post,OLQVR,IL2VR,0.90499825
gap,OLQVR,DVA,0.695133
gap,OLQVR,RIBR,0.607957
gap,OLQVR,RIH,0.278519
gap,OLQVR,URBR,0.7173017777777777
gap,OLQVR,RIGR,0.5664
gap,OLQVR,CEPVR,0.7788958823529413
gap,OLQVR,RMDDR,0.888096
gap,OLQVR,IL2VR,0.842895
pre,PVPL,PVCL,0.4102
pre,PVPL,RIS,0.298384
pre,PVPL,AVJR,0.7124619999999999
pre,PVPL,RIML,0.533333
pre,PVPL,AVBR,0.5878538666666666
pre,PVPL,AVDR,0.5877867499999999
pre,PVPL,RIGL,0.2449656
pre,PVPL,ASHL,0.894843
pre,PVPL,ADAL,0.427258
pre,PVPL,AVAR,0.3626585
pre,PVPL,AVAL,0.8433509999999999
pre,PVPL,AIZR,0.987056
pre,PVPL,ADLL,0.605938
pre,PVPL,AVBL,0.7053021818181818
pre,PVPL,PVCR,0.7124619999999999
pre,PVPL,AVHR,0.375978
post,PVPL,AVM,0.344161
post,PVPL,DVA,0.42418
post,PVPL,AVJR,0.265554
post,PVPL,ADLL,0.609389
post,PVPL,AQR,0.66331
post,PVPL,AVHR,0.5534526666666667
gap,PVPL,AQR,0.7395592093023254
gap,PVPL,PVPR,0.9723710000000001
gap,PVPL,AVKL,0.16820099999999996
gap,PVPL,AVKR,0.27563883333333333
gap,PVPL,RIGL,0.121941
pre,PVCL,SIBVL,0.356686
pre,PVCL,AVJR,0.639741
pre,PVCL,AVDL,0.0449331
pre,PVCL,AVDR,0.646414
pre,PVCL,AVER,0.35930333333333336
pre,PVCL,AVBR,0.46403971428571433
pre,PVCL,SIAVL,0.356686
pre,PVCL,SIBVR,0.646414
pre,PVCL,AVEL,0.202277
pre,PVCL,SIAVR,0.202277
pre,PVCL,AVBL,0.5316393555555555
pre,PVCL,PVCR,0.868813
post,PVCL,AVJL,0.0400176
post,PVCL,AVJR,0.471611
post,PVCL,RIML,0.411648
post,PVCL,AVM,0.38649014285714284
post,PVCL,ASHL,0.56258025
post,PVCL,AQR,0.5866534
post,PVCL,ALML,0.675574
post,PVCL,RIFR,0.0107989
post,PVCL,PVPL,0.415023
gap,PVCL,RIFR,0.992547
gap,PVCL,PVCR,0.279024
pre,RID,AVM,0.873787
pre,RID,DVA,0.873787
pre,RID,PVR,0.873787
post,RID,DVA,0.867688
post,RID,g,0.721829
post,RID,ADLL,0.0884848
post,RID,PVCR,0.51954025
gap,RID,AVBL,0.315281
gap,RID,AVBR,0.985063
pre,URAVR,RIPR,0.8165398124999999
pre,URAVR,RMEV,0.8404819999999998
pre,URAVR,IL2R,0.931395
pre,URAVR,RMDVL,0.901686
pre,URAVR,RMER,0.917449
pre,URAVR,pBWM8,0.763867
pre,URAVR,IL1VR,0.8165398124999999
pre,URAVR,[pBWM6],0.9048386
pre,URAVR,RMEL,0.845262
pre,URAVR,pBWM2,0.8423909411764706
post,URAVR,IL2R,0.9827767999999999
post,URAVR,CEPVR,0.6395986666666666
post,URAVR,IL2VR,0.7616567777777777
post,URAVR,IL1VR,0.838956
gap,URAVR,CEPshVR,0.0531565
gap,URAVR,CEPVR,0.108344
pre,AWBR,RIR,0.647501
pre,AWBR,SMBVR,0.33200216666666665
pre,AWBR,AIAR,0.689372
pre,AWBR,SMBDR,0.272595
pre,AWBR,AIYR,0.7460315
pre,AWBR,AIZR,0.7704243333333333
pre,AWBR,ADFR,0.5094297142857143
pre,AWBR,ASER,0.751021
post,AWBR,ASHR,0.888782
post,AWBR,ADLR,0.5138834999999999
post,AWBR,AVHL,0.5703013333333333
post,AWBR,AIZR,0.306779
post,AWBR,ADFR,0.617362
post,AWBR,AWAR,0.8073576666666668
post,AWBR,AVHR,0.968786
gap,AWBR,RMGR,0.675248
gap,AWBR,AIZR,0.584508
gap,AWBR,RICL,0.397481
gap,AWBR,AWBL,0.9806221428571428
gap,AWBR,AUAR,0.0
pre,ASKR,AIBR,0.60498275
pre,ASKR,AWCR,0.952118
pre,ASKR,ASHR,0.45298925
pre,ASKR,ADLR,0.797654
pre,ASKR,AIMR,0.5249732857142857
pre,ASKR,AIAL,0.971319
pre,ASKR,AIAR,0.6613229999999999
pre,ASKR,ASER,0.82779
pre,ASKR,ASJR,0.519304
post,ASKR,AWCR,0.995274
post,ASKR,ASIR,0.135655
post,ASKR,PVQR,0.6543331111111111
post,ASKR,ADLR,0.662735
post,ASKR,AIAR,0.625161
post,ASKR,AIMR,0.5071836666666667
post,ASKR,ASJR,0.4026746666666667
post,ASKR,ASHR,0.491058
gap,ASKR,PVQR,0.6439345
gap,ASKR,RMGR,0.39704025
gap,ASKR,ASKL,0.9852815
gap,ASKR,AVHR,0.780981
pre,RMFR,pBWM5,0.6819765
pre,RMFR,AIBR,0.887771
pre,RMFR,AVKL,0.677735
pre,RMFR,RMHR,0.73745
pre,RMFR,pBWM9,0.73745
pre,RMFR,AVKR,0.6760418333333332
pre,RMFR,RMDL,0.7187543333333335
pre,RMFR,IL1L,0.73745
post,RMFR,RMDR,0.768517
post,RMFR,RIML,0.316029
post,RMFR,RMDVL,0.6898201666666667
post,RMFR,RMGL,0.640228
post,RMFR,RIS,0.673327
post,RMFR,IL1L,0.736037
post,RMFR,SAAVL,0.27701024999999996
post,RMFR,RIMR,0.276656
post,RMFR,RIGR,0.55087
post,RMFR,DVC,0.481346
post,RMFR,PVT,0.7245220000000001
post,RMFR,CEPVL,0.782496
post,RMFR,AIZL,0.931096
gap,RMFR,RMGL,0.6754566666666667
gap,RMFR,RMDR,0.644332
pre,SDQR,DVA,0.28736612500000003
pre,SDQR,AIBL,0.294204
pre,SDQR,RIML,0.320838
pre,SDQR,AVBR,0.320838
pre,SDQR,RIAR,0.294204
pre,SDQR,[SDQL],0.294204
pre,SDQR,obj491201,0.266405
pre,SDQR,AVAL,0.38198057142857145
pre,SDQR,obj478859,0.266405
pre,SDQR,AVBL,0.3192976764705882
pre,SDQR,obj478864,0.253252
post,SDQR,ADER,0.707417
post,SDQR,RIVL,0.371766
post,SDQR,RIAR,0.290456
post,SDQR,RIVR,0.310321
gap,SDQR,RIVL,0.3110500909090909
gap,SDQR,[SDQL],0.222191
gap,SDQR,RIVR,0.28498776470588233
gap,SDQR,AVBL,0.422327
pre,RMHL,RMFL,0.8890632857142856
pre,RMHL,RMDR,0.8768005
pre,RMHL,[pBWM6],0.8667349090909091
pre,RMHL,RIGR,0.892564
pre,RMHL,AVKL,0.892564
pre,RMHL,pBWM,0.9388097272727273
pre,RMHL,RMDL,0.876298
post,RMHL,IL1R,0.929844
post,RMHL,RMDL,0.9472461428571428
post,RMHL,RMFL,0.8888075714285714
post,RMHL,ADER,0.8962148000000001
post,RMHL,CEPDR,0.8893331428571428
post,RMHL,URBR,0.9475376666666667
post,RMHL,RIGR,0.8865824
post,RMHL,CEPVR,0.983794
post,RMHL,CEPVL,0.500602
post,RMHL,[URBR],0.9221299999999999
gap,RMHL,ADER,0.900092
gap,RMHL,IL1R,0.937556
gap,RMHL,RMGL,0.6501963999999999
gap,RMHL,RMDL,0.8541986666666667
post,AVBL,PVCL,0.4380003333333333
post,AVBL,AVJR,0.1944668
post,AVBL,ASHR,0.446083
post,AVBL,AVM,0.780162
post,AVBL,AVFL,0.253003
post,AVBL,PVPR,0.54945
post,AVBL,SIBVL,0.720641
post,AVBL,ASHL,0.3733565555555556
post,AVBL,FLPR,0.8788808695652174
post,AVBL,SDQR,0.7075865294117646
post,AVBL,AIBL,0.6685244705882353
post,AVBL,ALML,0.311678
post,AVBL,ADAL,0.29698800000000003
post,AVBL,RIFR,0.810521
post,AVBL,AVFR,0.302819
post,AVBL,AVJL,0.9214523333333333
post,AVBL,RIML,0.16116325
post,AVBL,FLPL,0.9181477567567566
post,AVBL,ADAR,0.7441976666666666
post,AVBL,RIMR,0.644589052631579
post,AVBL,URYVR,0.620811
post,AVBL,PVR,0.39162136363636363
post,AVBL,RIFL,0.2008734342857143
post,AVBL,AQR,0.5662085000000001
post,AVBL,PVQL,0.244245
post,AVBL,PVCR,0.6750793913043478
post,AVBL,PVPL,0.3035101818181818
gap,AVBL,DVA,0.7388949333333333
gap,AVBL,RIBR,0.55352
gap,AVBL,RIBL,0.0664087
gap,AVBL,AVBR,0.5110112142857143
gap,AVBL,RID,0.477773
gap,AVBL,SDQR,0.671548
gap,AVBL,SIBVR,0.622274
pre,ASGR,AIBR,0.74286805
pre,ASGR,AIAR,0.6260932352941176
pre,ASGR,AIMR,0.8435477499999999
post,ASGR,ASIR,0.7820197999999999
post,ASGR,AIAR,0.868244
post,ASGR,AIMR,0.7278832
gap,ASGR,AINR,0.35603825
gap,ASGR,AIZR,0.1028899
pre,RIML,PVCL,0.144157
pre,RIML,RIBL,0.5299612
pre,RIML,AVBR,0.4069786153846154
pre,RIML,pBWM6,0.88418675
pre,RIML,ADAL,0.18300255555555556
pre,RIML,SAADR,0.6194875
pre,RIML,RMFR,0.9608609999999999
pre,RIML,SAAVR,0.31304619999999994
pre,RIML,AVBL,0.17329116666666666
pre,RIML,SMDDL,0.47264612500000003
pre,RIML,SAADL,0.727579
pre,RIML,AIBR,0.5309858947368421
pre,RIML,SMDDR,0.9608609999999999
pre,RIML,RMDR,0.7995566538461538
pre,RIML,RIGL,0.5319785
pre,RIML,SMDVR,0.7193974999999999
pre,RIML,RMDL,0.7623352857142857
pre,RIML,AVEL,0.671821
pre,RIML,SAAVL,0.9084541666666666
pre,RIML,SMDVL,0.6390279999999999
post,RIML,AINR,0.5558
post,RIML,RIS,0.9137956
post,RIML,AIBL,0.994527
post,RIML,AIZL,0.4116737837837838
post,RIML,ASHL,0.1809218888888889
post,RIML,ADAL,0.20096970833333336
post,RIML,SAADR,0.6103906
post,RIML,BDUL,0.0926233
post,RIML,SDQR,0.235113
post,RIML,SAAVR,0.4081631499999999
post,RIML,SAADL,0.7072268
post,RIML,SMDDL,0.753432
post,RIML,AIBR,0.415711298245614
post,RIML,RICL,0.754035
post,RIML,RMDL,0.750348
post,RIML,SAAVL,0.83373
post,RIML,RIMR,0.673851
post,RIML,RIFL,0.17226015555555557
post,RIML,AVKL,0.795496125
post,RIML,AVKR,0.7464662000000001
post,RIML,AVHR,0.101144
post,RIML,PVPL,0.252826
gap,RIML,AIBR,0.282758
gap,RIML,RIS,0.3818224
gap,RIML,AIBL,0.986871
gap,RIML,AIZL,0.41925066666666666
gap,RIML,AVAL,0.776937
gap,RIML,AVEL,0.6718534444444445
gap,RIML,AVKL,0.747861
gap,RIML,AVAR,0.4075741904761905
gap,RIML,AIYL,0.0677742
gap,RIML,AVER,0.23020520000000003
pre,ASGL,AIML,0.856246
pre,ASGL,AIBL,0.9223848749999999
pre,ASGL,AIAL,0.7395111363636364
post,ASGL,AIML,0.6619503333333333
post,ASGL,ASIL,0.8486940000000001
gap,ASGL,AINL,0.3799696
gap,ASGL,AIZL,0.123177
gap,ASGL,ADFR,0.381717
gap,ASGL,AIAL,0.381717
pre,RICL,SMDDR,0.89084775
pre,RICL,AIBL,0.949168
pre,RICL,RIML,0.669499
pre,RICL,RICR,0.776184
pre,RICL,SIBVR,0.894409
pre,RICL,SMBDL,0.468102
pre,RICL,AVAL,0.8135471176470589
pre,RICL,ADAL,0.577831
pre,RICL,ADAR,0.878489
pre,RICL,SAAVL,0.878489
pre,RICL,RIMR,0.8128304444444444
pre,RICL,SMDVL,0.6819535000000001
pre,RICL,AVAR,0.47642046666666665
pre,RICL,AVKR,0.496824
pre,RICL,SMDDL,0.4755224285714285
pre,RICL,SMDVR,0.6759266666666667
post,RICL,[URBR],0.720552
post,RICL,OLQVL,0.474348
post,RICL,AIBL,0.9354243
post,RICL,RIAR,0.992505
post,RICL,CEPDL,0.5841013636363636
post,RICL,ADAL,0.502057
post,RICL,URXL,0.5120364000000001
post,RICL,CEPDR,0.6931546000000001
post,RICL,PVR,0.854076
post,RICL,[OLQDR],0.674499
post,RICL,CEPVR,0.8626441818181818
post,RICL,CEPVL,0.4506277777777778
post,RICL,URXR,0.773071
post,RICL,URBL,0.57832
post,RICL,OLQVR,0.815698
post,RICL,AVHR,0.312944
gap,RICL,RIS,0.500232
gap,RICL,AVKL,0.505831
gap,RICL,ASHL,0.057795000000000006
gap,RICL,AVKR,0.491339
gap,RICL,AWBR,0.975235
gap,RICL,AVAL,0.911129
pre,URAVL,pBWM5,0.981921
pre,URAVL,RIH,1.0
pre,URAVL,RMER,0.8068500000000001
pre,URAVL,RIPL,0.8436589444444444
pre,URAVL,pBWM,0.835657
pre,URAVL,OLQVL,1.0
post,URAVL,RIH,1.0
post,URAVL,IL1VL,0.8888
post,URAVL,CEPVL,0.595281
post,URAVL,IL2VL,0.717800375
gap,URAVL,CEPVL,0.032411666666666665
gap,URAVL,IL2VL,0.0396299
pre,AWBL,AIAL,0.739632
pre,AWBL,SMBVL,0.41363800000000006
pre,AWBL,RIBL,0.412614
pre,AWBL,AIZL,0.783783
pre,AWBL,ADFL,0.5513942272727271
pre,AWBL,AIYL,0.412614
pre,AWBL,RIAL,0.412614
pre,AWBL,AVHR,0.67932
post,AWBL,AWAL,0.27215055555555556
post,AWBL,AIYL,0.247503
gap,AWBL,AUAL,0.499986
gap,AWBL,RMGL,0.738992
gap,AWBL,AIZL,0.745625
gap,AWBL,ADAL,0.729564
gap,AWBL,AIAL,0.7495554285714287
gap,AWBL,AWBR,0.9834019999999999
pre,AVEL,AIBR,0.300165
pre,AVEL,RIBL,0.300165
pre,AVEL,RIGL,0.308711
post,AVEL,PVCL,0.883476
post,AVEL,RIS,0.49838807692307685
post,AVEL,AIBL,0.7713436923076924
post,AVEL,RIBL,0.3108705
post,AVEL,AUAL,0.328286
post,AVEL,AIZR,0.6301504545454545
post,AVEL,URYDR,0.396013
post,AVEL,OLLR,0.47919612962962965
post,AVEL,FLPR,0.8701726000000001
post,AVEL,DVA,0.39438336363636367
post,AVEL,ALA,0.120867375
post,AVEL,CEPVR,0.5119610555555556
post,AVEL,DVC,0.630151
post,AVEL,RIBR,0.52721625
post,AVEL,BAGR,0.32208925
post,AVEL,URYVR,0.5093779166666667
post,AVEL,AIBR,0.328291
post,AVEL,AIML,0.151776
post,AVEL,RIML,0.328835
post,AVEL,RIGL,0.308158
post,AVEL,FLPL,0.9199595714285713
post,AVEL,ADAR,0.7278245999999999
post,AVEL,URXL,0.2009485
post,AVEL,BDUL,0.180763
post,AVEL,AVKL,0.6666594
post,AVEL,ADEL,0.181277
post,AVEL,RMGL,0.26528
post,AVEL,RIMR,0.69195
post,AVEL,ASHL,0.22429549999999998
post,AVEL,PVCR,0.8527823333333333
post,AVEL,CEPDR,0.399541
gap,AVEL,RMDDR,0.4901343333333334
gap,AVEL,RIVL,0.609481
gap,AVEL,RMDVL,0.258952
gap,AVEL,RMEV,0.545891
gap,AVEL,AVAL,0.071307
gap,AVEL,RMDL,0.472152
gap,AVEL,BAGR,0.327701
gap,AVEL,RIMR,0.7388937777777778
gap,AVEL,FLPL,0.913229
gap,AVEL,RMEL,0.251299
gap,AVEL,URYVR,0.625703
gap,AVEL,RIML,0.3387495555555555
pre,SMBVL,PLNL,0.74161475
pre,SMBVL,g,0.854129
pre,SMBVL,AIZL,0.295212
pre,SMBVL,RMEV,0.7978185333333332
pre,SMBVL,SIAVL,0.7251448
pre,SMBVL,hyp,0.960382
pre,SMBVL,SMBVL,0.295212
pre,SMBVL,DVA,0.372289
pre,SMBVL,contin18,0.991998
pre,SMBVL,SAADL,0.7834897368421052
pre,SMBVL,pBWM,0.58102340625
pre,SMBVL,RIAL,0.295212
post,SMBVL,ADFL,0.30721200000000004
post,SMBVL,AIZL,0.269472606060606
post,SMBVL,AWBL,0.30791175
post,SMBVL,SMBVL,0.295212
post,SMBVL,RMDVR,0.632152
post,SMBVL,SAADL,0.697676
post,SMBVL,PLNL,0.7868064285714286
post,SMBVL,URBL,0.5248325
post,SMBVL,AVHR,0.381274
gap,SMBVL,AVKL,0.0413931
gap,SMBVL,SAAVR,0.880256
gap,SMBVL,SAADL,0.561576
gap,SMBVL,RIAL,0.228209
gap,SMBVL,obj466206,0.143904
pre,RMDVR,contin0,0.631143
pre,RMDVR,RMED,0.722658
pre,RMDVR,RMDVL,0.7251070000000001
pre,RMDVR,RMDDL,0.6457179622641509
pre,RMDVR,pBWM8,0.7251070000000001
pre,RMDVR,OLLR,0.432605
pre,RMDVR,pBWM7,0.6136563333333334
pre,RMDVR,SMBVL,0.805943
pre,RMDVR,RMDVR,0.727071
pre,RMDVR,CEPDR,0.432605
pre,RMDVR,IL1VL,0.696707
pre,RMDVR,pBWM,0.6502601090909091
post,RMDVR,RMEV,0.343231
post,RMDVR,IL2R,0.349211
post,RMDVR,RMDVR,0.727071
post,RMDVR,RMDDL,0.39548397916666667
post,RMDVR,RMED,0.7231974
post,RMDVR,IL1R,0.3145966
post,RMDVR,IL1DR,0.4173055416666667
post,RMDVR,OLLR,0.35196111111111117
post,RMDVR,RMDL,0.313139
post,RMDVR,URYVL,0.7133312051282051
post,RMDVR,CEPDR,0.3996484
post,RMDVR,RIAR,0.36611281578947374
post,RMDVR,URYDR,0.43672225
post,RMDVR,RMGR,0.2645906875
post,RMDVR,RIVR,0.8278428333333333
post,RMDVR,IL1L,0.60449
post,RMDVR,RIAL,0.5679106567164178
post,RMDVR,OLQVL,0.7006549999999999
gap,RMDVR,RMDR,0.6454897333333333
gap,RMDVR,RMDVL,0.704745076923077
gap,RMDVR,SIAVL,0.853181
gap,RMDVR,OLLR,0.409002
gap,RMDVR,RMDDR,0.542964
gap,RMDVR,SMDVR,0.972105
gap,RMDVR,RIAL,0.781325
gap,RMDVR,SAAVR,0.9715158
gap,RMDVR,obj,0.542964
gap,RMDVR,[OLQDR],0.425863
pre,URBR,SMBDL,0.857497
pre,URBR,CEPDR,0.865655
pre,URBR,RMHL,0.8843262727272727
pre,URBR,AVER,0.759081
pre,URBR,IL1R,0.7687872
pre,URBR,RICL,0.921225
pre,URBR,URXR,0.8218661333333334
gap,URBR,IL2R,0.4031355
gap,URBR,[OLQDR],0.9762147999999999
gap,URBR,OLQVR,0.8294653333333334
pre,PVPR,AVJL,0.665203
pre,PVPR,SMBVR,0.665203
pre,PVPR,ASHR,0.9677890000000001
pre,PVPR,AVBR,0.6835205384615386
pre,PVPR,AVHL,0.881936
pre,PVPR,AVAL,0.29487500000000005
pre,PVPR,ADAR,0.356293
pre,PVPR,AVAR,0.8102535
pre,PVPR,ADEL,0.202748
pre,PVPR,AQR,0.5063687142857143
pre,PVPR,AVBL,0.81091125
pre,PVPR,RIFR,0.538722
pre,PVPR,PVCR,0.83984825
pre,PVPR,AVHR,0.9677890000000001
post,PVPR,RIFR,0.5505909444444445
post,PVPR,AVHL,0.338174
post,PVPR,AQR,0.980251
post,PVPR,AVHR,0.973916
gap,PVPR,AQR,0.6581467241379311
gap,PVPR,AVKL,0.0620126
gap,PVPR,AVKR,0.0816489
gap,PVPR,PVPL,0.9793579999999998
pre,PVQL,AIML,0.352388
pre,PVQL,AVFL,0.5488350000000001
pre,PVQL,ASEL,0.8954865
pre,PVQL,ASJL,0.6179614285714286
pre,PVQL,AIAL,0.6791814210526317
pre,PVQL,AVAL,0.761691
pre,PVQL,AWAL,0.904203
pre,PVQL,ASKL,0.6630692857142858
pre,PVQL,AVBL,0.615689
pre,PVQL,AVHR,0.5863802857142858
post,PVQL,AVFL,0.642665
post,PVQL,ASJL,0.65743752
post,PVQL,AVHR,0.0266149
gap,PVQL,ASKL,0.6838960357142856
gap,PVQL,ALA,0.9009075
gap,PVQL,ADAL,0.274568
pre,ASJR,ASKR,0.41392333333333337
pre,ASJR,PVQR,0.5980116206896552
pre,ASJR,AIAR,0.94041
pre,ASJR,AVER,0.641254
post,ASJR,ASKR,0.526989
post,ASJR,PVQR,0.35468
post,ASJR,AIMR,0.669327125
gap,ASJR,AIAR,0.159925
gap,ASJR,ASJL,0.960126
gap,ASJR,ALA,0.800788
pre,AVHR,AVM,0.684858
pre,AVHR,RIR,0.442825
pre,AVHR,DVA,0.572675
pre,AVHR,AVJR,0.8258866666666668
pre,AVHR,RIML,0.769612
pre,AVHR,ADFL,0.462641
pre,AVHR,RICL,0.572675
pre,AVHR,AWBR,0.249948
pre,AVHR,URXL,0.442825
pre,AVHR,SMBVL,0.500042
pre,AVHR,PVPR,0.249948
pre,AVHR,PVQL,0.980869
pre,AVHR,AVFR,0.642537
pre,AVHR,PVPL,0.5757543333333334
post,AVHR,URXL,0.483756
post,AVHR,AQR,0.486919
post,AVHR,RIFL,0.678011
post,AVHR,AVFL,0.566845
post,AVHR,PVPR,0.236619
post,AVHR,PVQL,0.5775852857142858
post,AVHR,AWBL,0.442311
post,AVHR,PVPL,0.7150880000000001
gap,AVHR,ASKR,0.13961
gap,AVHR,ASHL,0.520402
pre,RMDDR,pBWM5,0.839881
pre,RMDDR,pBWM,0.8085024848484849
pre,RMDDR,RMDVL,0.8060798863636364
pre,RMDDR,[pBWM],0.8368717499999999
pre,RMDDR,RMEV,0.839839
pre,RMDDR,pBWM4,0.797616
pre,RMDDR,IL1DL,0.797616
post,RMDDR,RMDR,0.858953
post,RMDDR,RIVL,0.288485
post,RMDDR,RMDVL,0.5040668644067796
post,RMDDR,RIAR,0.511721847457627
post,RMDDR,IL1R,0.5521816666666667
post,RMDDR,OLLR,0.46979161538461534
post,RMDDR,IL1VR,0.4834994736842106
post,RMDDR,OLQDL,0.802932
post,RMDDR,CEPVR,0.5236083333333332
post,RMDDR,URYDL,0.829544
post,RMDDR,RIAL,0.7225449736842106
post,RMDDR,URYVR,0.5034602307692307
gap,RMDDR,SMDDR,0.95917
gap,RMDDR,RMDR,0.8489275714285716
gap,RMDDR,RMDVL,0.446721
gap,RMDDR,RMDDL,0.8508103333333332
gap,RMDDR,RMDVR,0.8831669999999999
gap,RMDDR,AVEL,0.5246416666666667
gap,RMDDR,OLQDL,0.840708
gap,RMDDR,URYDL,0.810194
gap,RMDDR,OLQVR,0.4536049999999999
post,AVDL,AVM,0.809344
post,AVDL,PVCL,0.966744
post,AVDL,DVA,0.376146
post,AVDL,RIBR,0.3685815
post,AVDL,ASHR,0.5145128
post,AVDL,ADLR,0.4909074444444445
post,AVDL,AVHL,0.767492
post,AVDL,AUAR,0.36217499999999997
post,AVDL,FLPR,0.8859327142857143
post,AVDL,ADEL,0.1175297
post,AVDL,FLPL,0.58576225
post,AVDL,ADLL,0.154197
post,AVDL,ALML,0.09282535
post,AVDL,RIFR,0.992589
post,AVDL,PVCR,0.5236685999999999
gap,AVDL,ADAR,0.7169456000000001
gap,AVDL,AVM,0.8351208823529412
gap,AVDL,ALML,0.09899653333333332
gap,AVDL,FLPL,0.543442
gap,AVDL,ADAL,0.256575
pre,IL1DR,pBWM3,0.8708410555555557
pre,IL1DR,IL2DR,0.860359
pre,IL1DR,RIPR,0.8653285882352941
pre,IL1DR,RMDVR,0.8321681249999999
pre,IL1DR,PVR,0.600054
pre,IL1DR,pBWM6,0.79772375
pre,IL1DR,pBWM9,0.7928995
pre,IL1DR,RMDDL,0.8707073571428571
post,IL1DR,IL2DR,0.9022034999999999
post,IL1DR,CEPDR,0.6391093999999999
post,IL1DR,PVR,0.607399
post,IL1DR,RMDDL,0.818504
post,IL1DR,URYDR,0.0389487
post,IL1DR,URADR,0.822998
gap,IL1DR,IL1R,0.8537758181818181
gap,IL1DR,RMEV,0.982335
gap,IL1DR,IL1DL,1.0
pre,AFDR,AIYR,0.5440337894736842
post,AFDR,AINL,0.7876655
post,AFDR,BAGL,0.438425
post,AFDR,ASEL,0.878267
post,AFDR,AIYR,0.729689
post,AFDR,AWAR,0.33251925
post,AFDR,ASER,0.3388298
gap,AFDR,AIBR,0.154417
gap,AFDR,AFDL,0.982123
post,AVDR,AIBR,0.336473
post,AVDR,PVCL,0.548057
post,AVDR,DVA,0.6588
post,AVDR,AVJR,0.116401
post,AVDR,ASHR,0.213456
post,AVDR,ADLR,0.124264
post,AVDR,AVBR,0.980252
post,AVDR,RICR,0.3910013333333333
post,AVDR,ASHL,0.5953538
post,AVDR,FLPR,0.25585118749999997
post,AVDR,ADER,0.028874799999999996
post,AVDR,AQR,0.6004891111111111
post,AVDR,FLPL,0.6998884999999999
post,AVDR,ADLL,0.584326
post,AVDR,AIMR,0.1696975
post,AVDR,ALMR,0.0600513
post,AVDR,PVPL,0.58576475
gap,AVDR,ADAR,0.238993
gap,AVDR,ALMR,0.04986179999999999
gap,AVDR,FLPL,0.707256
gap,AVDR,ADAL,0.7362248666666666
pre,SMDVR,pBWM7,0.5627924444444443
pre,SMDVR,CEPVL,0.5071543333333334
pre,SMDVR,RIAR,0.4589790000000001
pre,SMDVR,vBWML,0.936017
pre,SMDVR,SIAVL,0.471062
pre,SMDVR,PLNL,0.936017
pre,SMDVR,SMDDL,0.561128923076923
pre,SMDVR,RIAL,0.51401836
post,SMDVR,RIS,0.555078
post,SMDVR,AIBL,0.301834
post,SMDVR,RIBL,0.526507
post,SMDVR,RICR,0.345131
post,SMDVR,RIAR,0.3459339166666667
post,SMDVR,RICL,0.24180250000000003
post,SMDVR,RMEV,0.34560500000000005
post,SMDVR,RIAL,0.4723932340425532
post,SMDVR,SAADL,0.25685257142857143
post,SMDVR,URYVL,0.48377749999999997
post,SMDVR,RIMR,0.44886950000000003
post,SMDVR,OLLL,0.5251935789473684
post,SMDVR,RIVR,0.630209
post,SMDVR,CEPVL,0.49656
post,SMDVR,SMDDL,0.31398544666666667
post,SMDVR,AVKR,0.300574
post,SMDVR,RIML,0.2952425
gap,SMDVR,VB01,0.9574515
gap,SMDVR,RMDVR,0.70526
gap,SMDVR,RIBR,0.177127
gap,SMDVR,RIBL,0.5056403
gap,SMDVR,RIVR,0.6449273333333333
gap,SMDVR,RMEV,0.327448
gap,SMDVR,AVER,0.538898
gap,SMDVR,SMDVL,0.608984
pre,ADAR,AVJL,0.839404
pre,ADAR,RIPR,0.7455062499999999
pre,ADAR,AIBL,0.468206
pre,ADAR,ASHR,0.771839
pre,ADAR,AVBR,0.7570257142857143
pre,ADAR,obj491201,0.460513
pre,ADAR,ADAR,0.418095
pre,ADAR,AVEL,0.468206
pre,ADAR,ADER,0.208491
pre,ADAR,RIMR,0.4636801666666667
pre,ADAR,SMDVL,0.208491
pre,ADAR,AVAR,0.915498
pre,ADAR,AVBL,0.44637366666666667
pre,ADAR,RIFR,0.460513
post,ADAR,AIBL,0.48632500000000006
post,ADAR,ASHR,0.6719692
post,ADAR,RICL,0.647619
post,ADAR,FLPL,0.396395
post,ADAR,FLPR,0.0494611
post,ADAR,ADAR,0.418095
post,ADAR,ADER,0.21690783333333333
post,ADAR,PVR,0.9148970000000001
post,ADAR,PVPR,0.336165
post,ADAR,AIAR,0.713458
gap,ADAR,ASHR,0.6454088823529411
gap,ADAR,AVDL,0.4223939
gap,ADAR,AVDR,0.93105
gap,ADAR,ADFR,0.480816
pre,SAAVL,SMDDR,0.59957375
pre,SAAVL,RMFR,0.6115579999999999
pre,SAAVL,RIMR,0.5891063750000001
pre,SAAVL,RIML,0.45233511111111113
pre,SAAVL,AVAL,0.5227642666666666
post,SAAVL,SMDDR,0.1302863333333333
post,SAAVL,AQR,0.22095
post,SAAVL,ALNL,0.22461141666666665
post,SAAVL,SMBDR,0.10657300000000001
post,SAAVL,PLNR,0.845224
post,SAAVL,RIMR,0.614014
post,SAAVL,RICL,0.615273
post,SAAVL,RIML,0.5268121666666666
gap,SAAVL,SMBVR,0.819914
gap,SAAVL,RMDVL,0.701948
pre,URYDR,pBWM3,0.0155459
pre,URYDR,AVEL,0.219086
pre,URYDR,RMDVR,0.10891955
pre,URYDR,RMDDL,0.07523384166666668
pre,URYDR,SMDDL,0.2262518888888889
pre,URYDR,IL1DR,0.0653428
post,URYDR,CEPDR,0.592489
post,URYDR,SMBDR,0.453107
gap,URYDR,AVAR,0.508847
gap,URYDR,RIGR,0.4006175
pre,ALNR,RIVL,0.957918
pre,ALNR,SMDVL,0.957918
pre,ALNR,SMDDL,0.314812
pre,ALNR,SMBDL,0.195433
pre,ALNR,SAAVR,0.5965720000000001
post,ALNR,ADER,0.258434
post,ALNR,AIBL,1.0
post,ALNR,SMDDL,0.971838
pre,AVL,SMDDR,0.6370825
pre,AVL,OLQVL,0.35855
pre,AVL,RIML,0.5455265555555555
pre,AVL,RMER,0.293481
pre,AVL,AVAL,0.5901785333333334
pre,AVL,pBWM5,0.350866
pre,AVL,RMFR,0.6435044999999999
pre,AVL,RIMR,0.63005925
pre,AVL,URYVR,0.563203
pre,AVL,RIPL,0.3067792777777778
pre,AVL,pBWM,0.303888347826087
pre,AVL,OLQVR,0.563203
pre,AVL,RIH,0.35855
post,AVL,PVCL,0.805428
post,AVL,ALNL,0.26558091666666667
post,AVL,SMBDR,0.21916533333333332
post,AVL,AQR,0.284496
post,AVL,RIH,0.35855
post,AVL,CEPVL,0.233279
post,AVL,AVKR,0.718244
post,AVL,SMDDR,0.2304143333333333
post,AVL,RIML,0.5849791666666666
post,AVL,RICL,0.645643
post,AVL,SMDVR,0.278465
post,AVL,IL2VL,0.268579875
post,AVL,SMBVL,0.6300522
post,AVL,RIMR,0.645643
post,AVL,IL1VL,0.315948
post,AVL,PLNR,0.8033555
post,AVL,PVT,0.167681
post,AVL,RIVR,0.1870338888888889
post,AVL,RIAL,0.25623614285714286
gap,AVL,AIBR,0.173894
gap,AVL,RMDVR,0.158607
gap,AVL,SMBVR,0.7827918
gap,AVL,ADEL,0.815510125
gap,AVL,RMDVL,0.11217
gap,AVL,CEPVL,0.35347599999999996
gap,AVL,IL2VL,0.35855
pre,URBL,RMDVL,0.884008
pre,URBL,RICR,0.891654
pre,URBL,RICL,0.925539
pre,URBL,CEPDL,0.884008
pre,URBL,IL1L,0.739958
pre,URBL,ADAL,0.925539
pre,URBL,URXL,0.7850117368421052
pre,URBL,SMBVL,0.8711739999999999
pre,URBL,RMEL,0.873531
pre,URBL,OLLL,0.794578
pre,URBL,CEPVL,0.842431
post,URBL,CEPVL,0.8656906
post,URBL,CEPDL,0.956686
gap,URBL,OLQDL,0.949414
gap,URBL,IL2L,0.21994599999999997
gap,URBL,OLQVL,0.8631
